rxnIDs	rxnNames	minFlux	maxFlux	ec-minFlux	ec-maxFlux	ecP-minFlux	ecP-maxFlux
r_0001	(R)-lactate:ferricytochrome-c 2-oxidoreductase	0	3.11096	0	3.11096	0	0.129017
r_0002	(R)-lactate:ferricytochrome-c 2-oxidoreductase	0	3.11096	0	3.11096	0	0.0257592
r_0003	(R,R)-butanediol dehydrogenase	-1.1	0	-1.1	0	-1.1	0
r_0004	(S)-lactate:ferricytochrome-c 2-oxidoreductase	0	2.73021	0	2.73021	0	1.03076
r_0005	1,3-beta-glucan synthase	0	0.0650443	0	0.0650443	0	0.0648913
r_0006	1,6-beta-glucan synthase	0	0.0217325	0	0.0217325	0	0.0216813
r_0007	1-(5-phosphoribosyl)-5-[(5-phosphoribosylamino)methylideneamino)imidazole-4-carboxamide isomerase	0	0.0073539	0	0.0073539	0	0.0073366
r_0012	1-pyrroline-5-carboxylate dehydrogenase	0	2.7166	0	2.7166	0	0.0176738
r_0013	2,3-diketo-5-methylthio-1-phosphopentane degradation reaction	0	0.841901	0	0.841901	0	0.000160873
r_0014	2,5-diamino-6-ribitylamino-4(3H)-pyrimidinone 5'-phosphate deaminase	0	8.8e-05	0	8.8e-05	0	8.77929e-05
r_0015	2,5-diamino-6-ribosylamino-4(3H)-pyrimidinone 5'-phosphate reductase (NADPH)	0	8.8e-05	0	8.8e-05	0	8.77929e-05
r_0016	2-aceto-2-hydroxybutanoate synthase	0	0.880729	0	0.880729	0	0.305186
r_0017	2-amino-4-hydroxy-6-hydroxymethyldihydropteridine diphosphokinase	0	5.5792e-06	0	5.5792e-06	0	5.56606e-06
r_0018	2-aminoadipate transaminase	0	0.0289872	0	0.0289872	0	0.028919
r_0019	2-dehydropantoate 2-reductase	0	1.672e-05	0	1.672e-05	0	1.66807e-05
r_0020	2-deoxy-D-arabino-heptulosonate 7-phosphate synthetase	0	0.845275	0	0.804895	0	0.0293689
r_0021	2-hexaprenyl-6-methoxy-1,4-benzoquinone methyltransferase	0	0	0	0	0	0
r_0022	2-hexaprenyl-6-methoxyphenol monooxygenase	0	0	0	0	0	0
r_0023	2-isopropylmalate hydratase	-0.767487	0	-0.767487	0	-0.0860304	0
r_0024	2-isopropylmalate synthase	0	0.76791	0	0.76791	0	0.210868
r_0025	2-isopropylmalate synthase	0	0.733333	0	0.733333	0	0.031827
r_0026	2-keto-4-methylthiobutyrate transamination	0	0.841901	0	0.841901	0	0.000160873
r_0027	2-methylcitrate dehydratase	0	0.0289872	0	0.0289872	0	0.028919
r_0028	2-methylcitrate synthase	0	1.0635	0	0.307284	0	0.000584836
r_0029	2-oxo-4-methyl-3-carboxypentanoate decarboxylation	0	0.767487	0	0.767487	0	0.0860304
r_0030	2-oxo-4-methyl-3-carboxypentanoate decarboxylation	0	0	0	0	0	0
r_0032	3',5'-bisphosphate nucleotidase	0	2.49757	0	2.49757	0	0.073782
r_0033	3',5'-cyclic-nucleotide phosphodiesterase	0	4.91415	0	4.91415	0	4.4547
r_0034	3',5'-cyclic-nucleotide phosphodiesterase	0	0	0	0	0	0
r_0035	3',5'-cyclic-nucleotide phosphodiesterase	0	0	0	0	0	0
r_0036	3',5'-cyclic-nucleotide phosphodiesterase	0	4.91415	0	4.91415	0	4.4547
r_0037	3',5'-cyclic-nucleotide phosphodiesterase	0	0	0	0	0	0
r_0038	3,4-dihydroxy-2-butanone-4-phosphate synthase	0	0.000176	0	0.000176	0	0.000175586
r_0039	3-dehydroquinate dehydratase	0	0.845275	0	0.804895	0	0.0293689
r_0040	3-dehydroquinate synthase	0	0.845275	0	0.804895	0	0.0293689
r_0041	3-dehydrosphinganine reductase	0	0	0	0	0	0
r_0042	3-deoxy-D-arabino-heptulosonate 7-phosphate synthetase	0	0.83046	0	0.793723	0	0.0293689
r_0043	3-hexaprenyl-4,5-dihydroxybenzoate hydroxylase	0	0	0	0	0	0
r_0044	3-hexaprenyl-4-hydroxy-5-methoxybenzoate decarboxylase	0	0	0	0	0	0
r_0045	3-hydroxy-L-kynurenine hydrolase	0	0.000534266	0	0.000534266	0	0.000533006
r_0057	3-hydroxyacyl-CoA dehydrogenase (3-oxotetradecanoyl-CoA)	0	1.82212	0	0.179273	0	0.0300153
r_0058	3-hydroxyanthranilate 3,4-dioxygenase	0	0.000534266	0	0.000534266	0	0.000533006
r_0059	3-isopropylmalate 3-methyltransferase	0	0	0	0	0	0
r_0060	3-isopropylmalate dehydratase	-0.767487	0	-0.767487	0	-0.0860304	0
r_0061	3-isopropylmalate dehydrogenase	0	0.767487	0	0.767487	0	0.0860304
r_0062	3-methyl-2-oxobutanoate decarboxylase	0	1.1	0	1.1	0	0.210868
r_0063	3-methyl-2-oxobutanoate hydroxymethyltransferase	0	1.672e-05	0	1.672e-05	0	1.66807e-05
r_0064	3-methyl-2-oxopentanoate decarboxylase	0	0.880729	0	0.880729	0	0.305186
r_0065	3-phosphoshikimate 1-carboxyvinyltransferase	0	0.845275	0	0.804895	0	0.0293689
r_0066	4-amino-4-deoxychorismate synthase	0	0.711662	0	0.0840211	0	5.88491e-06
r_0067	4-aminobenzoate synthase	0	0.711662	0	0.0840211	0	5.88491e-06
r_0068	4-aminobutyrate transaminase	0	1.66423	0	1.16742	0	0.000781816
r_0069	4-hydroxy-L-threonine synthase	0	0	0	0	0	0
r_0070	4-hydroxybenzoate formation	0	0	0	0	0	0
r_0072	4-methyl-2-oxopentanoate decarboxylase	0	0.767487	0	0.767487	0	0.0860304
r_0073	4PP-IP5 depyrophosphorylation to IP6	0	0	0	0	0	0
r_0074	4PP-IP5 pyrophosphorylation to 4,5-PP2-IP4	0	0	0	0	0	0
r_0075	5'-methylthioadenosine phosphorylase	0	0.841901	0	0.841901	0	0.000160873
r_0076	5'-nucleotidase (CMP)	0	8.32524	0	8.32524	0	8.14737
r_0077	5'-nucleotidase (IMP)	0	8.32524	0	8.32524	0	0.0394081
r_0078	5'-nucleotidase (UMP)	0	8.32524	0	8.32524	0	8.14737
r_0079	5'-phosphoribosylformyl glycinamidine synthetase	0	0.561335	0	0.561335	0	0.0459804
r_0080	5,10-methylenetetrahydrofolate reductase (NADPH)	0	1.24666	0	1.15778	0	0.0273086
r_0081	5-aminolevulinate synthase	0	0.697755	0	0.523418	0	0.00117882
r_0082	5-diphosphoinositol-1,2,3,4,6-pentakisphosphate diphosphohydrolase	0	8.32524	0	0.0354649	0	0.0315784
r_0083	5-diphosphoinositol-1,2,3,4,6-pentakisphosphate synthase	0	8.32524	0	0.0354649	0	0.0315784
r_0084	5-formethyltetrahydrofolate cyclo-ligase	0	0	0	0	0	0
r_0085	5-methyltetrahydropteroyltriglutamate-homocysteine S-methyltransferase	0	0	0	0	0	0
r_0086	5-methylthio-5-deoxy-D-ribulose 1-phosphate dehydratase	0	0.841901	0	0.841901	0	0.000160873
r_0087	5-methylthioribose-1-phosphate isomerase	0	0.841901	0	0.841901	0	0.000160873
r_0088	5PP-IP5 pyrophosphorylation to 4,5-PP2-IP4	0	0	0	0	0	0
r_0089	5PP-IP5 pyrophosphorylation to 5,6-PP2-IP4	0	4.16262	0	0.0353197	0	0.0314491
r_0090	6-phosphofructo-2-kinase	0	8.32524	0	8.32524	0	0.0149401
r_0091	6-phosphogluconolactonase	0	4.39112	0	4.39112	0	2.10952
r_0092	6PP-IP5 depyrophosphorylation to IP6	0	0	0	0	0	0
r_0093	6PP-IP5 pyrophosphorylation to 5,6-PP2-IP4	0	0	0	0	0	0
r_0094	8-amino-7-oxononanoate synthase	0	0	0	0	0	0
r_0095	acetaldehyde condensation	0	1.1	0	1.1	0	1.1
r_0096	acetohydroxy acid isomeroreductase	0	1.1	0	1.1	0	0.242695
r_0097	acetolactate synthase	0	1.1	0	1.1	0	0.242695
r_0099	acetyl-CoA ACP transacylase	0	0	0	0	0	0
r_0100	acetyl-CoA C-acyltransferase (palmitoyl-CoA)	0	1.82212	0	0.171162	0	0.0265367
r_0101	acetyl-CoA C-acyltransferase (tetracosanoyl-CoA)	0	0.401897	0	0.11364	0	0.00200459
r_0102	acetyl-CoA C-acyltransferase (myristoyl-CoA)	0	1.82212	0	0.179273	0	0.0302354
r_0103	acetyl-CoA C-acetyltransferase	-0.570371	0	-0.570371	0	-0.0293689	0
r_0104	acetyl-CoA C-acetyltransferase	0	0.66	0	0.66	0	0.0789105
r_0105	acetyl-CoA C-acyltransferase (lauroyl-CoA)	0	1.82212	0	0.179273	0	0.0300153
r_0106	acetyl-CoA C-acyltransferase (octanoyl-CoA)	0	0.27123	0	0.176302	0	0.0148708
r_0107	acetyl-CoA C-acyltransferase (decanoyl-CoA)	0	0.27307	0	0.179273	0	0.0296822
r_0108	acetyl-Coa carboxylase	0	0	0	0	0	0
r_0109	acetyl-CoA carboxylase, reaction	0	1.94403	0	1.80065	0	0.207776
r_0111	acetyl-CoA hydrolase	0	4.37397	0	4.37397	0	0.133708
r_0112	acetyl-CoA synthetase	0	4.91415	0	2.81714	0	1.81108
r_0113	acetyl-CoA synthetase	0	8.19026	0	8.19026	0	0.467457
r_0114	acetyl-CoA synthetase nuclear	0	0	0	0	0	0
r_0115	acetylglutamate kinase	0	2.08584	0	1.77496	0	0.0170578
r_0116	acid phosphatase (secreted)	0	0	0	0	0	0
r_0117	aconitase	0	1.0635	0	0.307284	0	0.000584836
r_0118	acteylornithine transaminase	0	2.08584	0	1.77496	0	0.0170578
r_0119	acyl carrier protein synthase	0	2.49757	0	2.49757	0	0.086902
r_0120	acyl-CoA oxidase (decanoyl-CoA)	0	0.27123	0	0.176302	0	0.00997849
r_0121	acyl-CoA oxidase (dodecanoyl-CoA)	0	0.27307	0	0.179273	0	0.0296822
r_0122	acyl-CoA oxidase (hexacosanoyl-CoA)	0	0.401897	0	0.11364	0	0.00200459
r_0123	acyl-CoA oxidase (hexadecanoyl-CoA)	0	1.82212	0	0.179273	0	0.0302354
r_0124	acyl-CoA oxidase (octadecanoyl-CoA)	0	1.82212	0	0.171162	0	0.0265367
r_0125	acyl-CoA oxidase (tetradecanoyl-CoA)	0	1.82212	0	0.179273	0	0.0300153
r_0126	acyl-CoA:sterol acyltransferase (oleoyl-CoA:episterol), ER membrane	0	4.91415	0	0.0224559	0	0.019995
r_0127	acyl-CoA:sterol acyltransferase (oleoyl-CoA:ergosterol), ER membrane	0	4.91415	0	0.0236527	0	0.0199957
r_0128	acyl-CoA:sterol acyltransferase (oleoyl-CoA:fecosterol), ER membrane	0	4.91415	0	0.0224559	0	0.019995
r_0129	acyl-CoA:sterol acyltransferase (oleoyl-CoA:lanosterol), ER membrane	0	4.91415	0	0.0224559	0	0.019995
r_0130	acyl-CoA:sterol acyltransferase (oleoyl-CoA:zymosterol), ER membrane	0	4.91415	0	0.023616	0	0.021028
r_0131	acyl-CoA:sterol acyltransferase (palmitoleoyl-CoA:episterol), ER membrane	0	4.91415	0	0.0226125	0	0.0201345
r_0132	acyl-CoA:sterol acyltransferase (palmitoleoyl-CoA:ergosterol), ER membrane	0	4.91415	0	0.0238266	1.77636e-15	0.0201352
r_0133	acyl-CoA:sterol acyltransferase (palmitoleoyl-CoA:fecosterol), ER membrane	0	4.91415	0	0.0226125	0	0.0201345
r_0134	acyl-CoA:sterol acyltransferase (palmitoleoyl-CoA:lanosterol), ER membrane	0	4.91415	0	0.0226125	0	0.0201345
r_0135	acyl-CoA:sterol acyltransferase (palmitoleoyl-CoA:zymosterol), ER membrane	0	4.91415	0	0.0237893	0	0.0211823
r_0137	acylation of GPI inositol at 2 position, GPI-anchor assembly, step 3	0	0	0	0	0	0
r_0138	adenine deaminase	0	3.56338	0	3.56338	0	0.00821445
r_0139	adenine phosphoribosyltransferase	0	4.91415	0	4.91415	0	0.283504
r_0140	adenosine deaminase	0	3.56338	0	3.56338	0	0.00821445
r_0142	adenosine kinase	0	8.32524	0	8.32524	0	0.446985
r_0143	adenosine monophosphate deaminase	0	5.11735	0	5.11735	0	0.0762971
r_0144	adenosylhomocysteinase	0	3.12196	0	2.95733	0	0.301627
r_0145	adenosylmethionine decarboxylase	0	0.841901	0	0.841901	0	0.000160873
r_0146	adenosylmethionine-8-amino-7-oxononanoate transaminase	0	0	0	0	0	0
r_0147	adenylate cyclase	0	4.91415	0	4.91415	0	4.4547
r_0148	adenylate kinase	0	8.32524	0	8.32524	0	8.14737
r_0149	adenylate kinase	0	8.19026	0	8.19026	0	0.467462
r_0150	adenylate kinase (GTP)	0	8.19026	0	8.19026	0	0.467462
r_0151	adenylosuccinate lyase (AICAR)	0	0.561335	0	0.561335	0	0.0459804
r_0152	adenylosuccinate lyase	0	5.11735	0	5.11735	0	0.0762971
r_0153	adenylosuccinate synthase	0	5.11735	0	5.11735	0	0.0762971
r_0154	adenylyl-sulfate kinase	0	2.43269	0	2.43269	0	0.0544392
r_0155	ADP-ribose 2,3-cyclic phosphodiesterase	0	0	0	0	0	0
r_0156	alanine glyoxylate aminotransferase	0	1.73653	0	1.56617	0	0.210868
r_0157	alanyl-tRNA synthetase	0	0.0306008	0	0.0306008	0	0.0305288
r_0158	alcohol acetyltransferase (2-methylbutanol)	0	0.64532	0	0.64532	0	0.305186
r_0159	alcohol acetyltransferase (ethanol)	0	4.91415	0	1.67796	0	1.61266
r_0160	alcohol acetyltransferase (isoamyl alcohol)	0	4.91415	0	0.972912	0	0.50442
r_0161	alcohol acetyltransferase (isobutyl alcohol)	0	4.91415	0	1.01458	0	0.48233
r_0162	alcohol acetyltransferase (phenylethanol alcohol)	0	0.493215	0	0.493215	0	0.0293689
r_0163	alcohol dehydrogenase (ethanol to acetaldehyde)	0	1000	0	1000	0	1000
r_0164	alcohol dehydrogenase (glycerol, NADP)	0	0	0	0	0	0
r_0165	mitochondrial alcohol dehydrogenase	0	1000	0	43.1997	0	4.97597
r_0166	aldehyde dehydrogenase (2-methylbutanol, NAD)	0	0.846702	0	0.846702	0	0.305186
r_0167	aldehyde dehydrogenase (2-methylbutanol, NAD)	0	0.846702	0	0.846702	0	0.305186
r_0168	aldehyde dehydrogenase (2-methylbutanol, NADP)	0	0.82434	0	0.82434	0	0.305186
r_0169	aldehyde dehydrogenase (2-phenylethanol, NAD)	0	0.600565	0	0.600565	0	0.0293689
r_0170	aldehyde dehydrogenase (2-phenylethanol, NAD)	0	0.600565	0	0.600565	0	0.0293689
r_0171	aldehyde dehydrogenase (2-phenylethanol, NADP)	0	0.594732	0	0.594732	0	0.0293689
r_0172	aldehyde dehydrogenase (3-aminopropanal, NAD)	0	0.841901	0	0.841901	0	0.000160873
r_0173	aldehyde dehydrogenase (acetaldehyde, NADP)	0	2.53419	0	2.49492	0	1.3742
r_0174	aldehyde dehydrogenase (acetylaldehyde, NAD)	0	2.33483	0	2.25213	0	0.253853
r_0175	aldehyde dehydrogenase (acetylaldehyde, NADP)	0	1.46572	0	1.39117	0	0.332932
r_0176	aldehyde dehydrogenase (indole-3-acetaldehyde, NAD)	0	0	0	0	0	0
r_0177	aldehyde dehydrogenase (indole-3-acetaldehyde, NADP)	0	0	0	0	0	0
r_0178	aldehyde dehydrogenase (indole-3-acetaldehyde, NADP)	0	0	0	0	0	0
r_0179	aldehyde dehydrogenase (isoamyl alcohol, NAD)	0	0.757781	0	0.757781	0	0.0860304
r_0180	aldehyde dehydrogenase (isoamyl alcohol, NAD)	0	0.757781	0	0.757781	0	0.0860304
r_0181	aldehyde dehydrogenase (isoamyl alcohol, NADP)	0	0.733333	0	0.733333	0	0.0860304
r_0182	aldehyde dehydrogenase (isobutyl alcohol, NAD)	0	1.1	0	1.1	0	0.210868
r_0183	aldehyde dehydrogenase (isobutyl alcohol, NAD)	0	1.1	0	1.1	0	0.210868
r_0184	aldehyde dehydrogenase (isobutyl alcohol, NADP)	0	1.01538	0	1.01538	0	0.210868
r_0185	aldehyde dehydrogenase (phenylacetaldehyde, NAD)	0	0	0	0	0	0
r_0186	aldehyde dehydrogenase (tryptophol, NAD)	0	0.463018	0	0.463018	0	0.0131443
r_0187	aldehyde dehydrogenase (tryptophol, NAD)	0	0.463018	0	0.463018	0	0.0131443
r_0188	alkaline phosphatase (dihydroneopterin)	0	5.5792e-06	0	5.5792e-06	0	5.56607e-06
r_0189	allantoate amidinohydrolase	0	0	0	0	0	0
r_0190	allantoinase, reaction	0	0	0	0	0	0
r_0191	allophanate hydrolase	0	1.38754	0	1.36073	0	0.0010613
r_0192	alpha 1,2-mannosyltransferase	0	0	0	0	0	0
r_0193	alpha,alpha-trehalase	0	3.12196	0	2.43799	0	0.11615
r_0194	alpha,alpha-trehalase	0	3.12196	0	3.12196	0	0.11615
r_0195	alpha,alpha-trehalose-phosphate synthase (UDP-forming)	0	3.12196	0	3.12196	0	0.11615
r_0198	alpha-glucosidase	0	0	0	0	0	0
r_0199	amidase	0	0	0	0	0	0
r_0200	Aminoacetone:oxygen oxidoreductase(deaminating)(flavin-containing)	0	0	0	0	0	0
r_0201	Aminobutyraldehyde dehydrogenase	0	5.6558	0	5.6558	0	3.53959
r_0202	anthranilate phosphoribosyltransferase	0	1.23351	0	1.23351	0	0.0131443
r_0203	anthranilate synthase	0	0.4751	0	0.4751	0	0.0131443
r_0204	Ap4A hydrolase	0	8.32524	0	7.97163	0	7.45745
r_0205	arabinose reductase	0	0	0	0	0	0
r_0206	arginase	0	1.38754	0	1.36073	0	0.0010613
r_0207	argininosuccinate lyase	0	1.38754	0	1.36073	0	0.0181051
r_0208	argininosuccinate synthase	0	1.38754	0	1.36073	1.11022e-16	0.0181051
r_0209	arginyl-tRNA synthetase	0	0.0170981	0	0.0170981	0	0.0170578
r_0210	arginyl-tRNA synthetase	0	0	0	0	0	0
r_0211	asparagine synthase (glutamine-hydrolysing)	0	3.12196	0	3.12196	0	0.0987264
r_0212	Asparaginyl-tRNA synthetase	0	0.0168492	0	0.0168492	0	0.0168095
r_0213	asparaginyl-tRNA synthetase, miotchondrial	0	0	0	0	0	0
r_0214	aspartate carbamoyltransferase	0	0.61252	0	0.61252	0	0.0647058
r_0215	aspartate kinase	0	2.04504	0	2.04504	0	0.623706
r_0216	aspartate transaminase	-5.63448	1.06169	-5.63448	0.862247	-0.627705	0.104074
r_0217	aspartate transaminase	0	0	0	0	0	0
r_0218	aspartate transaminase	-1.07226	0.504737	-0.912439	0.168634	-0.104074	0.00399946
r_0219	aspartate-semialdehyde dehydrogenase	0	2.04504	0	2.04504	0	0.623706
r_0220	Aspartyl-tRNA synthetase	0	0.0211517	0	0.0211517	0	0.0211019
r_0221	Aspartyl-tRNA synthetase	0	0	0	0	0	0
r_0222	ATP adenylyltransferase	0	8.32524	0	7.97163	0	7.45745
r_0223	ATP adenylyltransferase	0	0	0	0	0	0
r_0224	ATP adenylyltransferase	0	0	0	0	0	0
r_0225	ATP phosphoribosyltransferase	0	0.0073539	0	0.0073539	0	0.0073366
r_0226	ATP synthase	-1.39	11.845	-1.39	11.4343	-0.79726	7.32882
r_0227	ATPase, plasma membrane	0	8.46428	0	8.46428	0	8.21024
r_0228	beta-1,4 mannosyltransferase	0	0	0	0	0	0
r_0229	biotin synthase	0	0	0	0	0	0
r_0230	biotin-[acetyl-CoA-carboxylase] ligase	0	0	0	0	0	0
r_0231	C-14 sterol reductase	0	0.105349	0	0.0939674	0	0.00323758
r_0233	C-22 sterol desaturase (NADP)	0	0.0867955	0	0.0487977	0	0.000292703
r_0234	C-3 sterol dehydrogenase	0	0.0931055	0	0.0849321	0	0.00323758
r_0235	C-3 sterol dehydrogenase (4-methylzymosterol)	0	0.0931055	0	0.0849321	0	0.00323758
r_0236	C-3 sterol keto reductase (4-methylzymosterol)	0	0.0931055	0	0.0849321	0	0.00323758
r_0237	C-3 sterol keto reductase (zymosterol)	0	0.0931055	0	0.0849321	0	0.00323758
r_0238	C-4 methyl sterol oxidase	0	0.0931055	0	0.0849321	0	0.00323758
r_0239	C-4 methyl sterol oxidase	0	0.0931055	0	0.0849321	0	0.00323758
r_0240	C-4 methyl sterol oxidase	0	0.0931055	0	0.0849321	0	0.00323758
r_0241	C-4 sterol methyl oxidase (4,4-dimethylzymosterol)	0	0.0931055	0	0.0849321	0	0.00323758
r_0242	C-5 sterol desaturase	0	0.0867955	0	0.0487977	0	0.000292703
r_0243	C-8 sterol isomerase	0	0.0902849	0	0.0495568	0	0.000355085
r_0244	C-s24 sterol reductase	0	0.0885657	0	0.0816218	0	0.00323758
r_0249	CAAX farnesyltransferase	0	0	0	0	0	0
r_0250	carbamoyl-phosphate synthase (glutamine-hydrolysing)	0	1.70782	0	1.70782	0	0.19561
r_0252	carnitine O-acetyltransferase	0	0	0	0	0	0
r_0253	carnitine O-acetyltransferase	0	1.97023	0	1.43843	0	0.104074
r_0254	carnitine O-acetyltransferase	0	1.97023	0	1.43843	0	0.104074
r_0255	catalase	0	2.38306	0	2.38306	0	0.00222575
r_0256	catalase	0	0.911058	0	0.657271	0	0.0506666
r_0259	ceramide-1 hydroxylase (24C)	0	0	0	0	0	0
r_0260	ceramide-1 hydroxylase (24C)	0	0	0	0	0	0
r_0261	ceramide-1 hydroxylase (26C)	0	0	0	0	0	0
r_0262	ceramide-1 hydroxylase (26C)	0	0	0	0	0	0
r_0263	ceramide-1 synthase (24C)	0	4.91415	0	1.42529e-06	0	2.27842e-09
r_0264	ceramide-1 synthase (26C)	0	4.91415	0	1.42529e-06	0	2.27842e-09
r_0265	ceramide-2 synthase (24C)	0	4.91415	0	1.42529e-06	0	2.27842e-09
r_0266	ceramide-2 synthase (26C)	0	4.91415	0	1.42529e-06	0	2.27842e-09
r_0267	ceramide-3 synthase (24C)	0	0	0	0	0	0
r_0268	ceramide-3 synthase (26C)	0	0	0	0	0	0
r_0269	ceramide-4 synthase (24C)	0	0	0	0	0	0
r_0270	ceramide-4 synthase (26C)	0	0	0	0	0	0
r_0271	chitin deacetylase	0	0	0	0	0	0
r_0272	chitin synthase	0	0.00207768	0	0.00207768	0	0.00207279
r_0273	choline kinase	0	3.12196	0	0.559189	0	0.00412868
r_0274	choline phosphate cytididyltransferase	0	3.12196	0	0.559189	0	0.00412868
r_0278	chorismate mutase	0	0.802696	0	0.802696	0	0.0293689
r_0279	chorismate synthase	0	0.845275	0	0.804895	0	0.0293689
r_0280	cis-aconitate(3-) to isocitrate	-1000	1000	-240.357	132.11	-2.96529	2.2903
r_0281	cis-prenyltransferase step 01	0	0	0	0	0	0
r_0282	cis-prenyltransferase step 02	0	0	0	0	0	0
r_0283	cis-prenyltransferase step 03	0	0	0	0	0	0
r_0284	cis-prenyltransferase step 04	0	0	0	0	0	0
r_0285	cis-prenyltransferase step 05	0	0	0	0	0	0
r_0286	cis-prenyltransferase step 06	0	0	0	0	0	0
r_0287	cis-prenyltransferase step 07	0	0	0	0	0	0
r_0288	cis-prenyltransferase step 08	0	0	0	0	0	0
r_0289	cis-prenyltransferase step 09	0	0	0	0	0	0
r_0290	cis-prenyltransferase step 10	0	0	0	0	0	0
r_0291	cis-prenyltransferase step 11	0	0	0	0	0	0
r_0292	cis-prenyltransferase step 12	0	0	0	0	0	0
r_0293	cis-prenyltransferase step 13	0	0	0	0	0	0
r_0294	cis-prenyltransferase step 14	0	0	0	0	0	0
r_0295	cis-prenyltransferase step 15	0	0	0	0	0	0
r_0296	cis-prenyltransferase step 16	0	0	0	0	0	0
r_0297	cis-prenyltransferase step 17	0	0	0	0	0	0
r_0298	cis-prenyltransferase step 18	0	0	0	0	0	0
r_0299	cis-prenyltransferase step 19	0	0	0	0	0	0
r_0300	citrate synthase	0	1.8599	0	1.70054	0	0.674599
r_0301	citrate synthase, peroxisomal	0	1.47072	0	1.32043	0	0.0109297
r_0302	citrate to cis-aconitate(3-)	-1000	1000	-240.357	132.11	-2.96529	2.2903
r_0303	citrate to cis-aconitate(3-), cytoplasmic	-1000	1000	-27.318	26.4678	-2.96529	0.703873
r_0304	coproporphyrinogen oxidase (O2 required)	0	0.0872194	0	0.0654273	0	0.000147353
r_0306	CTP synthase (glutamine)	0	1.72246	0	1.72246	0	0.149812
r_0307	CTP synthase (NH3)	0	2.1718	0	2.16891	0	0.149812
r_0308	cystathionine b-lyase	0	4.17237	0	4.05246	0	0.210285
r_0309	cystathionine beta-synthase	0	4.17237	0	4.05246	0	0.210285
r_0310	cystathionine g-lyase	0	1.33337	0	1.33337	0	0.0221919
r_0311	cystathionine gamma-synthase	0	1.33337	0	1.33337	0	0.0221919
r_0312	cysteine synthase	0	0	0	0	0	0
r_0313	cysteinyl-tRNA synthetase	0	0.00330524	0	0.00330524	0	0.00329746
r_0314	cytidine deaminase	0	2.1718	0	2.16891	0	0.149812
r_0315	cytidine kinase (GTP)	0	8.32524	0	8.32524	0	6.93847
r_0317	cytochrome P450 lanosterol 14-alpha-demethylase (NADP)	0	0.105349	0	0.0939674	0	0.00323758
r_0318	cytosine deaminase	0	2.1718	0	2.1606	0	0.149812
r_0319	D-arabinono-1,4-lactone oxidase	0	0	0	0	0	0
r_0320	D-arabinose 1-dehydrogenase (NAD)	0	0	0	0	0	0
r_0321	D-arabinose 1-dehydrogenase (NADP)	0	0	0	0	0	0
r_0322	D-fructose 1-phosphate D-glyceraldehyde-3-phosphate-lyase	0	0	0	0	0	0
r_0323	D-sorbitol dehydrogenase (D-fructose producing)	0	0	0	0	0	0
r_0326	dCMP deaminase	-8.32524	0.441941	-8.31402	0.441941	-7.93432	0.0286337
r_0327	dCTP deaminase	0	4.91415	0	4.91415	0	0.487136
r_0328	deoxyadenosine deaminase	0	0	0	0	0	0
r_0329	deoxycytidine deaminase	0	8.32524	0	8.31402	0	7.93432
r_0330	deoxyguanylate kinase (dGMP:ATP)	-0.0002112	8.32524	-0.0002112	8.32524	-0.000210703	1.51438
r_0331	deoxyhypusine synthase, cytosolic/mitochondrial	0	0	0	0	0	0
r_0332	deoxyribokinase	0	0	0	0	0	0
r_0334	dephospho-CoA kinase	0	1.15967	0	0.756969	0	0.0830147
r_0335	dethiobiotin synthase	0	0	0	0	0	0
r_0340	dihydroceramidase	-4.91415	0	-1.42529e-06	0	-2.27843e-09	0
r_0341	dihydroceramidase	-4.91415	0	-1.42528e-06	0	-2.2784e-09	0
r_0342	dihydroceramidase	0	1000	0	39.501	0	35.1721
r_0343	dihydroceramidase	0	1000	0	49.6661	0	44.2233
r_0344	dihydrofolate reductase	0	0.445154	0	0.445154	0	0.0647058
r_0345	dihydrofolate reductase	0	0	0	0	0	0
r_0346	dihydrofolate synthase	0	5.5792e-06	0	5.5792e-06	0	5.56607e-06
r_0347	dihydroneopterin aldolase	0	5.5792e-06	0	5.57858e-06	0	5.56607e-06
r_0348	dihydroneopterin monophosphate dephosphorylase	0	5.5792e-06	0	5.5792e-06	0	5.56607e-06
r_0349	dihydroorotase	-0.61252	0	-0.61252	0	-0.0647058	0
r_0350	dihydropteroate synthase	0	5.5792e-06	0	5.5792e-06	0	5.56607e-06
r_0351	dihydropteroate synthase	0	5.5792e-06	0	5.5792e-06	0	5.56606e-06
r_0352	dihydroxy-acid dehydratase (2,3-dihydroxy-3-methylbutanoate)	0	1.1	0	1.1	0	0.242695
r_0353	dihydroxy-acid dehydratase (2,3-dihydroxy-3-methylpentanoate)	0	0.880729	0	0.880729	0	0.305186
r_0354	dihydroxyacetone kinase	0	0	0	0	0	0
r_0355	dimethylallyltranstransferase	0	0.216393	0	0.206455	0	0.00647524
r_0356	diphosphoglyceromutase	0	0	0	0	0	0
r_0357	diphosphoinositol-1,3,4,6-tetrakisphosphate diphosphohydrolase	0	8.32524	0	0.0354649	0	0.0315784
r_0358	diphosphoinositol-1,3,4,6-tetrakisphosphate synthase	0	8.32524	0	0.0354649	0	0.0315784
r_0359	diphthine synthase	0	0	0	0	0	0
r_0360	dolichol kinase	0	0	0	0	0	0
r_0361	dolichyl-phosphate D-mannosyltransferase	0	0.0617795	0	0.0617795	0	0.0616341
r_0362	dolichyl-phosphate-mannose--protein mannosyltransferase	0	0.0617795	0	0.0617795	0	0.0616341
r_0363	dTMP kinase	0	4.91415	0	4.91415	0	0.287482
r_0364	dUTP diphosphatase	0	4.91415	0	4.91415	0	0.487136
r_0365	endopolygalacturonase	0	0	0	0	0	0
r_0366	enolase	-3.03624	2.2	-3.03624	2.2	-0.172885	2.2
r_0368	ethanolamine kinase	0	0	0	0	0	0
r_0369	ethyl acetate-hydrolyzing esterase	0	4.95408	0	0.596894	0	0.531481
r_0370	exo-1,3-beta-glucan glucohydrase	0	0	0	0	0	0
r_0373	farnesyltranstransferase	0	0	0	0	0	0
r_0399	fatty-acid--CoA ligase (decanoate)	-0.263663	4.91415	-0.11099	0.155083	-0.0026205	0.000216869
r_0400	fatty-acid--CoA ligase (dodecanoate)	-3.12196	4.91415	-0.0622955	0.154894	-0.0026205	0.000216869
r_0402	fatty-acid--CoA ligase (hexadecanoate)	-3.12196	4.91415	-0.0623521	0.112628	-0.0026205	0.000216869
r_0410	fatty-acid--CoA ligase (octanoate)	-0.27123	4.91415	-0.112055	0.155083	-0.0026205	0.000216869
r_0412	fatty-acid--CoA ligase (tetradecanoate)	-3.12196	4.91415	-0.0626443	0.155083	-0.0026205	0.000216869
r_0436	ferrochelatase	0	0.0872194	0	0.0654273	0	0.000147353
r_0437	ferrocytochrome-c:hydrogen-peroxide oxidoreductase	0	0	0	0	0	0
r_0438	ferrocytochrome-c:oxygen oxidoreductase	0	10	0	10	0.248835	10
r_0439	ubiquinol:ferricytochrome c reductase	0	5	0	5	0.0844142	4.79903
r_0440	FMN adenylyltransferase	0	8.8e-07	0	8.79941e-07	0	8.77929e-07
r_0441	FMN reductase	0	5.0707	0	5.05888	0	0.159691
r_0442	FMN reductase	0	5.03781	0	5.03781	0	0.159691
r_0443	formaldehyde dehydrogenase	0	0	0	0	0	0
r_0445	formate dehydrogenase	0	1.41215	0	1.41215	0	0.16743
r_0446	formate-tetrahydrofolate ligase	-1.71625	1.07733	-1.71625	1.00042	-0.150887	0.0165428
r_0447	formate-tetrahydrofolate ligase	0	0	0	0	0	0
r_0448	fructose-2,6-bisphosphate 2-phosphatase	0	8.32524	0	8.32524	0	0.0149401
r_0449	fructose-bisphosphatase	0	8.32524	0	8.32524	0	0.141764
r_0450	fructose-bisphosphate aldolase	-0.772591	9.42524	-0.772591	9.42524	-0.141764	1.11077
r_0451	fumarase	-0.697755	2.9	-0.523418	2.9	-0.00117882	0.68433
r_0452	fumarase, cytoplasmic	-2.2	5.11735	-2.2	5.11735	-1.66017	0.330282
r_0453	dihydoorotic acid dehydrogenase	0	0.61252	0	0.61252	0	0.0647058
r_0454	fumarate reductase	-8.8e-07	5.07069	-8.8e-07	5.05807	-8.77929e-07	0.159691
r_0455	soluble fumarate reductase	0	8.8e-07	0	8.8e-07	0	8.77929e-07
r_0457	g-glutamyltransferase	0	0	0	0	0	0
r_0458	galactokinase	0	0	0	0	0	0
r_0459	galactose-1-phosphate uridylyltransferase	0	1000	0	101.048	0	35.9995
r_0460	gamma-glutamylcysteine synthetase	0	4.16262	0	4.16262	0	0.118257
r_0461	geranylgeranyltranstransferase	0	0	0	0	0	0
r_0462	geranyltranstransferase	0	0.216393	0	0.206455	0	0.00647524
r_0463	glucan 1,4-alpha-glucosidase	0	4.91415	0	4.91415	0	0.448476
r_0464	glucan 1,4-alpha-glucosidase, vacuole	0	4.91415	0	4.91415	0	1.26695
r_0465	glucosamine-6-phosphate deaminase	0	8.32524	0	8.32524	0	0.217705
r_0466	glucose 6-phosphate dehydrogenase	0	4.39112	0	4.39112	0	2.10952
r_0467	glucose-6-phosphate isomerase	-3.29112	1.1	-3.29112	1.1	-1.52883	1.1
r_0468	glutamate 5-kinase	0	2.57233	0	2.57233	0	0.015787
r_0469	glutamate decarboxylase	0	1.66423	0	1.16742	0	0.000781816
r_0470	glutamate dehydrogenase (NAD)	0	5.77363	0	5.77363	0	0.39021
r_0471	glutamate dehydrogenase (NADP)	0	6.71473	0	6.71473	0	0.615209
r_0472	glutamate synthase (NADH2)	0	0	0	0	0	0
r_0473	glutamate-5-semialdehyde dehydrogenase	0	2.57233	0	2.57233	0	0.015787
r_0475	glutaminase	0	8.32524	0	8.32524	0	5.77428
r_0476	glutamine synthetase	0	8.32524	0	8.32524	0	5.77428
r_0477	glutamine-fructose-6-phosphate transaminase	0	8.32524	0	8.32524	0	0.217705
r_0478	glutaminyl-tRNA synthetase	0	0.0124221	0	0.0124221	0	0.0123929
r_0479	glutamyl-tRNA synthetase	0	0.0260909	0	0.0260909	0	0.0260295
r_0480	glutamyl-tRNA synthetase	0	0	0	0	0	0
r_0481	glutathione oxidoreductase	0	2.38306	0	2.38306	0	0.00445151
r_0482	glutathione oxidoreductase	0	0	0	0	0	0
r_0483	glutathione peridoxase	0	2.38306	0	2.38306	0	0.00445151
r_0484	glutathione peroxidase, mitochondria	0	0	0	0	0	0
r_0485	glutathione synthetase	0	4.16262	0	4.16262	0	0.118257
r_0486	glyceraldehyde-3-phosphate dehydrogenase	-2.01052	2.2	-2.01052	2.2	-0.172885	2.2
r_0487	glycerol dehydrogenase (NADP-dependent)	0	0	0	0	0	0
r_0488	glycerol kinase	0	8.32524	0	8.32524	0	0.241724
r_0489	glycerol-3-phosphatase	0	8.32524	0	8.32524	0	0.22656
r_0490	glycerol-3-phosphate dehydrogenase (fad)	0	5.07069	0	5.05807	0	0.159691
r_0491	glycerol-3-phosphate dehydrogenase (NAD)	0	5.43277	0	5.10333	0	0.17221
r_0492	glycerol-3-phosphate dehydrogenase (NAD)	0	5.43277	0	5.09964	0	0.17221
r_0497	glycerophosphodiester phosphodiesterase (glycerophosphocholine)	0	1.38754	0	0.122591	0	0.0132315
r_0499	glycinamide ribotide transformylase	0	0.561335	0	0.561335	0	0.0459804
r_0500	glycine C-acetyltransferase	0	0	0	0	0	0
r_0501	glycine cleavage system	0	0	0	0	0	0
r_0502	glycine hydroxymethyltransferase	-1.07733	1.71625	-1.00042	1.71625	-0.00833569	0.206886
r_0503	glycine hydroxymethyltransferase	0	1.672e-05	0	1.672e-05	4.33681e-19	1.66807e-05
r_0504	glycine-cleavage complex (lipoamide)	0	0	0	0	0	0
r_0505	glycine-cleavage complex (lipoamide)	0	1.3642	0	1.3642	0	0.673574
r_0506	glycine-cleavage complex (lipoylprotein)	0	0	0	0	0	0
r_0507	glycine-cleavage complex (lipoylprotein)	0	0	0	0	0	0
r_0508	glycine-cleavage complex (lipoylprotein)	0	0	0	0	0	0
r_0509	glycine-cleavage system (lipoamide)	0	0	0	0	0	0
r_0510	glycogen (starch) synthase	0	9.82831	0	9.82831	0	1.26695
r_0511	glycogen phosphorylase	0	9.82831	0	9.82831	0	0.303164
r_0512	glycyl-tRNA synthetase	0	0.0249699	0	0.0249699	0	0.0249112
r_0514	GMP synthase	0	1.92121	0	1.85011	0	0.0462658
r_0518	GPI-anchor assembly, step 2	0	0	0	0	0	0
r_0519	GPI-anchor assembly, step 5	0	0	0	0	0	0
r_0520	GPI-anchor assembly, step 6	0	0	0	0	0	0
r_0521	GPI-anchor assembly, step 7	0	0	0	0	0	0
r_0522	GPI-anchor assembly, step 8	0	0	0	0	0	0
r_0523	GPI-anchor assembly, step 9	0	0	0	0	0	0
r_0524	GTP cyclohydrolase I	0	5.5792e-06	0	5.5792e-06	0	5.56607e-06
r_0525	GTP cyclohydrolase II	0	8.8e-05	0	8.8e-05	0	8.77929e-05
r_0526	guanine deaminase	0	1.92121	0	1.85011	0	0.0462658
r_0527	guanine phosphoribosyltransferase	0	4.91415	0	4.91415	0	0.126695
r_0528	guanylate kinase	0	8.32524	0	8.32524	0	6.62964
r_0529	guanylate kinase (GMP:dATP)	-8.32524	8.32524	-8.32524	8.32524	-1.86454	6.62964
r_0530	heme O monooxygenase	0	0.0872194	0	0.0654273	0	0.000147353
r_0531	Heme O synthase	0	0.0872194	0	0.0654273	0	0.000147353
r_0532	hexaprenyldihydroxybenzoate methyltransferase	0	0	0	0	0	0
r_0533	hexokinase (D-fructose:ATP)	0	0	0	0	0	0
r_0534	hexokinase (D-glucose:ATP)	0.0364735	7.34393	0.0364735	7.34393	0.0364735	2.59925
r_0535	hexokinase (D-mannose:ATP)	0	0	0	0	0	0
r_0536	histidinol dehydrogenase	0	0.0073539	0	0.0073539	0	0.0073366
r_0537	histidinol-phosphatase	0	0.0073539	0	0.0073539	0	0.0073366
r_0538	histidinol-phosphate transaminase	0	0.0073539	0	0.0073539	0	0.0073366
r_0539	histidyl-tRNA synthetase	0	0.0073539	0	0.0073539	0	0.0073366
r_0540	histidyl-tRNA synthetase	0	0	0	0	0	0
r_0541	hnRNP arginine N-methyltransferase	0	0	0	0	0	0
r_0542	homoacontinate hydratase	0	0.0289872	0	0.0289872	0	0.028919
r_0543	homocitrate synthase	0	0	0	0	0	0
r_0544	homocysteine S-methyltransferase	0	3.12196	0	2.95733	0	0.301627
r_0545	homoisocitrate dehydrogenase	0	0.0289872	0	0.0289872	0	0.028919
r_0546	homoserine dehydrogenase (NADH)	0	2.04504	0	2.04504	0	0.623706
r_0547	homoserine dehydrogenase (NADP)	0	1.86326	0	1.86326	0	0.623706
r_0548	homoserine kinase	0	2.04504	0	2.04504	0	0.59099
r_0549	homoserine O-trans-acetylase	0	1.33337	0	1.33337	0	0.0221919
r_0550	hydrogen peroxide reductase (thioredoxin)	0	2.38306	0	2.38306	0	0.00445151
r_0551	hydrogen peroxide reductase (thioredoxin)	0	0	0	0	0	0
r_0552	hydrogen peroxide reductase (thioredoxin)	0	1.33608	0	1.1601	0	0.101333
r_0553	hydroxyacylglutathione hydrolase	0	1000	0	21.7343	0	4.80747
r_0554	hydroxyacylglutathione hydrolase	0	0	0	0	0	0
r_0555	hydroxybenzoate octaprenyltransferase	0	0	0	0	0	0
r_0556	hydroxyethylthiazole kinase	0	3.12196	0	2.20867	0	1.99483
r_0557	hydroxymethylbilane synthase	0	0.0872194	0	0.0654273	0	0.000147353
r_0558	hydroxymethylglutaryl CoA reductase	0	0.66	0	0.66	0	0.0789105
r_0560	hydroxymethylglutaryl CoA synthase	0	0.66	0	0.66	0	0.0789105
r_0561	hydroxymethylpyrimidine kinase (ATP)	0	3.12196	0	2.20867	0	1.99483
r_0562	hypoxanthine phosphoribosyltransferase (Hypoxanthine)	0	4.91415	0	4.91415	0	0.0476225
r_0563	Imidazole-glycerol-3-phosphate synthase	0	0.0073539	0	0.0073539	0	0.0073366
r_0564	imidazoleglycerol-phosphate dehydratase	0	0.0073539	0	0.0073539	0	0.0073366
r_0565	IMP dehydrogenase	0	0.472802	0	0.472802	0	0.0459804
r_0566	indole-3-glycerol-phosphate synthase	0	1.23351	0	1.23351	0	0.0131443
r_0567	indole-3-pyruvate decarboxylase	0	0.4751	0	0.4751	0	0.0131443
r_0568	inorganic diphosphatase	0	8.32524	0	8.32524	0	4.42638
r_0569	inorganic diphosphatase	0	7.91913	0	7.91913	0	4.07333
r_0570	inosine monophosphate cyclohydrolase	0	0.561335	0	0.561335	0	0.052875
r_0571	inositol-1,3,4,5,6-pentakisphosphate 2-kinase	0	4.16262	0	0.0353197	0	0.0314491
r_0572	inositol-1,3,4,5-triphosphate 6-kinase, nucleus	0	0	0	0	0	0
r_0573	inositol-1,4,5,6- tetrakisphosphate 3-kinase, nucleus	0	0	0	0	0	0
r_0574	inositol-1,4,5-triphosphate 6-kinase, nucleus	0	0	0	0	0	0
r_0575	inositol-1,4,5-trisphosphate 3-kinase, nucleus	0	0	0	0	0	0
r_0596	IPS phospholipase C	0	0	0	0	0	0
r_0597	IPS phospholipase C	0	0	0	0	0	0
r_0598	IPS phospholipase C	0	0	0	0	0	0
r_0599	IPS phospholipase C	0	0	0	0	0	0
r_0600	IPS phospholipase C	0	0	0	0	0	0
r_0601	IPS phospholipase C	0	0	0	0	0	0
r_0602	IPS phospholipase C	0	0	0	0	0	0
r_0603	IPS phospholipase C	0	0	0	0	0	0
r_0604	IPS phospholipase C	0	0	0	0	0	0
r_0605	IPS phospholipase C	0	0	0	0	0	0
r_0606	IPS phospholipase C	0	0	0	0	0	0
r_0607	IPS phospholipase C	0	0	0	0	0	0
r_0608	IPS phospholipase C	0	0	0	0	0	0
r_0609	IPS phospholipase C	0	0	0	0	0	0
r_0610	IPS phospholipase C	0	0	0	0	0	0
r_0611	IPS phospholipase C	0	0	0	0	0	0
r_0612	IPS phospholipase C	0	0	0	0	0	0
r_0613	IPS phospholipase C	0	0	0	0	0	0
r_0614	IPS phospholipase C	0	0	0	0	0	0
r_0615	IPS phospholipase C	0	0	0	0	0	0
r_0616	IPS phospholipase C	0	0	0	0	0	0
r_0617	IPS phospholipase C	0	0	0	0	0	0
r_0618	IPS phospholipase C	0	0	0	0	0	0
r_0619	IPS phospholipase C	0	0	0	0	0	0
r_0620	IPS phospholipase C	0	0	0	0	0	0
r_0621	IPS phospholipase C	0	0	0	0	0	0
r_0622	IPS phospholipase C	0	0	0	0	0	0
r_0623	IPS phospholipase C	0	0	0	0	0	0
r_0624	IPS phospholipase C	0	0	0	0	0	0
r_0625	IPS phospholipase C	0	0	0	0	0	0
r_0626	IPS phospholipase C	0	0	0	0	0	0
r_0627	IPS phospholipase C	0	0	0	0	0	0
r_0628	IPS phospholipase C	0	0	0	0	0	0
r_0629	IPS phospholipase C	0	0	0	0	0	0
r_0630	IPS phospholipase C	0	0	0	0	0	0
r_0631	IPS phospholipase C	0	0	0	0	0	0
r_0632	IPS phospholipase C	0	0	0	0	0	0
r_0633	IPS phospholipase C	0	0	0	0	0	0
r_0634	IPS phospholipase C	0	0	0	0	0	0
r_0635	IPS phospholipase C	0	0	0	0	0	0
r_0636	IPS phospholipase C	0	0	0	0	0	0
r_0637	IPS phospholipase C	0	0	0	0	0	0
r_0638	IPS phospholipase C	0	0	0	0	0	0
r_0639	IPS phospholipase C	0	0	0	0	0	0
r_0640	IPS phospholipase C	0	0	0	0	0	0
r_0641	IPS phospholipase C	0	0	0	0	0	0
r_0642	IPS phospholipase C	0	0	0	0	0	0
r_0643	IPS phospholipase C	0	0	0	0	0	0
r_0644	IPS phospholipase C	0	0	0	0	0	0
r_0645	IPS phospholipase C	0	0	0	0	0	0
r_0646	IPS phospholipase C	0	3.12196	0	2.95366	0	0.00152253
r_0647	IPS phospholipase C	0	3.12196	0	1.58486	0	0.00152253
r_0648	IPS phospholipase C	0	3.12196	0	1.52921	0	0.00152253
r_0649	IPS phospholipase C	0	3.12196	0	2.95366	0	0.00152253
r_0650	IPS phospholipase C	0	3.12196	0	1.64776	0	0.00152253
r_0651	IPS phospholipase C	0	3.12196	0	1.64022	0	0.00152253
r_0652	IPS phospholipase C	0	3.12196	0	1.58839	0	0.00152253
r_0653	IPS phospholipase C	0	3.12196	0	1.5832	0	0.00152253
r_0654	IPS phospholipase C	0	3.12196	0	1.62859	0	0.00152253
r_0655	IPS phospholipase C	0	3.12196	0	1.62185	0	0.00152253
r_0656	isoamyl acetate-hydrolyzing esterase	0	4.91415	0	0.481503	0	0.428736
r_0657	isobutyl acetate-hydrolyzing esterase	0	4.91415	0	0.320378	0	0.285268
r_0658	isocitrate dehydrogenase (NAD+)	0	5.89647	0	5.89647	0	2.98565
r_0659	isocitrate dehydrogenase (NADP)	-5.89647	1.83163	-5.89647	1.69932	-2.96529	0.674655
r_0661	isocitrate dehydrogenase (NADP+), peroxisomal	0	0.504737	0	0.168634	0	0.00399946
r_0662	isocitrate lyase	0	1.56786	0	1.55122	0	0.176793
r_0663	isoleucine transaminase	-0.0233631	2.76	-0.0233631	2.38841	-0.0233082	0.210868
r_0664	isoleucine transaminase	-2.76	0	-2.38841	0	-0.210868	0
r_0665	isoleucyl-tRNA synthetase	0	0.0233631	0	0.0233631	0	0.0233082
r_0666	isoleucyl-tRNA synthetase	0	0	0	0	0	0
r_0667	isopentenyl-diphosphate D-isomerase	0	0.216393	0	0.206455	0	0.00647524
r_0668	itaconate-CoA ligase (ADP-forming)	0	0	0	0	0	0
r_0669	ketol-acid reductoisomerase (2-aceto-2-hydroxybutanoate)	0	0.880729	0	0.880729	0	0.305186
r_0670	kynureninase	0	1.23351	0	1.23351	0	0.0131443
r_0671	kynurenine 3-monooxygenase	0	0.000534266	0	0.000534266	0	0.000533006
r_0672	L-1-pyrroline-3-hydroxy-5-carboxylate dehydrogenase	-1000	0	-5.20845	0	-0.0088369	0
r_0673	L-4-hydroxyglutamate semialdehyde dehydrogenase	0	1000	0	5.20845	0	0.0088369
r_0674	L-alanine transaminase	-12.4879	0	-6.59243	0	-0.0604528	0
r_0675	L-allo-threonine aldolase	0	0	0	0	0	0
r_0676	L-allo-threonine dehydrogenase	0	0	0	0	0	0
r_0678	L-aminoadipate-semialdehyde dehydrogenase (NADPH)	0	0.0289872	0	0.0289872	0	0.028919
r_0679	L-asparaginase	0	3.12196	0	3.12196	0	0.0987264
r_0680	L-asparaginase	0	0	0	0	0	0
r_0681	L-erythro-4-hydroxyglutamate:2-oxoglutarate aminotransferase	0	0	0	0	0	0
r_0682	L-erythro-4-hydroxyglutamate:2-oxoglutarate aminotransferase	0	0	0	0	0	0
r_0683	L-erythro-4-hydroxyglutamate:2-oxoglutarate aminotransferase	0	0	0	0	0	0
r_0687	L-hydroxyproline reductase (NADP)	0	5.77363	0	5.77363	0	4.55347
r_0688	L-lactaldehyde:NADP+ 1-oxidoreductase	0	2.77908	0	2.77908	0	1.03076
r_0689	L-serine deaminase	0	4.17237	0	4.17237	0	0.210285
r_0690	L-serine dehydrogenase	0	0	0	0	0	0
r_0691	L-sorbitol dehydrogenase (L-sorbose-producing)	0	0	0	0	0	0
r_0692	L-threonine deaminase	0	1.43594	0	1.41539	0	0.59099
r_0693	L-threonine deaminase	0	1.43594	0	1.41502	0	0.0487741
r_0694	L-tryptophan:oxygen 2,3-oxidoreductase (decyclizing)	0	1.23351	0	1.23351	0	0.0131443
r_0695	L-tyrosine N-formyltransferase	0	0.463285	0	0.463285	0	0.0293689
r_0696	lactaldehyde dehydrogenase	0	2.77908	0	2.77908	0	1.03076
r_0697	lactoylglutathione lyase	0	1000	0	21.7343	0	4.80747
r_0698	lanosterol synthase	0	0.108197	0	0.103228	0	0.00323758
r_0699	leucine transaminase	-0.031902	0	-0.031902	0	-0.031827	0
r_0700	leucine transaminase	0	0	0	0	0	0
r_0701	leucyl-tRNA synthetase	0	0.031902	0	0.031902	0	0.031827
r_0702	leucyl-tRNA synthetase	0	0	0	0	0	0
r_0703	leukotriene A4 hydrolase	0	0	0	0	0	0
r_0704	leukotriene A4 hydrolase	0	0	0	0	0	0
r_0705	leukotriene A4 hydrolase	0	0	0	0	0	0
r_0706	leukotriene A4 hydrolase	0	0	0	0	0	0
r_0707	leukotriene A4 hydrolase	0	0	0	0	0	0
r_0708	leukotriene A4 hydrolase	0	0	0	0	0	0
r_0711	lysyl-tRNA synthetase	0	0.0289872	0	0.0289872	0	0.028919
r_0712	lysyl-tRNA synthetase	0	0	0	0	0	0
r_0713	malate dehydrogenase	-16.545	1000	-9.71003	41.472	-0.560652	0.748626
r_0714	malate dehydrogenase, cytoplasmic	-1000	6.64	-41.472	5.96443	-1.93394	0.542903
r_0715	malate dehydrogenase, peroxisomal	-1.82212	0	-1.31454	0	-0.10351	0
r_0716	malate synthase	0	1.63782	0	1.4062	0	0.210868
r_0717	malate synthase	0	1.07226	0	0.912439	0	0.104074
r_0718	malic enzyme (NAD)	0	12.7912	0	7.24426	0	0.571224
r_0719	malic enzyme (NADP)	0	2.61667	0	2.40543	0	0.498109
r_0721	malonyl-CoA-ACP transacylase	0	0	0	0	0	0
r_0722	mannose-1-phosphate guanylyltransferase	0	0.0617795	0	0.0617795	0	0.0616341
r_0723	mannose-6-phosphate isomerase	-0.963156	0	-0.963156	0	-0.963156	0
r_0724	methenyltetrahydrifikate cyclohydrolase	0	0	0	0	0	0
r_0725	methenyltetrahydrofolate cyclohydrolase	-1.07733	1.71625	-1.00042	1.71625	-0.0165428	0.150887
r_0726	methionine adenosyltransferase	0	3.12196	0	2.95733	0	0.301627
r_0727	methionine synthase	0	1.24666	0	1.15778	0	0.0273086
r_0728	methionyl-tRNA formyltransferase	0	0	0	0	0	0
r_0729	methionyl-tRNA synthetase	0	0.00717178	0	0.00717178	0	0.0071549
r_0730	methionyl-tRNA synthetase	0	0	0	0	0	0
r_0731	methylenetetrahydrofolate dehydrogenase (NAD)	0	5.77363	0	5.77363	0	0.150887
r_0732	methylenetetrahydrofolate dehydrogenase (NADP)	0	5.77363	0	5.77363	0	0.16743
r_0733	methylenetetrahydrofolate dehydrogenase (NADP)	0	0	0	0	0	0
r_0734	methylisocitrate lyase	0	1.0635	0	0.307284	0	0.000584836
r_0735	mevalonate kinase (atp)	0	0.64918	0	0.619366	0	0.0194257
r_0736	mevalonate kinase (ctp)	0	0.64918	0	0.619352	0	0.0194257
r_0737	mevalonate kinase (gtp)	0	0.64918	0	0.619352	0	0.0194257
r_0738	mevalonate kinase (UTP)	0	0.64918	0	0.619352	0	0.0194257
r_0739	mevalonate pyrophoshate decarboxylase	0	0.64918	0	0.619366	0	0.0194257
r_0747	MIPC synthase	0	0	0	0	0	0
r_0748	MIPC synthase	0	0	0	0	0	0
r_0749	MIPC synthase	0	0	0	0	0	0
r_0750	MIPC synthase	0	0	0	0	0	0
r_0751	MIPC synthase	0	0	0	0	0	0
r_0752	MIPC synthase	0	0	0	0	0	0
r_0753	MIPC synthase	0	0	0	0	0	0
r_0754	MIPC synthase	0	0	0	0	0	0
r_0755	MIPC synthase	0	0	0	0	0	0
r_0756	MIPC synthase	0	0	0	0	0	0
r_0757	myo-inositol 1-phosphatase	0	3.12196	0	2.95366	0	0.00152253
r_0758	myo-inositol-1-phosphate synthase	0	0.55085	0	0.131438	0	0.00152253
r_0759	N-acetyl-g-glutamyl-phosphate reductase	0	2.08584	0	1.77496	0	0.0170578
r_0760	N-acetylglucosamine-6-phosphate synthase	0	0.00207768	0	0.00207768	0	0.00207279
r_0761	N-acteylglutamate synthase	0	0.733333	0	0.733333	0	0.210868
r_0762	N-formyl-L-kynurenine amidohydrolase	0	1.23351	0	1.23351	0	0.0131443
r_0763	N-formyltyrosine oxidase	0	0.231643	0	0.231643	0	0.0146845
r_0764	NAD diphosphatase	0	0	0	0	0	0
r_0765	NAD kinase	0	0.00028776	0	0.00028776	0	0.000287079
r_0766	NAD kinase	0	0	0	0	0	0
r_0767	NAD nucleosidase nuclear	0	0	0	0	0	0
r_0768	NAD synthase	0	0.000534266	0	0.000534266	0	0.000533008
r_0769	NAD synthase	0	0	0	0	0	0
r_0770	NADH dehydrogenase, cytosolic/mitochondrial	0	5.07069	0	5.06221	0	4.80021
r_0771	NADH kinase	0	0.00028776	0	0.00028776	0	0.000287083
r_0772	NADH kinase mitochondrial	0	0	0	0	0	0
r_0773	NADH:ubiquinone oxidoreductase	0	5.07069	0	5.06021	0	4.80021
r_0774	NAPRtase	0	1.056e-07	0	1.056e-07	0	1.05352e-07
r_0775	NAPRtase	0	0	0	0	0	0
r_0781	nicotinamidase	0	1.056e-07	0	1.05571e-07	0	1.05352e-07
r_0782	nicotinamide N-methyltransferase	0	0	0	0	0	0
r_0783	nicotinamide-nucleotide adenylyltransferase	0	0	0	0	0	0
r_0784	nicotinamide-nucleotide adenylyltransferase	0	0	0	0	0	0
r_0785	nicotinate-nucleotide adenylyltransferase	0	0.000534266	0	0.000534177	0	0.000533008
r_0786	nicotinate-nucleotide diphosphorylase (carboxylating)	0	0.000534266	0	0.000534266	0	0.000533006
r_0787	nicotinate-nucleotide diphosphorylase (carboxylating)	0	0	0	0	0	0
r_0788	nucleoside diphosphatase	0	8.32524	0	8.32524	0	8.14737
r_0789	nucleoside diphosphatase	0	8.32524	0	8.32524	0	6.62964
r_0790	nucleoside diphosphatase	0	8.32524	0	8.32524	0	1.32042
r_0791	nucleoside diphosphatase	0	8.32524	0	8.32524	0	1.32042
r_0792	nucleoside diphosphatase	0	8.32524	0	8.32524	0	2.49481
r_0793	nucleoside diphosphatase	0	3.56338	0	3.56338	0	0.0762971
r_0795	nucleoside diphosphate kinase	0	8.32524	0	8.32524	0	6.93847
r_0796	nucleoside diphosphate kinase	0	8.32524	0	8.32524	0	6.93847
r_0797	nucleoside diphosphate kinase	0	4.91415	0	4.91415	0	0.487136
r_0798	nucleoside diphosphate kinase	0	8.32524	0	8.32524	0	6.93847
r_0799	nucleoside diphosphate kinase	0	4.91415	0	4.91415	0	0.287482
r_0800	nucleoside diphosphate kinase	0	8.32524	0	8.32524	0	6.93847
r_0801	nucleoside diphosphate kinase	0	8.32524	0	8.32524	0	4.21706
r_0802	nucleoside diphosphate kinase	0	0	0	0	0	0
r_0803	nucleoside diphosphate kinase	0	4.91415	0	4.91415	0	0.0352924
r_0804	nucleoside triphosphatase	0	8.32524	0	8.32524	0	6.93847
r_0805	nucleoside triphosphatase	0	8.32524	0	8.32524	0	6.93847
r_0806	nucleoside triphosphatase	0	8.32524	0	8.32524	0	6.93847
r_0807	nucleoside triphosphatase	0	8.32524	0	8.32524	0	4.21706
r_0810	nucleoside-diphosphatase (GDP), Golgi	0	8.32524	0	8.03615	0	6.62964
r_0811	nucleoside-diphosphate kinase (ATP:UDP)	0	9.82831	0	9.82831	0	6.93847
r_0812	O-acetylhomoserine (thiol)-lyase	0	0	0	0	0	0
r_0813	O-acetylhomoserine (thiol)-lyase	0	1.33337	0	1.33337	0	0.0221919
r_0815	O-succinylhomoserine lyase (L-cysteine)	0	1.33337	0	1.33337	0	0.0221919
r_0816	ornithine carbamoyltransferase	0	1.38754	0	1.36073	0	0.0181051
r_0817	ornithine decarboxylase	0	1.01538	0	1.01538	0	0.0170578
r_0818	ornithine transacetylase	0	2.08584	0	1.77496	0	0.0170578
r_0819	ornithine transaminase	0	2.08584	0	1.77496	0	0.0170578
r_0820	orotate phosphoribosyltransferase	-0.61252	0	-0.61252	0	-0.0647058	0
r_0821	orotidine-5'-phosphate decarboxylase	0	0.61252	0	0.61252	0	0.0647058
r_0831	oxoglutarate dehydrogenase (dihydrolipoamide S-succinyltransferase)	0	1.3642	0	1.3642	0	0.673574
r_0832	oxoglutarate dehydrogenase (lipoamide)	0	1.3642	0	1.3642	0	0.673574
r_0841	pantetheine-phosphate adenylyltransferase	0	2.49757	0	2.49757	0	0.00388729
r_0842	pantothenate kinase	0	1.672e-05	0	1.672e-05	0	1.66807e-05
r_0843	pantothenate synthase	0	1.672e-05	0	1.672e-05	0	1.66807e-05
r_0844	peroxisomal acyl-CoA thioesterase	0	4.91415	0	0.179273	0	0.0298991
r_0845	peroxisomal acyl-CoA thioesterase	0	4.91415	0	0.154894	0	0.0302877
r_0847	peroxisomal acyl-CoA thioesterase	0	4.91415	0	0.112628	0	0.000214175
r_0848	peroxisomal acyl-CoA thioesterase	0	4.91415	0	0.155083	0	0.0305445
r_0849	peroxisomal acyl-CoA thioesterase	0	4.91415	0	0.0894257	0	0.000109982
r_0850	peroxisomal acyl-CoA thioesterase	0	4.91415	0	0.176302	0	0.0150877
r_0851	phenylalanine transaminase	-1000	1000	-95.6747	38.521	-0.204867	0.132844
r_0852	phenylalanyl-tRNA synthetase	0	0.014678	0	0.014678	0	0.0146435
r_0853	phenylalanyl-tRNA synthetase	0	0	0	0	0	0
r_0854	phenylpyruvate decarboxylase	0	0.623801	0	0.623801	0	0.0293689
r_0855	phopshoribosylaminoimidazole synthetase	0	0.561335	0	0.561335	0	0.0459804
r_0882	phosphoacetylglucosamine mutase	0	0.00207768	0	0.00207768	0	0.00207279
r_0883	phosphoadenylyl-sulfate reductase (thioredoxin)	0	2.43269	0	2.43269	0	0.0544392
r_0884	phosphoenolpyruvate carboxykinase	0	8.32524	0	8.32524	0	0.172885
r_0885	phosphoethanolamine cytidyltransferase	0	0	0	0	0	0
r_0886	phosphofructokinase	0	9.42524	0	9.42524	0	1.25253
r_0888	phosphoglucomutase	0	4.91415	0	4.91415	0	2.23135
r_0889	phosphogluconate dehydrogenase	0	4.39112	0	4.39112	0	2.10952
r_0890	phosphoglucosamine mutase	0	0	0	0	0	0
r_0891	phosphoglycerate dehydrogenase	0	4.19725	0	4.19725	0	0.206886
r_0892	phosphoglycerate kinase	-2.01052	2.2	-2.01052	2.2	-0.172885	2.2
r_0893	phosphoglycerate mutase	-3.03624	2.2	-3.03624	2.2	-0.172885	2.2
r_0902	phosphomannomutase	-0.0617795	0	-0.0617795	0	-0.0616341	0
r_0903	phosphomethylpyrimidine kinase	0	3.12196	0	2.20867	0	1.99483
r_0904	phosphomevalonate kinase	0	0.64918	0	0.619366	0	0.0194257
r_0905	phosphopantothenate-cysteine ligase	0	1.672e-05	0	1.672e-05	0	1.66807e-05
r_0906	phosphopantothenoylcysteine decarboxylase	0	1.672e-05	0	1.672e-05	0	1.66807e-05
r_0907	phosphopentomutase	-8.32524	4.91415	-8.32524	4.91415	-8.14737	0.470948
r_0908	phosphoribosyl amino imidazolesuccinocarbozamide synthetase	0	0.561335	0	0.561335	0	0.0459804
r_0909	phosphoribosyl-AMP cyclohydrolase	0	0.0073539	0	0.0073539	0	0.0073366
r_0910	phosphoribosyl-ATP pyrophosphatase	0	0.0073539	0	0.0073539	0	0.0073366
r_0911	phosphoribosylaminoimidazole-carboxylase	0	0.561335	0	0.561335	0	0.0459804
r_0912	phosphoribosylaminoimidazolecarboxamide formyltransferase	0	0.561335	0	0.561335	0	0.052875
r_0913	phosphoribosylanthranilate isomerase	0	1.23351	0	1.23351	0	0.0131443
r_0914	phosphoribosylglycinamidine synthetase	0	0.561335	0	0.561335	0	0.0459804
r_0915	phosphoribosylpyrophosphate amidotransferase	0	0.561335	0	0.561335	0	0.0459804
r_0916	phosphoribosylpyrophosphate synthetase	0	4.91415	0	4.91415	0	0.600349
r_0917	phosphoserine phosphatase (L-serine)	0	4.19725	0	4.19725	0	0.206886
r_0918	phosphoserine transaminase	0	4.19725	0	4.19725	0	0.206886
r_0919	phytoceramidase	0	1000	0	39.501	0	35.1721
r_0920	phytoceramidase	0	1000	0	49.6661	0	44.2233
r_0921	Phytosphingosine phosphate lyase	0	0	0	0	0	0
r_0922	phytosphingosine synthesis	0	0	0	0	0	0
r_0929	polyamine oxidase	0	0	0	0	0	0
r_0935	porphobilinogen synthase	0	0.348878	0	0.261709	0	0.00058941
r_0936	poylamine oxidase	0	0	0	0	0	0
r_0937	poylamine oxidase	0	0.841901	0	0.841901	0	0.000160873
r_0938	prephenate dehydratase	0	0.623801	0	0.623801	0	0.0293689
r_0939	prephenate dehydrogenase (NADP)	0	0.802696	0	0.802696	0	0.0293689
r_0940	proline oxidase (NAD)	0	2.7166	0	2.7166	0	0.0176738
r_0941	prolyl-tRNA synthetase	0	0.0158243	0	0.0158243	0	0.015787
r_0942	protoporphyrinogen oxidase	0	0.0436097	0	0.0327137	0	7.36763e-05
r_0943	purine-nucleoside phosphorylase	0	0	0	0	0	0
r_0949	guanosine phosphorylase	0	4.91415	0	4.91415	1.38778e-17	0.126695
r_0950	guanosine phosphorylase	0	0	0	0	0	0
r_0951	inosine phosphorylase	-3.56338	4.91415	-3.56338	4.91415	-0.00821445	0.0476225
r_0953	pyridoxal oxidase	0	0	0	0	0	0
r_0954	pyridoxamine 5'-phosphate oxidase	0	0	0	0	0	0
r_0955	pyridoxine 5'-phosphate oxidase	0	0	0	0	0	0
r_0956	pyridoxine oxidase	0	4.76612	0	4.76612	0	0.00429063
r_0957	pyrroline-5-carboxylate reductase	0	2.7166	0	2.7166	0	0.0249658
r_0958	pyruvate carboxylase	0	12.795	0	9.59756	0	8.29559
r_0959	pyruvate decarboxylase	0	2.95924	0	2.95924	0	2.37679
r_0960	pyruvate decarboxylase (acetoin-forming)	0	1.1	0	1.1	0	1.1
r_0961	pyruvate dehydrogenase	0	2.58968	0	2.1177	0	0.239221
r_0962	pyruvate kinase	0	10.4348	0	10.4348	0	2.37289
r_0963	quinone oxidoreductase	0	0	0	0	0	0
r_0964	reduced glutathione via ABC system	0	8.32524	0	8.12109	0	0.00785899
r_0965	riboflavin kinase	0	8.32524	0	1.79567	0	1.59954
r_0966	riboflavin kinase	0	8.8e-07	0	8.8e-07	0	8.77929e-07
r_0967	riboflavin synthase	0	0.000176	0	0.000176	0	0.000175586
r_0968	riboflavin synthase	0	8.8e-05	0	8.8e-05	0	8.77929e-05
r_0969	ribokinase	0	8.32524	0	8.32524	0	8.14737
r_0970	ribonucleoside-triphosphate reductase (ATP)	0	0.0003168	0	0.0003168	0	0.000316054
r_0971	ribonucleoside-triphosphate reductase (CTP)	0	0.435653	0	0.435653	0	0.00255664
r_0972	ribonucleoside-triphosphate reductase (GTP)	0	0.0002112	0	0.0002112	0	0.000210698
r_0973	ribonucleoside-triphosphate reductase (UTP)	0	0.445154	0	0.445154	0	0.0020768
r_0974	ribonucleotide reductase	0	0.0003168	0	0.0003168	0	0.000316055
r_0975	ribonucleotide reductase	0	0	0	0	0	0
r_0976	ribonucleotide reductase	0	0.441941	0	0.441941	0	0.0647058
r_0977	ribonucleotide reductase	0	0	0	0	0	0
r_0978	ribonucleotide reductase	0	0.0002112	0	0.0002112	0	0.000210703
r_0979	ribonucleotide reductase	0	0	0	0	0	0
r_0982	ribose-5-phosphate isomerase	0	1.55981	0	1.55981	0	0.733046
r_0983	ribosylnicotinamide kinase	0	0	0	0	0	0
r_0984	ribulose 5-phosphate 3-epimerase	-0.829528	2.92741	-0.829528	2.92741	-0.0952822	1.3763
r_0985	S-adenosyl-L-methionine:3-hexaprenyl-4,5-dihydroxylate O-methyltransferase	0	0	0	0	0	0
r_0986	S-adenosyl-methionine delta-24-sterol-c-methyltransferase	0	0.0902849	0	0.0503689	0	0.000355085
r_0987	S-formylglutathione hydralase	0	0	0	0	0	0
r_0988	saccharopine dehydrogenase (NAD, L-lysine forming)	0	0.0289872	0	0.0289872	0	0.028919
r_0989	saccharopine dehydrogenase (NADP, L-glutamate forming)	0	0.0289872	0	0.0289872	0	0.028919
r_0990	sedoheptulose 1,7-bisphosphate D-glyceraldehyde-3-phosphate-lyase	-8.32524	0	-8.32524	0	-0.0107694	0
r_0992	serine O-acetyltransferase	0	1.58787	0	1.14684	0	0.000816462
r_0993	serine palmitotransferase	0	0	0	0	0	0
r_0995	seryl-tRNA synthetase	0	0.0244399	0	0.0244399	0	0.0243823
r_0996	shikimate dehydrogenase	0	0.845275	0	0.804895	0	0.0293689
r_0997	shikimate kinase	0	0.845275	0	0.804895	0	0.0293689
r_0998	sirohydrochlorin dehydrogenase	0	0	0	0	0	0
r_0999	sirohydrochlorin ferrochetalase	0	0	0	0	0	0
r_1000	fumarate reductase (FMN)	0	5.0707	0	5.0589	0	0.159691
r_1001	spermidine synthase	0	0.480716	0	0.480716	0	0.000160873
r_1002	spermine synthase	0	0.841901	0	0.841901	0	0.000160873
r_1003	sphinganine phosphate lyase	0	0	0	0	0	0
r_1004	sphingoid base-phosphate phosphatase (phytosphingosine 1-phosphate)	0	8.32524	0	8.32524	0	7.99365
r_1005	sphingoid base-phosphate phosphatase (sphinganine 1-phosphatase)	0	8.32524	0	8.32524	0	7.9947
r_1006	sphingolipid long chain base kinase (phytosphingosine)	0	8.32524	0	8.32524	0	7.99365
r_1007	sphingolipid long chain base kinase (sphinganine)	0	8.32524	0	8.32524	0	7.9947
r_1008	spontaneous cis-aconitate(3-) to trans-aconitate	0	0	0	0	0	0
r_1009	spontaneous cis-aconitate(3-) to trans-aconitate	0	0	0	0	0	0
r_1010	squalene epoxidase (NAD)	0	0	0	0	0	0
r_1011	squalene epoxidase (NADP)	0	0.108197	0	0.103228	0	0.00323758
r_1012	squalene synthase	0	0.108197	0	0.103228	0	0.00323758
r_1021	succinate dehydrogenase (ubiquinone-6)	-0.697755	5	-0.523418	5	-0.00117882	1.30825
r_1022	succinate-CoA ligase (ADP-forming)	0	8.74795	0	8.74795	0	0.807283
r_1023	succinate-semialdehyde dehydrogenase (NADP)	0	1.66423	0	1.16742	0	0.000781816
r_1024	sucrose hydrolyzing enzyme	0	0	0	0	0	0
r_1025	sulfate adenylyltransferase	0	9.82831	0	9.82831	0	0.313085
r_1026	sulfate adenylyltransferase (ADP)	0	9.82831	0	9.82831	0	0.313085
r_1027	sulfite reductase (NADPH2)	0	1.31825	0	1.31825	0	0.0544392
r_1028	taurcholate via ABC system	0	0	0	0	0	0
r_1029	taurine dioxygenase	0	0	0	0	0	0
r_1030	tetrahydrofolate aminomethyltransferase	0	7.91913	0	7.90172	0	7.47904
r_1031	tetrahydrofolate:L-glutamate gamma-ligase (ADP-forming)	0	0	0	0	0	0
r_1032	thiamin diphosphatase	0	0	0	0	0	0
r_1033	thiamin phosphatase	0	0	0	0	0	0
r_1034	thiamine diphosphokinase	0	1.056e-07	0	1.056e-07	0	1.05352e-07
r_1035	thiamine-diphosphate kinase	0	0	0	0	0	0
r_1036	thiamine-phosphate diphosphorylase	0	3.12196	0	2.20867	0	1.99483
r_1037	thioredoxin	0	0	0	0	0	0
r_1038	thioredoxin reductase (NADPH)	0	2.5161	0	2.5161	0	0.247122
r_1039	thioredoxin reductase (NADPH)	0	0	0	0	0	0
r_1040	threonine aldolase	0	2.04351	0	2.04351	0	0.0678574
r_1041	threonine synthase	0	2.04504	0	2.04504	0	0.59099
r_1042	threonyl-tRNA synthetase	0	0.0206952	0	0.0206952	0	0.0206465
r_1043	threonyl-tRNA synthetase	0	0	0	0	0	0
r_1045	thymidylate synthase	0	0.445154	0	0.445154	0	0.0647058
r_1046	trans-aconitate 3-methyltransferase	0	0	0	0	0	0
r_1047	trans-pentaprenyltranstransferase	0	0	0	0	0	0
r_1048	transaldolase	-0.411171	8.97359	-0.411171	8.97359	-0.0413305	0.713603
r_1049	transketolase 1	-0.411171	1.46371	-0.411171	1.46371	-0.0413305	0.702833
r_1050	transketolase 2	-0.561963	1.46371	-0.557436	1.46371	-0.0623256	0.688149
r_1051	trehalose-phosphatase	0	3.12196	0	3.12196	0	0.11615
r_1054	triose-phosphate isomerase	-2.63506	1.1	-2.63506	1.1	-1.27289	1.1
r_1055	tryptophan synthase (indoleglycerol phosphate)	0	1.23351	0	1.23351	0	0.0131443
r_1056	tryptophan transaminase	0	0.4751	0	0.4751	0	0.0131443
r_1057	tryptophanyl-tRNA synthetase	0	0.00339414	0	0.00339414	0	0.00338616
r_1058	tryptophanyl-tRNA synthetase	0	0	0	0	0	0
r_1063	tyrosine transaminase	-1000	1000	-48.6331	91.4839	-0.196865	0.204867
r_1065	tyrosine transaminase	0	0	0	0	0	0
r_1066	tyrosyl-tRNA synthetase	0	0.0108263	0	0.0108263	0	0.0108008
r_1067	tyrosyl-tRNA synthetase	0	0	0	0	0	0
r_1068	UDP-glucose:ergosterol glucosyltransferase	0	0	0	0	0	0
r_1069	UDP-N-acetylglucosamine diphosphorylase	0	0.00207768	0	0.00207768	0	0.00207279
r_1070	UDPglucose 4-epimerase	0	0	0	0	0	0
r_1071	UDPglucose--hexose-1-phosphate uridylyltransferase	-1000	0	-101.048	0	-35.9995	0
r_1072	UMP kinase	0	8.32524	0	8.32524	0	1.32042
r_1073	UMP kinase	0	8.32524	0	8.32524	0	1.32042
r_1074	uracil phosphoribosyltransferase	0	4.91415	0	4.91415	0	0.0422992
r_1075	urea carboxylase	0	1.38754	0	1.36073	0	0.0010613
r_1076	ureidoglycolate hydrolase	0	0	0	0	0	0
r_1077	uridine kinase (ATP:uridine)	0	8.32524	0	8.32524	0	8.14737
r_1078	uridine kinase (GTP:uridine)	0	8.32524	0	8.32524	0	6.93847
r_1079	uridylate kinase (dUMP)	0	4.91415	0	4.91415	0	0.0352924
r_1080	uridylate kinase (dUMP)	0	4.91415	0	4.91415	0	0.0352924
r_1081	uroporphyrinogen decarboxylase (uroporphyrinogen III)	0	0.0872194	0	0.0654273	0	0.000147353
r_1082	uroporphyrinogen methyltransferase	0	0	0	0	0	0
r_1083	uroporphyrinogen-III synthase	0	0.0872194	0	0.0654273	0	0.000147353
r_1084	UTP-glucose-1-phosphate uridylyltransferase	-1000	9.82831	-101.048	9.82831	-35.924	1.44623
r_1085	V-ATPase, Golgi	0	8.32524	0	8.32524	0	1.30007
r_1086	V-ATPase, vacuole	0	8.32524	0	8.32524	0	0.919726
r_1087	valine transaminase	0	1.1	0	1.1	0	0.210868
r_1088	valine transaminase, mitochondiral	-1.1	0	-1.1	0	-0.210868	0
r_1089	valyl-tRNA synthetase	0	0.0276852	0	0.0276852	0	0.0276201
r_1090	valyl-tRNA synthetase	0	0	0	0	0	0
r_1091	xanthine phosphoribosyltransferase	0	1.92121	0	1.85011	0	0.000285391
r_1092	xylitol dehydrogenase (D-xyulose-forming)	0	0	0	0	0	0
r_1093	xylose reductase	0	0	0	0	0	0
r_1094	xylulokinase	0	0	0	0	0	0
r_1095	yUMP synthetase	0	0	0	0	0	0
r_1096	(R)-mevalonate transport	-0.66	0	-0.66	0	-0.0789105	-1.11022e-16
r_1097	(R,R)-butanediol transport	0	1.1	0	1.1	0	1.1
r_1098	2-methylbutyl transport	0	0.64532	0	0.64532	0	0.305186
r_1099	2-oxoadipate and 2-oxoglutarate transport	0	0.0289872	0	0.0289872	0	0.028919
r_1100	3-hexaprenyl-4,5-dihydroxybenzoate transport	0	0	0	0	0	0
r_1101	4-aminobutyrate transport	0	0	0	0	0	0
r_1102	5-aminolevulinate transport	0	0	0	0	0	0
r_1103	5-formyltetrahydrofolic acid transport	0	0	0	0	0	0
r_1104	8-Amino-7-oxononanoate transport	0	0	0	0	0	0
r_1106	acetate transport	0	0.0894835	0	0.0894835	0	0.0249632
r_1107	acetic ester transport	0	1.1497	0	1.1497	0	1.10139
r_1108	adenine transport	0	0	0	0	0	0
r_1109	adenosine transport	0	0	0	0	0	0
r_1110	ADP/ATP transporter	-1.5	11.845	-1.5	11.4343	-1.02415	7.67036
r_1111	ADP/ATP transporter	0	0	0	0	0	0
r_1112	AKG transporter, mitochonrial	-16.545	1000	-8.89693	21.879	-2.99465	0.703667
r_1113	allantoate uniport	0	0	0	0	0	0
r_1114	allantoin uniport	0	0	0	0	0	0
r_1115	ammonia transport	0	3.24392	0	3.24392	0	1.15899
r_1116	AMP/ATP transporter	0	4.91415	0	0.162831	0	0.0830147
r_1118	aspartate-glutamate transporter	0	0	0	0	0	0
r_1119	biotin uptake	0	0	0	0	0	0
r_1120	carnithine-acetylcarnithine carrier	0	1.97023	0	1.43843	0	0.104074
r_1121	ceramide-2' (sphinganine:n-C24:0OH) transport	0	3.12196	0	1.52921	0	0.00152253
r_1122	ceramide-2' (sphinganine:n-C26:0OH) transport	0	3.12196	0	2.95366	0	0.00152253
r_1123	ceramide-3 (Phytosphingosine:n-C24:0OH) transport	0	3.12196	0	1.58839	0	0.00152253
r_1124	ceramide-3 (Phytosphingosine:n-C26:0OH) transport	0	3.12196	0	1.5832	0	0.00152253
r_1125	choline transport	0	8.32524	0	4.89841	0	4.38815
r_1126	citrate transport	-13.0521	1000	-5.57806	21.879	-0.0293689	0.0293689
r_1127	citrate transport	-0.845275	0	-0.804895	0	-0.0293689	0
r_1128	citrate transport	-1000	1000	-26.4678	27.318	-0.0293689	0.0293689
r_1129	coenzyme A transport	0	2.558	0	2.558	0	0.0827978
r_1130	CTP transport	0	2.23371	0	2.1959	0	0.0416722
r_1131	CTP/CMP antiport	0	2.04756	0	2.02421	0	0.0416722
r_1132	cytidine transport	0	0	0	0	0	0
r_1133	cytosine transport	0	0	0	0	0	0
r_1134	D-fructose transport	0	0	0	0	0	0
r_1135	D-galactose transport	0	0	0	0	0	0
r_1136	D-lactate transport	0	0	0	0	0	0
r_1137	D-lactate transport	0	2.76	0	2.47525	0	0.810038
r_1138	D-lactate/pyruvate antiport	-2.76	3.11096	-2.47525	3.11096	-0.810038	0.0257592
r_1139	D-mannose transport	0	0	0	0	0	0
r_1146	episterol transport	-0.0902849	0	-0.0495568	0	-0.000355085	0
r_1147	ergosterol transport	-0.0885657	0	-0.0816218	0	-0.00323758	0
r_1148	ergosterol transport	0	0	0	0	0	0
r_1149	ethanolamine transport	0	0	0	0	0	0
r_1151	fadH2 transport	0	8.8e-07	0	8.8e-07	0	8.77929e-07
r_1161	fecosterol transport	-0.0902849	0	-0.0503689	0	-0.000355085	0
r_1162	fecosterol transport	0	0	0	0	0	0
r_1164	folic acid transport	0	0	0	0	0	0
r_1165	GDP-mannose antiport	0	8.32524	0	8.03615	0	6.62964
r_1166	glucose transport	0.0364735	1.1	0.0364735	1.1	0.0364735	1.1
r_1167	glutathione transport	0	0	0	0	0	0
r_1168	glutathione transport	-8.32524	0	-8.12109	0	-0.00785899	1.73472e-18
r_1169	glycero-3-phospho-1-inositol transport	-0.55085	0	-0.131438	0	-0.00152253	0
r_1170	glycero-3-phosphocholine transport	-0.317371	0	-0.105682	0	-0.00910286	0
r_1171	glycerol transport	0	8.32524	0	8.32524	0	8.14737
r_1172	glycerol transport via channel	0	8.32524	0	8.32524	0	8.14737
r_1173	glycine transport	-2.80601	0	-2.80601	0	-0.485611	0
r_1174	glycogen vacuolar 'transport' via autophagy	0	4.91415	0	4.91415	0	1.26695
r_1175	GTP/GDP translocase	0	6.14269	0	6.13434	0	0.0415949
r_1176	guanine transport	0	0	0	0	0	0
r_1177	inositol transport	0	0	0	0	0	0
r_1178	iron (II) transport	0	0.0872194	0	0.0654273	0	0.000149961
r_1179	iron (II) transport	0	0.0872194	0	0.0654273	0	0.000147353
r_1180	isoamyl acetate transport	0	0.57594	0	0.57594	0	0.0860304
r_1181	isobutyl acetate transport	0	0.750804	0	0.750804	0	0.210868
r_1182	isopentenyl diphosphate transport	0	0	0	0	0	0
r_1183	L-alanine transport	0	0	0	0	0	0
r_1184	L-arganine transport	0	0	0	0	0	0
r_1185	L-arganine transport	0	1000	0	69.0835	0	61.5127
r_1186	L-asparagine transport	0	0	0	0	0	0
r_1187	L-asparagine transport	0	1000	0	0.845088	0	0.752476
r_1188	L-aspartate transport	0	1000	0	0.845088	0	0.752476
r_1189	L-aspartate transport	0	0	0	0	0	0
r_1190	L-aspartate transport	0	0	0	0	0	0
r_1191	L-carnitine transport	0	0	0	0	0	0
r_1192	L-cystine transport	0	0	0	0	0	0
r_1193	L-cystine transport	0	0	0	0	0	0
r_1194	L-glutamate transport	0	12.7912	0	6.72809	0	0.210868
r_1195	L-glutamate transport	0	0	0	0	0	0
r_1196	L-glutamate transport	0	0	0	0	0	0
r_1197	L-glutamine transport	0	1000	0	1.60815	0	1.43191
r_1198	L-glutamine transport	0	1000	0	1.60815	0	1.43191
r_1199	L-glutamine transport	0	0	0	0	0	0
r_1200	L-histidine transport, vacuolar	0	1000	0	26.2579	0	23.3803
r_1201	L-histidine transport	0	0	0	0	0	0
r_1202	L-isoleucine transport	-1000	1000	-4.23372	0.795439	-3.76975	0.708268
r_1203	L-isoleucine transport	0	1000	0	0.795439	0	0.708268
r_1204	L-isoleucine transport	0	1000	0	4.23372	0	3.76975
r_1205	L-isoleucine transport	0	0	0	0	0	0
r_1206	L-lactate transport	0	0	0	0	0	0
r_1207	L-lactate transport	0	0	0	0	0	0
r_1208	L-leucine transport, vacuoluar	-1000	1000	-31.1185	1.22389	-27.7082	1.08976
r_1209	L-leucine transport, vacuoluar	0	1000	0	1.22389	0	1.08976
r_1210	L-leucine transport, vacuoluar	0	1000	0	31.1185	0	27.7082
r_1211	L-leucine transport	0	0	0	0	0	0
r_1212	L-lysine transport	0	1000	0	40.416	0	35.9869
r_1213	L-lysine transport	0	0	0	0	0	0
r_1214	L-methionine transport	0	0	0	0	0	0
r_1215	L-phenylalanine transport	0	0	0	0	0	0
r_1216	L-proline transport	0	0	0	0	0	0
r_1217	L-serine transport	0	0	0	0	0	0
r_1218	L-threonine transport	0	0	0	0	0	0
r_1219	L-tryptophan transport	0	0	0	0	0	0
r_1220	L-tyrosine transport	-1000	1000	-50.8711	16.3925	-45.2962	14.5961
r_1221	L-tyrosine transport	0	1000	0	16.3925	0	14.5961
r_1222	L-tyrosine transport	0	1000	0	50.8711	0	45.2962
r_1223	L-tyrosine transport	0	0	0	0	0	0
r_1224	L-valine transport	0	0	0	0	0	0
r_1225	lanosterol transport	-0.108197	0	-0.103228	0	-0.00323758	0
r_1226	malate transport	0	2.76	0	2.49353	0	0.0105588
r_1227	maltose transport	0	0	0	0	0	0
r_1228	N,N'-diformyldityrosine transport	0	0.231643	0	0.231643	0	0.0146845
r_1229	NAD transport	0	0	0	0	0	0
r_1230	NAD transport	0	0	0	0	0	0
r_1231	NAD transport	0	0	0	0	0	0
r_1232	NAD transport	0	0	0	0	0	0
r_1235	nicotinate transport	-1.056e-07	0	-1.056e-07	0	-1.05351e-07	0
r_1236	octadecanoate (n-C18:0) transport	-3.12196	1.82212	-0.0699695	0.0815745	-0.00273048	0.000216869
r_1237	ornithine transport	0	2.08584	0	1.77496	0	0.0170578
r_1238	orntithine transport	0	0	0	0	0	0
r_1239	oxaloacetate transport	0	2.76	0	2.49543	0	0.560652
r_1241	pantothenate transport	0	0	0	0	0	0
r_1242	pentaprenyl diphosphate transport	0	0	0	0	0	0
r_1243	phenethyl acetate transport	0	0.493215	0	0.493215	0	0.0293689
r_1244	phosphate transport	0	1.86933	0	1.86933	0	1.11261
r_1245	phosphate transport	0	12.111	0	12.111	0	7.90234
r_1249	potassium transport	0	0.00031944	0	0.00031944	0	0.000318688
r_1250	putrescine excretion	0	0	0	0	0	0
r_1251	putrescine transport	-1.01538	0	0	1.01538	0	0.0170578
r_1252	putrescine transport	0	0	0	0	0	0
r_1253	pyridoxine symport	0	0	0	0	0	0
r_1254	pyruvate transport	0	0	0	0	0	0
r_1255	S-adenosyl-L-methionine transport	0	0	0	0	0	0
r_1256	S-adenosyl-L-methionine transport	0	0	0	0	0	0
r_1257	S-methylmethionine permease	0	0	0	0	0	0
r_1258	sodium proton antiporter	-8.46428	0	-8.46428	0	-8.21024	0
r_1259	spermidine excretion	0	0	0	0	0	0
r_1260	spermidine transport	-0.480716	0	0	0.480716	0	0.000160873
r_1261	spermidine transport	0	0	0	0	0	0
r_1262	spermine transport	-0.309872	0	0	0.309769	0	8.04365e-05
r_1263	spermine transport	0	0	0	0	0	0
r_1264	succinate transport	0	2.76	0	2.48588	0	0.010171
r_1265	succinate-fumarate transport	0	5.07069	0	5.05889	0	0.401971
r_1266	sulfate uniport	0	2.43269	0	2.43269	0	0.0561603
r_1267	sulfite transport	0	2.43269	0	2.43269	0	0.0544392
r_1268	taurine transport	0	0	0	0	0	0
r_1269	thiamine diphosphate transport	0	0	0	0	0	0
r_1270	thiamine transport	0	0	0	0	0	0
r_1271	UDPgalactose transport	0	0	0	0	0	0
r_1272	uracil transport	0	0	0	0	0	0
r_1273	urea transport	0	0	0	0	0	0
r_1274	uridine transport	0	0	0	0	0	0
r_1275	UTP transport	0	0	0	0	0	0
r_1276	UTP/UMP antiport	0	0	0	0	0	0
r_1277	water diffusion	-7.40926	-0.213747	-7.40926	-0.213747	-4.97107	-0.213747
r_1278	zymosterol transport	-0.0931055	0	-0.0849321	0	-0.00323758	0
r_1449	inositol-P-ceramide B' (C24) [Golgi] SLIME rxn	0	0	0	0	0	0
r_1450	inositol-P-ceramide B' (C26) [Golgi] SLIME rxn	0	0	0	0	0	0
r_1451	inositol-P-ceramide C (C24) [Golgi] SLIME rxn	0	0	0	0	0	0
r_1452	inositol-P-ceramide C (C26) [Golgi] SLIME rxn	0	0	0	0	0	0
r_1453	inositol-P-ceramide A (C24) [Golgi] SLIME rxn	0	0	0	0	0	0
r_1454	inositol-P-ceramide A (C26) [Golgi] SLIME rxn	0	0	0	0	0	0
r_1455	inositol-P-ceramide B (C24) [Golgi] SLIME rxn	0	0	0	0	0	0
r_1456	inositol-P-ceramide B (C26) [Golgi] SLIME rxn	0	0	0	0	0	0
r_1457	inositol-P-ceramide D (C24) [Golgi] SLIME rxn	0	0	0	0	0	0
r_1458	inositol-P-ceramide D (C26) [Golgi] SLIME rxn	0	0	0	0	0	0
r_1479	inositol phosphomannosylinositol phosphoceramide A (C24) [Golgi] SLIME rxn	0	0	0	0	0	0
r_1480	inositol phosphomannosylinositol phosphoceramide A (C26) [Golgi] SLIME rxn	0	0	0	0	0	0
r_1481	inositol phosphomannosylinositol phosphoceramide B' (C24) [Golgi] SLIME rxn	0	0	0	0	0	0
r_1482	inositol phosphomannosylinositol phosphoceramide B' (C26) [Golgi] SLIME rxn	0	0	0	0	0	0
r_1483	inositol phosphomannosylinositol phosphoceramide B (C24) [Golgi] SLIME rxn	0	0	0	0	0	0
r_1484	inositol phosphomannosylinositol phosphoceramide B (C26) [Golgi] SLIME rxn	0	0	0	0	0	0
r_1485	inositol phosphomannosylinositol phosphoceramide C (C24) [Golgi] SLIME rxn	0	0	0	0	0	0
r_1486	inositol phosphomannosylinositol phosphoceramide C (C26) [Golgi] SLIME rxn	0	0	0	0	0	0
r_1487	inositol phosphomannosylinositol phosphoceramide D (C24) [Golgi] SLIME rxn	0	0	0	0	0	0
r_1488	inositol phosphomannosylinositol phosphoceramide D (C26) [Golgi] SLIME rxn	0	0	0	0	0	0
r_1509	mannosylinositol phosphorylceramide B' (C24) [Golgi] SLIME rxn	0	0	0	0	0	0
r_1510	mannosylinositol phosphorylceramide B' (C26) [Golgi] SLIME rxn	0	0	0	0	0	0
r_1511	mannosylinositol phosphorylceramide C (C24) [Golgi] SLIME rxn	0	0	0	0	0	0
r_1512	mannosylinositol phosphorylceramide C (C26) [Golgi] SLIME rxn	0	0	0	0	0	0
r_1513	mannosylinositol phosphorylceramide A (C24) [Golgi] SLIME rxn	0	0	0	0	0	0
r_1514	mannosylinositol phosphorylceramide A (C26) [Golgi] SLIME rxn	0	0	0	0	0	0
r_1515	mannosylinositol phosphorylceramide B (C24) [Golgi] SLIME rxn	0	0	0	0	0	0
r_1516	mannosylinositol phosphorylceramide B (C26) [Golgi] SLIME rxn	0	0	0	0	0	0
r_1517	mannosylinositol phosphorylceramide D (C24) [Golgi] SLIME rxn	0	0	0	0	0	0
r_1518	mannosylinositol phosphorylceramide D (C26) [Golgi] SLIME rxn	0	0	0	0	0	0
r_1542	(1->3)-beta-D-glucan exchange	0	0	0	0	0	0
r_1543	(1->3)-beta-D-glucan transport	0	0	0	0	0	0
r_1545	(R)-carnitine exchange	0	0	0	0	0	0
r_1546	(R)-lactate exchange	0	0	0	0	0	0
r_1547	(R)-mevalonate exchange	0	0.66	0	0.66	0	0.0789105
r_1548	(R)-pantothenate exchange	0	0	0	0	0	0
r_1549	(R,R)-2,3-butanediol exchange	0	1.1	0	1.1	0	1.1
r_1550	(S)-3-methyl-2-oxopentanoate exchange	0	0.853631	0	0.853631	0	0.305186
r_1551	(S)-lactate exchange	0	0	0	0	0	0
r_1552	(S)-malate exchange	0	1.65	0	1.65	0	1.65
r_1553	1-(sn-glycero-3-phospho)-1D-myo-inositol exchange	0	0.55085	0	0.131438	0	0.00152253
r_1554	1-acylglycerophosphocholine exchange	0	0	0	0	0	0
r_1560	1D-myo-inositol 1,3,4,5,6-pentakisphosphate diffusion	0	4.16262	0	0.0353197	0	0.0314491
r_1562	1D-myo-inositol 1-phosphate transport	0	3.12196	0	2.95366	0	0.00152253
r_1563	2'-deoxyadenosine exchange	0	0	0	0	0	0
r_1564	2'-deoxyguanosine exchange	0	0	0	0	0	0
r_1565	2'-deoxyinosine exchange	0	0	0	0	0	0
r_1566	2'-deoxyuridine exchange	0	0	0	0	0	0
r_1567	2-dehydro-3-deoxy-D-arabino-heptonate7-phohsphate transport	-0.845275	0	-0.804895	0	-0.0293689	0
r_1568	2-dehydropantoate transport	-1.672e-05	0	-1.672e-05	0	-1.66807e-05	0
r_1572	2-isopropylmalate exchange	0	0.749912	0	0.749912	0	0.242695
r_1573	2-isopropylmalate transport	0	0.749912	0	0.749912	0	0.242695
r_1574	2-isopropylmalate transport	-0.733333	0	-0.733333	0	-0.031827	0
r_1575	2-methyl-1-butanol transport	0	0.846702	0	0.846702	0	0.305186
r_1576	2-methyl-1-butanol transport	-0.846702	0	-0.846702	0	-0.305186	0
r_1577	2-methylbutanal exchange	0	0.880729	0	0.880729	0	0.305186
r_1578	2-methylbutanal transport	0	0.880729	0	0.880729	0	0.305186
r_1579	2-methylbutanal transport	0	0.846702	0	0.846702	0	0.305186
r_1580	2-methylbutanol exchange	0	0.846702	0	0.846702	0	0.305186
r_1581	2-methylbutyl acetate exchange	0	0.64532	0	0.64532	0	0.305186
r_1582	2-methylpropanal transport	0	1.1	0	1.1	0	0.210868
r_1583	2-methylpropanal transport	0	1.1	0	1.1	0	0.210868
r_1585	2-oxobutanoate transporter	-1.43594	0.880729	-1.41502	0.880729	-0.0487741	0.305186
r_1586	2-oxoglutarate exchange	0	1.1458	0	1.1458	0	0.210868
r_1587	2-oxoglutarate transport	0	0	0	0	0	0
r_1588	2-oxoglutarate transport	-1000	1000	-1000	1000	-1000	1000
r_1589	2-phenylethanol exchange	0	0.600565	0	0.600565	0	0.0293689
r_1590	2-phenylethanol transport	-0.600565	0	-0.600565	0	-0.0293689	0
r_1591	2-phenylethanol transport	0	0.600565	0	0.600565	0	0.0293689
r_1595	3-carboxy-4-methyl-2-oxopentanoate transport	0	0	0	0	0	0
r_1596	3-methyl-2-oxopentanoate transport	-0.87456	2.76	-0.87456	2.38841	-0.305186	0.210868
r_1597	3-methyl-oxopentanoate trasport	-0.853631	0	-0.853631	0	-0.305186	0
r_1598	3-methylbutanal exchange	0	0.767487	0	0.767487	0	0.0860304
r_1599	3-methylbutanal transport	0	0.767487	0	0.767487	0	0.0860304
r_1600	3-methylbutanal transport	0	0.757781	0	0.757781	0	0.0860304
r_1601	3-octaprenyl-4-hydroxybenzoate transport	0	0	0	0	0	0
r_1603	4-amino-5-hydroxymethyl-2-methylpyrimidine synthetase	0	1.056e-07	0	1.056e-07	0	1.05352e-07
r_1604	4-aminobenzoate exchange	0	0.711662	0	0.0840211	0	5.88491e-06
r_1605	4-aminobenzoate transport	0	0.711662	0	0.0840211	0	5.88491e-06
r_1606	4-aminobenzoate transport	0	5.5792e-06	0	5.5792e-06	0	5.56607e-06
r_1607	4-aminobutanal transport	0	5.6558	0	5.6558	0	3.53959
r_1608	4-aminobutyrate transport	-5.6558	0	-5.6558	0	-3.53959	0
r_1609	4-hydroxy-2-oxoglutarate transport	0	0	0	0	0	0
r_1610	4-hydroxy-2-oxoglutarate transport	0	0	0	0	0	0
r_1611	4-hydroxybenzoate transport	0	0	0	0	0	0
r_1613	5'-nucleotidase (AMP)	0	8.32524	0	8.32524	0	0.738704
r_1614	5'-nucleotidase (dAMP)	0	0	0	0	0	0
r_1615	5'-nucleotidase (dCMP)	0	8.32524	0	8.31402	0	7.93432
r_1616	5'-nucleotidase (dGMP)	0	0	0	0	0	0
r_1617	5'-nucleotidase (dTMP)	0	8.32524	0	8.32524	0	8.08067
r_1618	5'-nucleotidase (dUMP)	0	8.32524	0	8.32524	0	8.14737
r_1619	5'-nucleotidase (GMP)	0	8.32524	0	8.32524	0	8.14737
r_1620	5'-nucleotidase (XMP)	0	0	0	0	0	0
r_1621	5-aminolevulinate exchange	0	0	0	0	0	0
r_1622	5-aminolevulinate transport	-0.697755	0	-0.523418	0	-0.00117882	0
r_1623	5-formethyltetrahydrofolate cyclo-ligase	0	7.91913	0	7.90172	0	7.47904
r_1624	5-formyltetrahydrofolate:10-formyltetrahydrofolate isomerase	0	0	0	0	0	0
r_1625	5-formyltetrahydrofolic acid exchange	0	0	0	0	0	0
r_1627	7,8-diaminononanoate exchange	0	0	0	0	0	0
r_1628	7,8-diaminononanoate transport	0	0	0	0	0	0
r_1629	8-amino-7-oxononanoate exchange	0	0	0	0	0	0
r_1630	9H-xanthine exchange	0	0.472802	0	0.472802	0	0.0459804
r_1631	acetaldehyde exchange	0	2.2	0	2.2	0	2.2
r_1632	acetaldehyde transport	-1000	0	-43.1997	0	-5.22626	0
r_1633	acetaldehyde transport	-2.2	0	-2.2	0	-2.2	0
r_1634	acetate exchange	0	0.0894835	0	0.0894835	0	0.0249632
r_1635	acetate transport	0	0	0	0	0	0
r_1637	acetyl-CoA transport	0	0	0	0	0	0
r_1638	acetylcarnitine transport	0	1.97023	0	1.43843	0	0.104074
r_1639	adenine exchange	0	0	0	0	0	0
r_1640	adenine transport	0	0	0	0	0	0
r_1641	adenosine 3',5'-bismonophosphate exchange	0	0.350922	0	0.350922	0	0.0459804
r_1642	adenosine 3',5'-bisphosphate transport	-2.49757	0	-2.49757	0	-0.086902	0
r_1643	adenosine exchange	0	0	0	0	0	0
r_1644	ADP transport	-8.32524	0	-8.32524	0	-1.35291	0
r_1645	ADP transport	-8.32524	0	-8.32524	0	-7.9947	0
r_1647	AKG transporter, peroxisome	-1.07226	0	-0.912439	0	-0.104074	0
r_1648	allantoate exchange	0	0	0	0	0	0
r_1649	allantoin exchange	0	0	0	0	0	0
r_1650	trehalose exchange	0	0	0	0	0	0
r_1651	alpha-D-glucosamine 6-phosphate exchange	0	0.919755	0	0.919755	0	0.217705
r_1652	alpha-ketoglutarate/malate transporter	-1000	1000	-1000	1000	-1000	1000
r_1654	ammonium exchange	-3.24392	0	-3.24392	0	-1.15899	0
r_1656	AMP transport	0	0	0	0	0	0
r_1657	arginine transport	0	0	0	0	0	0
r_1658	asparagine transport	0	0	0	0	0	0
r_1659	aspartate-glutamate transporter	-1.07226	0.504737	-0.912439	0.168634	-0.104074	0.00399946
r_1660	ATP diffusion	0	8.32524	0	8.32524	0	1.35291
r_1661	ATP transport	0	8.32524	0	8.32524	0	7.9947
r_1663	bicarbonate exchange	0	0	0	0	0	0
r_1664	bicarbonate formation	0	0	0	0	0	0
r_1665	bicarbonate formation	-1000	1000	-122.586	122.586	-109.152	109.152
r_1667	bicarbonate formation	-1000	1000	-122.586	122.586	-109.152	109.152
r_1668	bicarbonate formation	0	0	0	0	0	0
r_1669	bicarbonate transport	-1000	1000	-122.586	122.586	-109.152	109.152
r_1671	biotin exchange	0	0	0	0	0	0
r_1672	carbon dioxide exchange	0	2.7	0	2.7	0	2.7
r_1673	carnitine transport	0	1.97023	0	1.43843	0	0.104074
r_1674	carnitine-acetylcarnitine carrier	0	1.97023	0	1.43843	0	0.104074
r_1675	CDP transport	0	0	0	0	0	0
r_1676	ceramide transport	-3.12196	0	-2.95366	0	-0.00152253	0
r_1677	ceramide transport	-3.12196	0	-1.64776	0	-0.00152253	0
r_1678	ceramide transport	-3.12196	0	-1.62859	0	-0.00152253	0
r_1679	ceramide transport	-3.12196	0	-1.58486	0	-0.00152253	0
r_1680	ceramide transport	-3.12196	0	-1.64022	0	-0.00152253	0
r_1681	ceramide transport	-3.12196	0	-1.62185	0	-0.00152253	0
r_1682	cholestenol delta-isomerase, lumped reaction	0	0.0894566	0	0.0835988	0	0.00323758
r_1683	choline exchange	0	0.415554	0	0.377689	0	0.00910286
r_1684	choline transport	0	3.12196	0	0.559189	0	0.0132315
r_1685	chorismate pyruvate lyase	0	0	0	0	0	0
r_1686	citrate transport	-1.1	0	-1.1	0	-0.210868	0
r_1687	citrate exchange	0	1.1	0	1.1	0	0.210868
r_1688	citrate/isocitrate antiport	-0.504737	0	-0.168634	0	-0.00399946	0
r_1689	citrate/malate antiport	-0.500201	1.47072	-0.168634	1.32043	-0.00399946	0.0109297
r_1690	CMP nucleosidase	0	2.1718	0	2.1606	0	0.149812
r_1691	CO2 transport	0	0	0	0	0	0
r_1694	CO2 transport	-1000	1000	-122.586	122.586	-109.152	109.152
r_1695	CO2 transport	-0.504737	0	-0.168634	0	-0.00399946	0
r_1696	CO2 transport	-16.545	0	-10.4473	0	-4.88267	0
r_1697	CO2 transport	0	2.7	0	2.7	0	2.7
r_1698	coenzyme A transport	-4.91415	0	-1.42528e-06	0	-2.27842e-09	0
r_1699	coenzyme A transport	0	0	0	0	0	0
r_1700	coenzyme A transport	-1.06502	3.12196	-0.162831	0.179273	-0.0827978	0.0305445
r_1702	cytidine exchange	0	0	0	0	0	0
r_1703	cytidylate kinase (CMP)	0	8.32524	0	8.32524	0	2.49481
r_1704	cytidylate kinase (dCMP)	-0.441941	4.91415	-0.441941	4.91415	-0.0286337	0.444198
r_1705	cytosine exchange	0	0	0	0	0	0
r_1706	D-arabinose exchange	0	0	0	0	0	0
r_1707	D-arabinose transport	0	0	0	0	0	0
r_1708	D-erythrose 4-phosphate transport	0	0.845275	0	0.804895	0	0.0293689
r_1709	D-fructose exchange	0	0	0	0	0	0
r_1710	D-galactose exchange	0	0	0	0	0	0
r_1711	D-galacturonate exchange	0	0	0	0	0	0
r_1712	D-glucitol exchange	0	0	0	0	0	0
r_1713	D-glucosamine 6-phosphate uniport	-0.919755	0	-0.919755	0	-0.217705	0
r_1714	D-glucose exchange	-1.1	-0.0364735	-1.1	-0.0364735	-1.1	-0.0364735
r_1715	D-mannose exchange	0	0	0	0	0	0
r_1716	D-ribose exchange	0	0	0	0	0	0
r_1717	D-sorbitol transport	0	0	-3.55271e-15	0	0	0
r_1718	D-xylose exchange	0	0	0	0	0	0
r_1719	D-xylose transport	0	0	0	0	0	0
r_1720	dADP transport	0	0	0	0	0	0
r_1721	dCDP transport	0	0	0	0	0	0
r_1722	ATP deamination	0	2.49757	0	2.49757	0	0.0762971
r_1723	dATP deamination	0	0	0	0	0	0
r_1724	ADP deamination	0	3.56338	0	3.56338	0	0.0762971
r_1725	dADP deamination	0	0	0	0	0	0
r_1726	deamino-NAD+ diffusion	0	0	0	0	0	0
r_1727	decanoate exchange	0	0.263663	0	0.179273	0	0.0296822
r_1728	deoxyadenosine transport	0	0	0	0	0	0
r_1729	deoxyadenylate kinase	-0.0003168	4.91415	-0.0003168	4.91415	-0.000316055	0.00814329
r_1730	deoxycytidine exchange	0	0	0	0	0	0
r_1731	deoxycytidine transport	0	0	0	0	0	0
r_1732	deoxyguanosine transport	0	0	0	0	0	0
r_1733	deoxyinosine transport	0	0	0	0	0	0
r_1734	deoxyuridine kinase (ATP:deoxyuridine)	0	8.32524	0	8.32524	0	8.14737
r_1735	deoxyuridine transport	0	0	0	0	0	0
r_1736	dephospho-CoA kinase	0	2.49757	0	2.49757	0	0.00388729
r_1737	dGDP transport	0	0	0	0	0	0
r_1738	dhnpt transport	0	5.5792e-06	0	5.57858e-06	0	5.56607e-06
r_1739	diamine transaminase	0	0	0	0	0	0
r_1743	dihydrofolate transport	0	0	0	0	0	0
r_1744	dihydroneopterin triphosphate pyrophosphatase	0	5.5792e-06	0	5.5792e-06	0	5.56607e-06
r_1745	dihydropteroate transport	-5.5792e-06	0	-5.5792e-06	0	-5.56607e-06	0
r_1746	dihydroxyacetone phosphate transport	-0.552137	5.07069	-0.133036	5.05807	-0.0125188	0.159691
r_1747	diphosphate transport	-4.91415	0	-0.162831	0	-0.0830147	0
r_1748	dolichol phosphate transport	-0.0617795	0	-0.0617795	0	-0.0616341	0
r_1749	dTTP exchange	0	0.417817	0	0.417817	0	0.0647058
r_1750	dTTP uniport	-0.417817	0	-0.417817	0	-0.0647058	0
r_1751	dUDP diffusion	-4.91415	0	-4.91415	0	-0.0352924	0
r_1752	dUMP transport	0	4.91415	0	4.91415	0	0.0352924
r_1753	episterol exchange	0	0.0902849	0	0.0495568	0	0.000355085
r_1754	ergosta-5,6,22,24,(28)-tetraen-3beta-ol transport	0	0.0885657	0	0.0816218	0	0.00323758
r_1757	ergosterol exchange	0	0.0885657	0	0.0816218	0	0.00323758
r_1758	ergosterol transport	-1000	1000	-1000	1000	-1000	1000
r_1759	ergosterol transport	-4.91415	0	-0.0238266	0	-0.0201352	0
r_1761	ethanol exchange	0	1e-05	0	1e-05	0	1e-05
r_1762	ethanol transport	0	1e-05	0	1e-05	0	1e-05
r_1763	ethanol transport, mitochondrial	-1000	2.50355	-43.1997	1.38544	-4.97597	0.680931
r_1764	ethanolamine exchange	0	0	0	0	0	0
r_1765	ethyl acetate exchange	0	1.1497	0	1.1497	0	1.10139
r_1766	farnesyl diphosphate transport	0	0.0872194	0	0.0654273	0	0.000147353
r_1770	fatty acid transport	-0.263663	0	-0.179273	0	-0.0296822	0
r_1771	fatty acid transport	-3.12196	0	-0.105818	0	-0.0300708	0
r_1772	fatty acid transport	-3.12196	1.82212	-0.107017	0.0469227	-0.0303276	0.000216869
r_1774	fatty acid transport	-3.12196	1.82212	-0.0846488	0.0832925	-0.00283468	0.000216869
r_1775	fatty acid transport	-3.12196	0.261691	-0.172236	0.118816	-0.0303276	0.000216869
r_1776	fatty acid transport	-0.27123	0	-0.176302	0	-0.0148708	0
r_1777	myristate (n-C14:0) transport	-0.236538	0	-0.107017	0	-0.0296822	0
r_1788	fecosterol exchange	0	0.0902849	0	0.0503689	0	0.000355085
r_1790	FMN adenylyltransferase	0	8.8e-07	0	8.8e-07	0	8.77929e-07
r_1791	FMN exchange	0	0	0	0	0	0
r_1792	folic acid exchange	0	0	0	0	0	0
r_1793	formate exchange	0	1.78708	0	1.78708	0	0.16743
r_1794	formate transport	0	0	0	0	0	0
r_1795	formate transport	-1.78708	0	-1.78708	0	-0.16743	0
r_1796	formate transport	-1.65	0	-1.65	0	-1.65	0
r_1797	fructose-1-phosphate kinase	0	0	0	0	0	0
r_1798	fumarate exchange	0	1.65	0	1.65	0	1.65
r_1800	gamma-aminobutyrate exchange	0	0	0	0	0	0
r_1801	GDP transport	-8.32524	0	-8.03615	0	-6.62964	0
r_1802	GDP transport	0	0	0	0	0	0
r_1803	GDP-alpha-D-mannose transport	-8.32524	0	-8.03615	0	-6.62964	0
r_1805	glucose transport, vacuolar	-6.24393	0	-5.51784	0	-1.49925	0
r_1806	glutathione disulfide exchange	0	0	0	0	0	0
r_1807	glutathione exchange	0	0	0	0	0	0
r_1808	glycerol exchange	0	0.00189338	0	0.00189338	0	0.00189338
r_1809	glycerol-3-phosphate shuttle	-0.552137	5.07069	-0.133036	5.05807	-0.0125188	0.159691
r_1810	L-glycine exchange	0	2.80601	0	2.80601	0	0.485611
r_1811	glycine transport	-1.6016e-05	0.697755	-1.60135e-05	0.523418	-1.59783e-05	0.00117882
r_1812	glycoaldehyde transport	-5.5792e-06	0	-5.57858e-06	0	-5.56607e-06	0
r_1813	glycoaldehyde transport	-5.6848e-06	0	-5.6848e-06	0	-5.67142e-06	0
r_1814	glycolaldehyde exchange	0	5.6848e-06	0	5.6848e-06	0	5.67142e-06
r_1815	glyoxylate exchange	0	1.788	0	0.184176	0	0.162736
r_1816	glyoxylate transport	0	1.788	0	0.184176	0	0.162736
r_1817	glyoxylate transport	0	1.07226	0	0.912439	0	0.104074
r_1818	guanine exchange	0	0	0	0	0	0
r_1819	guanine transport	0	0	0	0	0	0
r_1820	guanosine exchange	0	0	0	0	0	0
r_1821	guanosine kinase	0	8.32524	0	8.32524	0	8.14737
r_1822	guanosine transport	0	0	0	0	0	0
r_1823	guanosine transport	0	0	0	0	0	0
r_1824	H+ diffusion	0	8.32524	0	8.32524	0	8.14737
r_1825	H+ diffusion	-8.32524	0.177131	-8.32524	0.163244	-7.9947	0.00647516
r_1826	H+ diffusion	-16.6505	0	-16.6505	0	-9.10748	0
r_1827	H+ diffusion	-4.91415	3.94353	-0.316431	0.393444	-0.0303276	0.0182922
r_1829	H+ diffusion	-1000	1000	-122.586	122.586	-109.152	109.152
r_1830	H+ diffusion	-3.12196	1.91902	-1.43481	1.62231	-0.132644	0.111524
r_1831	H+ diffusion	-1000	1000	-61.0282	69.0835	-50.3129	61.5127
r_1832	H+ exchange	-3.76948	4.56217	-3.76948	4.56217	-1.55592	3.50289
r_1833	hexacosanoyl-CoA transport	0	4.91415	0	1.42528e-06	0	2.2784e-09
r_1834	hexadecanal exchange	0	0	0	0	0	0
r_1835	hexadecanoate (n-C16:0) transport	-0.223026	0	-0.222925	0	-0.0296822	0
r_1836	hexadecenoate (n-C16:1) transport	-0.217406	0	-0.217234	0	-0.0296822	0
r_1837	L-histidine transport, mitochondrial	0	0	0	0	0	0
r_1838	homocitrate synthase	0	0.0289872	0	0.0289872	0	0.028919
r_1839	hydrogen peroxide transport	0	0	0	0	0	0
r_1840	hydroxymethylglutaryl-CoA transport	-0.66	0	-0.66	0	-0.0789105	0
r_1841	hypoxanthine exchange	0	0.561335	0	0.561335	0	0.0459804
r_1842	hypoxanthine transport	-0.561335	0	-0.561335	0	-0.0459804	0
r_1843	indol-3-ylacetaldehyde exchange	0	0.4751	0	0.4751	0	0.0131443
r_1844	indole-3-acetaldehyde transport	0	0.463018	0	0.463018	0	0.0131443
r_1845	indole-3-acetaldehyde transport	0	0.4751	0	0.4751	0	0.0131443
r_1846	indole-3-acetate transport	0	0	0	0	0	0
r_1847	inosine exchange	0	0	0	0	0	0
r_1848	inosine transport	0	0	0	0	0	0
r_1849	inositol hexakisphosphate transport	-4.16262	0	-0.0353197	0	-0.0314491	0
r_1850	insosine kinase	0	8.32524	0	8.32524	0	0.0476225
r_1851	IPC transport	0	3.12196	0	2.95366	0	0.00152253
r_1852	IPC transport	0	3.12196	0	1.64776	0	0.00152253
r_1853	IPC transport	0	3.12196	0	1.52921	0	0.00152253
r_1854	IPC transport	0	3.12196	0	1.58839	0	0.00152253
r_1855	IPC transport	0	3.12196	0	1.62859	0	0.00152253
r_1856	IPC transport	0	3.12196	0	1.58486	0	0.00152253
r_1857	IPC transport	0	3.12196	0	1.64022	0	0.00152253
r_1858	IPC transport	0	3.12196	0	2.95366	0	0.00152253
r_1859	IPC transport	0	3.12196	0	1.5832	0	0.00152253
r_1860	IPC transport	0	3.12196	0	1.62185	0	0.00152253
r_1861	iron(2+) exchange	-0.0872194	0	-0.0654273	0	-0.000149961	0
r_1862	isoamyl acetate exchange	0	0.57594	0	0.57594	0	0.0860304
r_1863	isoamyl alcohol transport	0	0.757781	0	0.757781	0	0.0860304
r_1864	isoamyl alcohol transport	-0.757781	0	-0.757781	0	-0.0860304	0
r_1865	isoamylol exchange	0	0.757781	0	0.757781	0	0.0860304
r_1866	isobutanol exchange	0	1.1	0	1.1	0	0.210868
r_1867	isobutyl acetate exchange	0	0.750804	0	0.750804	0	0.210868
r_1868	isobutyl alcohol transport	0	1.1	0	1.1	0	0.210868
r_1869	isobutyl alcohol transport	-1.1	0	-1.1	0	-0.210868	0
r_1870	isobutyraldehyde exchange	0	1.1	0	1.1	0	0.210868
r_1871	L-1-pyrroline-3-hydroxy-5-carboxylate spontaneous conversion to L-4-hydroxyglutamate semialdehyde	0	1000	0	5.20845	0	0.0088369
r_1872	L-2-amino-3-oxobutanoate decarboxylation (spontaneous)	0	0	0	0	0	0
r_1873	L-alanine exchange	0	0	0	0	0	0
r_1874	L-alanine transport	0	12.4879	0	6.59243	0	0.0604528
r_1875	L-arabinitol exchange	0	0	0	0	0	0
r_1876	L-arabinitol transport	0	0	0	0	0	0
r_1877	L-arabinoase transport	0	0	0	0	0	0
r_1878	L-arabinose exchange	0	0	0	0	0	0
r_1879	L-arginine exchange	0	0	0	0	0	0
r_1880	L-asparagine exchange	0	0	0	0	0	0
r_1881	L-aspartate exchange	0	0	0	0	0	0
r_1882	L-carnitine transport	0	1.97023	0	1.43657	0	0.104074
r_1883	L-cysteine exchange	0	0	0	0	0	0
r_1884	L-erythro-4-hydroxyglutamate transport	0	0	0	0	0	0
r_1885	L-erythro-4-hydroxyglutamate transport	0	0	0	0	0	0
r_1886	L-glucitol exchange	0	0	0	0	0	0
r_1887	L-glutamate 5-semialdehyde dehydratase	0	2.7166	0	2.7166	0	0.0249658
r_1889	L-glutamate exchange	0	0	0	0	0	0
r_1890	L-glutamate transport	0	0	0	0	0	0
r_1891	L-glutamine exchange	0	0	0	0	0	0
r_1892	L-glutamine transport	0	0	0	0	0	0
r_1893	L-histidine exchange	0	0	0	0	0	0
r_1895	L-homoserine transport	-1.37963	0	-1.37963	0	-0.615209	0
r_1896	L-homoserine exchange	0	1.37963	0	1.37963	0	0.615209
r_1897	L-isoleucine exchange	0	0	0	0	0	0
r_1898	L-isoleucine transport	0	2.76	0	2.38841	0	0.210868
r_1899	L-leucine exchange	0	0	0	0	0	0
r_1900	L-lysine exchange	0	0	0	0	0	0
r_1901	L-malate transport	-1000	1000	-1000	1000	-1000	1000
r_1902	L-methionine exchange	0	0	0	0	0	0
r_1903	L-phenylalanine exchange	0	0	0	0	0	0
r_1904	L-proline exchange	0	0	0	0	0	0
r_1905	L-proline transport	0	2.7166	0	2.7166	0	0.0176738
r_1906	L-serine exchange	0	0	0	0	0	0
r_1907	L-serine transport	0	0	0	0	0	0
r_1908	L-sorbitol transport	0	0	3.55271e-15	0	0	0
r_1909	L-sorbose exchange	0	0	0	0	0	0
r_1910	L-sorbose transport	0	0	0	0	0	-3.55271e-15
r_1911	L-threonine exchange	0	0	0	0	0	0
r_1912	L-tryptophan exchange	0	0	0	0	0	0
r_1913	L-tyrosine exchange	0	0	0	0	0	0
r_1914	L-valine exchange	0	0	0	0	0	0
r_1915	lanosterol exchange	0	0.108197	0	0.103228	0	0.00323758
r_1916	laurate exchange	0	0.250366	0	0.105818	0	0.0296822
r_1919	lysine transport	0	0	0	0	0	0
r_1920	M(IP)2C transport	0	0	0	0	0	0
r_1921	M(IP)2C transport	0	0	0	0	0	0
r_1922	M(IP)2C transport	0	0	0	0	0	0
r_1923	M(IP)2C transport	0	0	0	0	0	0
r_1924	M(IP)2C transport	0	0	0	0	0	0
r_1925	M(IP)2C transport	0	0	0	0	0	0
r_1926	M(IP)2C transport	0	0	0	0	0	0
r_1927	M(IP)2C transport	0	0	0	0	0	0
r_1928	M(IP)2C transport	0	0	0	0	0	0
r_1929	M(IP)2C transport	0	0	0	0	0	0
r_1930	malate/oxaloacetate shuttle	0	3.03991	0	2.71019	0	0.207019
r_1931	maltose exchange	0	0	0	0	0	0
r_1932	mannan transport	-0.0617795	0	-0.0617795	0	-0.0616341	0
r_1935	methionine transport	0	0	0	0	0	0
r_1936	methylglyoxal synthase	0	3.16232	0	3.16232	0	2.07872
r_1937	MIPC transport	0	0	0	0	0	0
r_1938	MIPC transport	0	0	0	0	0	0
r_1939	MIPC transport	0	0	0	0	0	0
r_1940	MIPC transport	0	0	0	0	0	0
r_1941	MIPC transport	0	0	0	0	0	0
r_1942	MIPC transport	0	0	0	0	0	0
r_1943	MIPC transport	0	0	0	0	0	0
r_1944	MIPC transport	0	0	0	0	0	0
r_1945	MIPC transport	0	0	0	0	0	0
r_1946	MIPC transport	0	0	0	0	0	0
r_1947	myo-inositol exchange	0	0	0	0	0	0
r_1952	N,N'-diformyldityrosine exchange	0	0.231643	0	0.231643	0	0.0146845
r_1963	NADP(+) transport	-0.177131	0	-0.163244	0	-0.00647516	0
r_1964	NADPH transport	0	0.177131	0	0.163244	0	0.00647516
r_1965	NH3 transport	-1.84034	0	-1.66881	0	-0.0495906	0
r_1966	nicotinamide diffusion	0	0	0	0	0	0
r_1967	nicotinate exchange	0	1.056e-07	0	1.05598e-07	0	1.05351e-07
r_1968	NMN exchange	0	0	0	0	0	0
r_1970	NMN transport	0	0	0	0	0	0
r_1971	NMN transport	0	0	0	0	0	0
r_1972	NMN transport	0	0	0	0	0	0
r_1974	nucleoside-diphosphatase (dGDP)	0	8.32524	0	8.32524	0	1.5145
r_1975	nucleoside-triphosphatase (dGTP)	0	8.32524	0	8.32524	0	6.93847
r_1976	O-acetylcarnintine transport into mitochondria	0	1.97023	0	1.43657	0	0.104074
r_1977	O2 transport	0	0.108197	0	0.103228	0	0.00323758
r_1978	O2 transport	0	2.5	0	2.5	0.0622088	2.5
r_1979	O2 transport	0	2.5	0	2.5	0.0622088	2.5
r_1980	O2 transport	0	1.33608	0	1.1601	0	0.101333
r_1981	octadecanoate (n-C18:0) transport	-0.196081	0	-0.195972	0	-0.025972	0
r_1984	octanoate exchange	0	0.27123	0	0.176302	0	0.0148708
r_1987	ornithine exchange	0	0	0	0	0	0
r_1988	oxaloacetate transport	0	1.65	0	1.65	0	1.65
r_1989	oxaloacetate(2-) exchange	0	1.65	0	1.65	0	1.65
r_1990	oxidized glutathione uniport	0	0	0	0	0	0
r_1991	oxidized thioredoxin transport	-1.33608	0	-1.1601	0	-0.101333	0
r_1992	oxygen exchange	-2.5	0	-2.5	0	-2.5	-0.0622088
r_1993	palmitate exchange	0	0.223026	0	0.222925	0	0.0296822
r_1994	palmitoleate exchange	0	0.217406	0	0.217234	0	0.0296822
r_1995	palmitoyl-CoA transport	0	0	0	0	0	0
r_1996	panthetheine 4'-phosphate transport	-2.49757	1.672e-05	-2.49757	1.672e-05	-0.00388729	1.66806e-05
r_1997	panthetheine-phosphate adenylyltransferase	0	1.15967	0	0.756969	0	0.0830147
r_1998	PAP uniport	-0.350922	0	-0.350922	0	-0.0459804	0
r_1999	pectin exchange	0	0	0	0	0	0
r_2000	phenethyl acetate exchange	0	0.493215	0	0.493215	0	0.0293689
r_2001	phenylacetaldehyde exchange	0	0.623801	0	0.623801	0	0.0293689
r_2002	phenylacetaldehyde transport	0	0.623801	0	0.623801	0	0.0293689
r_2003	phenylacetaldehyde transport	0	0.600565	0	0.600565	0	0.0293689
r_2004	phenylalanine transport	0	0	0	0	0	0
r_2005	phosphate exchange	-1.86933	0	-1.86933	0	-1.11261	0
r_2008	phosphate transport	-1000	0	-55.0892	0	-49.0521	0
r_2020	potassium exchange	-0.00031944	0	-0.00031944	0	-0.000318688	0
r_2022	protoporphyrinogen IX transport	0	0.0872194	0	0.0654273	0	0.000147353
r_2023	PRPP transport	0	0	0	0	0	0
r_2024	putrescine exchange	0	1.01538	0	1.01538	0	0.0170578
r_2025	pyridoxal kinase	0	0	0	0	0	0
r_2026	pyridoxamine kinase	0	8.32524	0	8.32524	0	8.14737
r_2027	pyridoxamine phosphatase	0	8.32524	0	8.32524	0	8.14737
r_2028	pyridoxine exchange	0	0	0	0	0	0
r_2029	pyridoxine kinase	0	0	0	0	0	0
r_2030	pyrimidine phosphatase	0	8.8e-05	0	8.8e-05	0	8.77929e-05
r_2031	pyrimidine-nucleoside phosphorylase (uracil)	-8.32524	4.91415	-8.32524	4.91415	-8.14737	0.0422992
r_2032	pyrophosphate transport	-6.24393	6.0555	-6.24393	6.0555	-0.592291	3.84046
r_2033	pyruvate exchange	0	0	0	0	0	0
r_2034	pyruvate transport	0	2.76	0	2.42313	0	0.810038
r_2036	quinolinate transport	0	0	0	0	0	0
r_2037	reduced thioredoxin transport	0	1.33608	0	1.1601	0	0.101333
r_2038	riboflavin exchange	0	0	0	0	0	0
r_2039	riboflavin transport	0	8.8e-07	0	8.8e-07	0	8.77929e-07
r_2040	riboflavin transport	0	0	0	0	0	0
r_2041	ribose transporter	0	0	0	0	0	0
r_2042	S-adenosyl-L-homocysteine transport	0	0	0	0	0	0
r_2043	S-adenosyl-L-methionine exchange	0	0	0	0	0	0
r_2044	S-methyl-L-methionine exchange	0	0	0	0	0	0
r_2045	serine transport	0	1.672e-05	0	1.672e-05	0	1.66807e-05
r_2046	sn-glycero-3-phosphocholine exchange	0	0.317371	0	0.105682	0	0.00910286
r_2049	sodium exchange	-0.00034936	0	-0.00034936	0	-0.000348538	0
r_2050	spermidine acetyltransferase	0	0	0	0	0	0
r_2051	spermidine exchange	0	0.480716	0	0.480716	0	0.000160873
r_2052	spermine exchange	0	0.309872	0	0.309769	0	8.04365e-05
r_2053	squalene transport	0	0.108197	0	0.103228	0	0.00323758
r_2054	squalene-2,3-epoxide transport	0	0.108197	0	0.103228	0	0.00323758
r_2055	stearate exchange	0	0.196081	0	0.195972	0	0.025972
r_2056	succinate exchange	0	1e-05	0	1e-05	0	1e-05
r_2057	succinate transport	-1e-05	0	-1e-05	0	-1e-05	0
r_2058	sucrose exchange	0	0	0	0	0	0
r_2060	sulphate exchange	-2.43269	0	-2.43269	0	-0.0561603	0
r_2061	sulphite exchange	0	2.43269	0	2.43269	0	0.0544392
r_2062	taurine exchange	0	0	0	0	0	0
r_2063	tetracosanoyl-CoA transport	0	4.91415	0	1.42527e-06	0	2.2784e-09
r_2064	thiamin phosphatase	0	3.12196	0	2.20867	0	1.99483
r_2065	thiaminase	0	3.12196	0	2.20867	0	1.99483
r_2066	thiamine(1+) diphosphate(1-) exchange	0	0	0	0	0	0
r_2067	thiamine(1+) exchange	0	0	0	0	0	0
r_2068	thiamine(1+) monophosphate exchange	0	0	0	0	0	0
r_2069	thiamine-phosphate kinase	0	1.056e-07	0	1.056e-07	0	1.05352e-07
r_2072	threonine transport	0	1.43594	0	1.41502	0	0.0487741
r_2073	thymidine exchange	0	0.445154	0	0.445154	0	0.0647058
r_2074	thymidine kinase (ATP:thymidine)	0	8.32524	0	8.32524	0	8.08067
r_2075	thymidine transport	-0.445154	0	-0.445154	0	-0.0647058	0
r_2079	trehalose transporter	0	0	0	0	0	0
r_2080	trehalose vacuolar transport	0	3.12196	0	2.43799	0	0.11615
r_2082	tryptophan transport	0	0	0	0	0	0
r_2083	tryptophol exchange	0	0.463018	0	0.463018	0	0.0131443
r_2084	tryptophol transport	0	0.463018	0	0.463018	0	0.0131443
r_2085	tryptophol transport	-0.463018	0	-0.463018	0	-0.0131443	0
r_2086	tyrosine transport	0	0	0	0	0	0
r_2087	tyrosine transport	0	0	0	0	0	0
r_2089	UMP transport	0	8.32524	0	8.32524	0	1.32042
r_2090	uracil exchange	0	0	0	0	0	0
r_2091	urea exchange	0	0	0	0	0	0
r_2092	uridine exchange	0	0	0	0	0	0
r_2093	valine transport	-1.1	0	-1.1	0	-0.210868	0
r_2094	water diffusion	-0.108197	8.32524	-0.103228	8.32524	-0.00323758	7.9947
r_2095	water diffusion	0	8.32524	0	8.32524	0	7.68129
r_2096	water diffusion	-17.1221	0.736	-15.1344	0.69921	-12.7961	-0.343854
r_2097	water diffusion	-1000	1000	-122.586	122.586	-109.152	109.152
r_2098	water diffusion	-1.3348	4.91415	-1.15369	1.51658	-0.101333	0.14086
r_2099	water diffusion	0	504.914	0	27.8877	0	24.818
r_2100	water exchange	0.213747	7.40926	0.213747	7.40926	0.213747	4.97107
r_2101	xanthine transport	-0.472802	0	-0.472802	0	-0.0459804	0
r_2102	xanthosine exchange	0	0	0	0	0	0
r_2103	xanthosine transport	0	0	0	0	0	0
r_2104	xylitol exchange	0	0	0	0	0	0
r_2105	xylitol transport	0	0	0	0	0	0
r_2106	zymosterol exchange	0	0.0931055	0	0.0849321	0	0.00323758
r_2107	zymosterol transport	-0.0931055	4.91415	-0.0849321	0.0237893	-0.00323758	0.0211823
r_2108	lipid pseudoreaction - merge	0	0.088	0	0.088	0	0.0877929
r_2111	growth	0	0.088	0	0.088	0	0.0877929
r_2112	kynurenine aminotransferase	0	0	0	0	0	0
r_2113	spontaneous kynurenic acid to quinaldic acid	0	0	0	0	0	0
r_2114	spontaneous 2-amino-3-carboxymuconate-6-semialdehyde to quinolinate	0	0.000534266	0	0.000534266	0	0.000533006
r_2115	alcohol dehydrogenase, (acetaldehyde to ethanol)	0	1000	0	1001.15	0	1001.1
r_2116	acetaldehyde dehydrogenase	0	2.00825	0	1.96919	0	1.33818
r_2117	phenylalanine transaminase	-1000	1000	-38.521	95.6747	-0.147487	0.218012
r_2118	tryptophan transaminase	0	0.4751	0	0.4751	0	0.0131443
r_2119	tyrosine transaminase	-1000	1000	-91.4839	48.6331	-0.204867	0.226234
r_2125	coenzyme A: cytoplasm to LP	-1000	1000	-14.2174	14.2174	-12.6594	12.6594
r_2126	sedoheptulose bisphosphatase	0	8.32524	0	8.32524	0	0.0107694
r_2129	proton leak	0	23.7574	0	23.7574	0	22.9437
r_2131	isocitrate dehydrogenase	0	2.07467	0	2.07467	0	0.334675
r_2132	oxoglutarate/malate exchange	0	1000	0	21.879	0	0.170569
r_2134	14-demethyllanosterol exchange	0	0.105349	0	0.0939674	0	0.00323758
r_2136	14-demethyllanosterol transport	-0.105349	0	-0.0939674	0	-0.00323758	0
r_2137	ergosta-5,7,22,24(28)-tetraen-3beta-ol exchange	0	0.0894566	0	0.0835988	0	0.00323758
r_2139	ergosta-5,7,22,24(28)-tetraen-3beta-ol transport	-0.0894566	0	-0.0835988	0	-0.00323758	0
r_2140	fatty-acyl-CoA synthase (n-C16:0CoA)	0	0.27307	0	0.251198	0	0.0296822
r_2141	fatty-acyl-CoA synthase (n-C18:0CoA)	0	0.239838	0	0.222911	0	0.025972
r_2142	B-ketoacyl-ACP synthase (acetoacetyl-ACP)	0	0	0	0	0	0
r_2143	B-ketoacyl-ACP synthase (3-oxo-hexanoyl-ACP)	0	0	0	0	0	0
r_2144	B-ketoacyl-ACP synthase (3-oxo-octanoyl-ACP)	0	0	0	0	0	0
r_2145	3-oxoacyl-ACP reductase (3-hydroxybutanoyl-ACP)	0	0	0	0	0	0
r_2146	3-oxoacyl-ACP reductase (3-hydroxyhexanoyl-ACP)	0	0	0	0	0	0
r_2147	3-oxoacyl-ACP reductase (3-hydroxyoctanoyl-ACP)	0	0	0	0	0	0
r_2148	3-hydroxyacyl-thioester dehydratase (trans-but-2-enoyl-ACP)	0	0	0	0	0	0
r_2149	3-hydroxyacyl-thioester dehydratase (trans-hex-2-enoyl-ACP)	0	0	0	0	0	0
r_2150	3-hydroxyacyl-thioester dehydratase (trans-oct-2-enoyl-ACP)	0	0	0	0	0	0
r_2151	enoyl-ACP reductase (butanoyl-ACP)	0	0	0	0	0	0
r_2152	enoyl-ACP reductase (hexanoyl-ACP)	0	0	0	0	0	0
r_2153	enoyl-ACP reductase (octanoyl-ACP)	0	0	0	0	0	0
r_2154	elongase I (3-oxotetradecanoyl-CoA)	0	1.82212	0	0.0694624	0	0.000388549
r_2155	elongase I (3-oxopalmitoyl-CoA)	0	1.82212	0	0.0698134	0	0.000645373
r_2156	elongase II (3-oxooctadecanoyl-CoA)	0	1.82212	0	0.224505	0	0.000987878
r_2157	elongase II or III (3-oxoicosanoyl-CoA)	0	1.1845	0	0.146198	0	0.00801838
r_2158	elongase II or III (3-oxodocosanoyl-CoA)	0	0.718276	0	0.136847	0	0.00400919
r_2159	elongase II or III (3-oxotetracosanoyl-CoA)	0	0.515408	0	0.120404	0	0.00267279
r_2160	elongase III (3-oxohexacosanoyl-CoA)	0	0.401897	0	0.11364	0	0.00200459
r_2161	B-ketoacyl-CoA reductase ((S)-3-hydroxytetradecanoyl-CoA)	0	1.82212	0	0.0694624	0	0.000388549
r_2162	B-ketoacyl-CoA reductase ((S)-3-hydroxypalmitoyl-CoA)	0	1.82212	0	0.0698134	0	0.000645373
r_2163	B-ketoacyl-CoA reductase (3-hydroxyoctadecanoyl-CoA)	0	1.82212	0	0.224505	0	0.000987878
r_2164	B-ketoacyl-CoA reductase (3-hydroxyicosanoyl-CoA)	0	1.1845	0	0.146198	0	0.00801838
r_2165	B-ketoacyl-CoA reductase (3-hydroxydocosanoyl-CoA)	0	0.718276	0	0.136847	0	0.00400919
r_2166	B-ketoacyl-CoA reductase (3-hydroxytetracosanoyl-CoA)	0	0.515408	0	0.120404	0	0.00267279
r_2167	B-ketoacyl-CoA reductase ((S)-3-hydroxyhexacosanoyl-CoA)	0	0.401897	0	0.11364	0	0.00200459
r_2168	B-hydroxyacyl-CoA dehydratase (trans-tetradec-2-enoyl-CoA)	0	1.82212	0	0.0694624	0	0.000388549
r_2169	B-hydroxyacyl-CoA dehydratase (trans-hexadec-2-enoyl-CoA)	0	1.82212	0	0.0698134	0	0.000645373
r_2170	B-hydroxyacyl-CoA dehydratase (trans-octadec-2-enoyl-CoA)	0	1.82212	0	0.224505	0	0.000987878
r_2171	B-hydroxyacyl-CoA dehydratase (trans-icos-2-enoyl-CoA)	0	1.1845	0	0.146198	0	0.00801838
r_2172	B-hydroxyacyl-CoA dehydratase (trans-docos-2-enoyl-CoA)	0	0.718276	0	0.136847	0	0.00400919
r_2173	B-hydroxyacyl-CoA dehydratase (trans-tetracos-2-enoyl-CoA)	0	0.515408	0	0.120404	0	0.00267279
r_2174	B-hydroxyacyl-CoA dehydratase (trans-hexacos-2-enoyl-CoA)	0	0.401897	0	0.11364	0	0.00200459
r_2175	trans-2-enoyl-CoA reductase (n-C14:0CoA)	0	1.82212	0	0.0694624	0	0.000388549
r_2176	trans-2-enoyl-CoA reductase (n-C16:0CoA)	0	1.82212	0	0.0698134	0	0.000645373
r_2177	trans-2-enoyl-CoA reductase (n-C18:0CoA)	0	1.82212	0	0.224505	0	0.000987878
r_2178	trans-2-enoyl-CoA reductase (n-C20:0CoA)	0	1.1845	0	0.146198	0	0.00801838
r_2179	trans-2-enoyl-CoA reductase (n-C22:0CoA)	0	0.718276	0	0.136847	0	0.00400919
r_2180	trans-2-enoyl-CoA reductase (n-C24:0CoA)	0	0.515408	0	0.120404	0	0.00267279
r_2181	trans-2-enoyl-CoA reductase (n-C26:0CoA)	0	0.401897	0	0.11364	0	0.00200459
r_2182	palmitoyl-CoA desaturase (n-C16:0CoA -> n-C16:1CoA), ER membrane	0	0.263525	0	0.24698	0	0.0296822
r_2183	stearoyl-CoA desaturase (n-C18:0CoA -> n-C18:1CoA), ER membrane	0	0.504737	0	0.220512	0	0.0262148
r_2184	octanoate (n-C8:0) transport	-0.27123	0	-0.176302	0	-0.0148708	0
r_2185	decanoate (n-C10:0) transport	-0.263663	0	-0.179273	0	-0.0296822	0
r_2186	laurate (n-C12:0) transport	-0.250366	0	-0.105818	0	-0.0296822	0
r_2187	butyrate exchange	0	0.248611	0	0.137987	0	0.0102562
r_2188	hexanoate exchange	0	0.253627	0	0.0648136	0	6.94622e-05
r_2189	oleate exchange	0	0.191724	0	0.191555	0	0.025972
r_2190	butyrate (n-C4:0) transport	-0.248611	0	-0.137987	0	-0.0102562	0
r_2191	hexanoate (n-C6:0) transport	-0.253627	0	-0.0648136	0	-6.94622e-05	0
r_2192	octadecenoate (n-C18:1) transport	-0.191724	0	-0.191555	0	-0.025972	0
r_2193	myristate exchange	0	0.236538	0	0.107017	0	0.0296822
r_2194	fatty-acid--CoA ligase (dodecanoate), ER membrane	-1000	1000	-0.153917	0.153917	-0.000358851	0.000388549
r_2195	fatty-acid--CoA ligase (tetradecanoate), ER membrane	-1000	1000	-0.155111	0.155111	-0.000596045	0.000645373
r_2196	fatty-acid--CoA ligase (hexadecanoate), ER membrane	-1000	1000	-0.303478	0.167264	-0.00779826	0.000645373
r_2197	fatty-acid--CoA ligase (hexadecenoate), ER membrane	-1000	1000	-0.289885	0.167264	-0.00779826	0.000645373
r_2198	fatty-acid--CoA ligase (octadecanoate), ER membrane	-1000	1000	-0.279282	0.167264	-0.00779826	0.000645373
r_2199	fatty-acid--CoA ligase (octadecenoate), ER membrane	-1000	1000	-0.263943	0.167264	-0.00779826	0.000645373
r_2200	fatty-acid--CoA ligase (dodecanoate), lipid particle	-1000	1000	-0.153917	0.153917	-0.000358851	0.000388549
r_2201	fatty-acid--CoA ligase (tetradecanoate), lipid particle	-1000	1000	-0.155111	0.155111	-0.000596045	0.000645373
r_2202	fatty-acid--CoA ligase (hexadecanoate), lipid particle	-1000	1000	-0.303478	0.167264	-0.00779826	0.000645373
r_2203	fatty-acid--CoA ligase (hexadecenoate), lipid particle	-1000	1000	-0.289885	0.167264	-0.00779826	0.000645373
r_2204	fatty-acid--CoA ligase (octadecanoate), lipid particle	-1000	1000	-0.279282	0.167264	-0.00779826	0.000645373
r_2205	fatty-acid--CoA ligase (octadecenoate), lipid particle	-1000	1000	-0.263943	0.167264	-0.00779826	0.000645373
r_2206	fatty-acid--CoA ligase (hexadecenoate), peroxisome	-3.12196	4.91415	-0.0804104	0.155083	-0.0026205	0.000216869
r_2207	fatty-acid--CoA ligase (octadecanoate), peroxisome	-3.12196	4.91415	-0.0616519	0.0894257	-0.0026205	0.000216869
r_2208	fatty-acid--CoA ligase (octadecenoate), peroxisome	-3.12196	4.91415	-0.0602244	0.155083	-0.0026205	0.000216869
r_2209	fatty-acid--CoA ligase (arachidate), cell envelope	0	0	0	0	0	0
r_2210	fatty-acid--CoA ligase (behenate), cell envelope	0	0	0	0	0	0
r_2211	fatty-acid--CoA ligase (lignoceric acid), cell envelope	-1000	1000	-0.152106	0.152112	-0.135437	0.135443
r_2212	fatty-acid--CoA ligase (cerotic acid), cell envelope	-1000	1000	-0.152112	0.152106	-0.135443	0.135437
r_2213	fatty-acid--CoA ligase (behenate), ER membrane	0	0	0	0	0	0
r_2214	fatty-acid--CoA ligase (lignoceric acid), ER membrane	-1000	1000	-14.2174	14.2174	-12.6594	12.6594
r_2215	fatty-acid--CoA ligase (cerotic acid), ER membrane	-1000	1000	-14.166	14.166	-12.6135	12.6135
r_2216	fatty-acid--CoA ligase (behenate), lipid particle	0	0	0	0	0	0
r_2217	fatty-acid--CoA ligase (lignoceric acid), lipid particle	-1000	1000	-14.2174	14.2174	-12.6594	12.6594
r_2218	fatty-acid--CoA ligase (cerotic acid), lipid particle	-1000	1000	-14.166	14.166	-12.6135	12.6135
r_2219	fatty acyl-CoA transport via ABC system (C12:0)	0	3.12196	0	0.0720187	0	0.000388549
r_2220	fatty acyl-CoA transport via ABC system (C14:0)	0	3.12196	0	0.0723001	0	0.000645373
r_2221	fatty acyl-CoA transport via ABC system (C16:0)	0	3.12196	0	0.179273	0	0.0303276
r_2222	fatty acyl-CoA transport via ABC system (C16:1)	0	3.12196	0	0.17246	0	0.0303276
r_2223	fatty acyl-CoA transport via ABC system (C18:0)	0	3.12196	0	0.171162	0	0.0266173
r_2224	fatty acyl-CoA transport via ABC system (C18:1)	0	3.12196	0	0.160897	0	0.0266173
r_2225	fatty acyl-CoA transport via ABC system (C20:0)	0	1.1845	0	0.146198	0	0.00801838
r_2226	fatty acyl-CoA transport via ABC system (C22:0)	0	0.718276	0	0.136847	0	0.00400919
r_2227	fatty acyl-CoA transport via ABC system (C24:0)	0	0.515408	0	0.120404	0	0.00267279
r_2228	fatty acyl-CoA transport via ABC system (C26:0)	0	0.401897	0	0.11364	0	0.00200459
r_2229	butyrate (n-C4:0) transport, cytoplasm-peroxisome	-0.248611	0	-0.137987	0	-0.0102562	0
r_2230	hexanoate (n-C6:0) transport, cytoplasm-peroxisome	-0.253627	0	-0.0648136	0	-6.94622e-05	0
r_2231	octadecenoate (n-C18:1) transport, cytoplasm-peroxisome	-3.12196	0.504737	-0.100429	0.0791002	-0.0266173	0.000216869
r_2232	peroxisomal acyl-CoA thioesterase (4:0)	0	0.248611	0	0.137987	0	0.0102562
r_2233	peroxisomal acyl-CoA thioesterase (6:0)	0	0.253627	0	0.0648136	0	6.94622e-05
r_2234	peroxisomal acyl-CoA thioesterase (16:1)	0	4.91415	0	0.172236	0	0.0305445
r_2235	peroxisomal acyl-CoA thioesterase (18:1)	0	4.91415	0	0.155083	0	0.0268342
r_2236	acyl-CoA oxidase (butanoyl-CoA)	0	0.24869	0	0.16978	0	0.00941556
r_2237	acyl-CoA oxidase (hexanoyl-CoA)	0	0.248765	0	0.170343	0	0.0102562
r_2238	acyl-CoA oxidase (octanoyl-CoA)	0	0.253627	0	0.171784	0	0.0112617
r_2239	acyl-CoA oxidase (icosanoyl-CoA)	0	1.1845	0	0.146198	0	0.00801838
r_2240	acyl-CoA oxidase (docosanoyl-CoA)	0	0.718276	0	0.136847	0	0.00400919
r_2241	acyl-CoA oxidase (tetracosanoyl-CoA)	0	0.515408	0	0.120404	0	0.00267279
r_2242	acyl-CoA oxidase (palmitoleoyl-CoA)	0	0.261691	0	0.171159	0	0.00799892
r_2243	acyl-CoA oxidase (cis-tetradec-7-enoyl-CoA)	0	0.261691	0	0.171159	0	0.00799892
r_2244	acyl-CoA oxidase (cis-dodec-5-enoyl-CoA)	0	0.261691	0	0.171159	0	0.00799892
r_2245	acyl-CoA oxidase (oleoyl-CoA)	0	0.504737	0	0.160897	0	0.00799892
r_2246	acyl-CoA oxidase (cis-hexadec-7-enoyl-CoA)	0	0.504737	0	0.160897	0	0.00799892
r_2247	acyl-CoA oxidase (cis-tetradec-5-enoyl-CoA)	0	0.504737	0	0.160897	0	0.00799892
r_2248	2-enoyl-CoA hydratase (3-hydroxydecanoyl-CoA)	0	0.27123	0	0.176302	0	0.0148708
r_2249	2-enoyl-CoA hydratase (3-hydroxydodecanoyl-CoA)	0	0.27307	0	0.179273	0	0.0296822
r_2250	2-enoyl-CoA hydratase (3-hydroxytetradecanoyl-CoA)	0	1.82212	0	0.179273	0	0.0300153
r_2251	2-enoyl-CoA hydratase (3-hydroxyhexadecanoyl-CoA)	0	1.82212	0	0.179273	0	0.0302354
r_2252	2-enoyl-CoA hydratase (3-hydroxyoctadecanoyl-CoA)	0	1.82212	0	0.171162	0	0.0265367
r_2253	2-enoyl-CoA hydratase (3-hydroxyhexacosanoyl-CoA)	0	0.401897	0	0.11364	0	0.00200459
r_2254	2-enoyl-CoA hydratase (3-hydroxybutanoyl-CoA)	0	0.24869	0	0.16978	0	0.00941556
r_2255	2-enoyl-CoA hydratase (3-hydroxyhexanoyl-CoA)	0	0.248765	0	0.170343	0	0.0102562
r_2256	2-enoyl-CoA hydratase (3-hydroxyoctanoyl-CoA)	0	0.253627	0	0.171784	0	0.0112617
r_2257	2-enoyl-CoA hydratase (3-hydroxyicosanoyl-CoA)	0	1.1845	0	0.146198	0	0.00801838
r_2258	2-enoyl-CoA hydratase (3-hydroxydocosanoyl-CoA)	0	0.718276	0	0.136847	0	0.00400919
r_2259	2-enoyl-CoA hydratase (3-hydroxytetracosanoyl-CoA)	0	0.515408	0	0.120404	0	0.00267279
r_2260	2-enoyl-CoA hydratase (3-hydroxy-cis-hexadec-9-enoyl-CoA)	0	0.261691	0	0.171159	0	0.00799892
r_2261	2-enoyl-CoA hydratase (3-hydroxy-cis-tetradec-7-enoyl-CoA)	0	0.261691	0	0.171159	0	0.00799892
r_2262	2-enoyl-CoA hydratase (3-hydroxy-cis-dodec-5-enoyl-CoA)	0	0.261691	0	0.171159	0	0.00799892
r_2263	2-enoyl-CoA hydratase (3-hydroxy-cis-octadec-9-enoyl-CoA)	0	0.504737	0	0.160897	0	0.00799892
r_2264	2-enoyl-CoA hydratase (3-hydroxy-cis-hexadec-7-enoyl-CoA)	0	0.504737	0	0.160897	0	0.00799892
r_2265	2-enoyl-CoA hydratase (3-hydroxy-cis-tetradec-5-enoyl-CoA)	0	0.232803	0	0.160897	0	0.00799892
r_2266	3-hydroxyacyl-CoA dehydrogenase (3-oxodecanoyl-CoA)	0	0.27123	0	0.176302	0	0.0148708
r_2267	3-hydroxyacyl-CoA dehydrogenase (3-oxododecanoyl-CoA)	0	0.27307	0	0.179273	0	0.0296822
r_2268	3-hydroxyacyl-CoA dehydrogenase (3-oxohexadecanoyl-CoA)	0	1.82212	0	0.179273	0	0.0302354
r_2269	3-hydroxyacyl-CoA dehydrogenase (3-oxooctadecanoyl-CoA)	0	1.82212	0	0.171162	0	0.0265367
r_2270	3-hydroxyacyl-CoA dehydrogenase (3-oxohexacosanoyl-CoA)	0	0.401897	0	0.11364	0	0.00200459
r_2271	3-hydroxyacyl-CoA dehydrogenase (3-oxobutanoyl-CoA)	0	0.24869	0	0.16978	0	0.00941556
r_2272	3-hydroxyacyl-CoA dehydrogenase (3-oxohexanoyl-CoA)	0	0.248765	0	0.170343	0	0.0102562
r_2273	3-hydroxyacyl-CoA dehydrogenase (3-oxooctanoyl-CoA)	0	0.253627	0	0.171784	0	0.0112617
r_2274	3-hydroxyacyl-CoA dehydrogenase (3-oxoicosanoyl-CoA)	0	1.1845	0	0.146198	0	0.00801838
r_2275	3-hydroxyacyl-CoA dehydrogenase (3-oxodocosanoyl-CoA)	0	0.718276	0	0.136847	0	0.00400919
r_2276	3-hydroxyacyl-CoA dehydrogenase (3-oxotetracosanoyl-CoA)	0	0.515408	0	0.120404	0	0.00267279
r_2277	3-hydroxyacyl-CoA dehydrogenase (3-oxo-cis-hexadec-9-enoyl-CoA)	0	0.261691	0	0.171159	0	0.00799892
r_2278	3-hydroxyacyl-CoA dehydrogenase (3-oxo-cis-tetradec-7-enoyl-CoA)	0	0.261691	0	0.171159	0	0.00799892
r_2279	3-hydroxyacyl-CoA dehydrogenase (3-oxo-cis-dodec-5-enoyl-CoA)	0	0.261691	0	0.171159	0	0.00799892
r_2280	3-hydroxyacyl-CoA dehydrogenase (3-oxo-cis-octadec-9-enoyl-CoA)	0	0.504737	0	0.160897	0	0.00799892
r_2281	3-hydroxyacyl-CoA dehydrogenase (3-oxo-cis-hexadec-7-enoyl-CoA)	0	0.504737	0	0.160897	0	0.00799892
r_2282	3-hydroxyacyl-CoA dehydrogenase (3-oxo-cis-tetradec-5-enoyl-CoA)	0	0.232803	0	0.160897	0	0.00799892
r_2283	acetyl-CoA C-acyltransferase (acetyl-CoA)	0	0.24869	0	0.16978	0	0.00941556
r_2284	acetyl-CoA C-acyltransferase (butanoyl-CoA)	0	0.248765	0	0.170343	0	0.0102562
r_2285	acetyl-CoA C-acyltransferase (hexanoyl-CoA)	0	0.253627	0	0.171784	0	0.0112617
r_2286	acetyl-CoA C-acyltransferase (stearoyl-CoA)	0	1.1845	0	0.146198	0	0.00801838
r_2287	acetyl-CoA C-acyltransferase (icosanoyl-CoA)	0	0.718276	0	0.136847	0	0.00400919
r_2288	acetyl-CoA C-acyltransferase (docosanoyl-CoA)	0	0.515408	0	0.120404	0	0.00267279
r_2289	acetyl-CoA C-acyltransferase (cis-tetradec-7-enoyl-CoA)	0	0.261691	0	0.171159	0	0.00799892
r_2290	acetyl-CoA C-acyltransferase (cis-dodec-5-enoyl-CoA)	0	0.261691	0	0.171159	0	0.00799892
r_2291	acetyl-CoA C-acyltransferase (cis-dec-3-enoyl-CoA)	0	0.261691	0	0.171159	0	0.00799892
r_2292	acetyl-CoA C-acyltransferase (cis-hexadec-7-enoyl-CoA)	0	0.504737	0	0.160897	0	0.00799892
r_2293	acetyl-CoA C-acyltransferase (cis-tetradec-5-enoyl-CoA)	0	0.504737	0	0.160897	0	0.00799892
r_2294	acetyl-CoA C-acyltransferase (cis-dodec-3-enoyl-CoA)	0	0.232803	0	0.160897	0	0.00799892
r_2295	delta3,delta2-enoyl-CoA isomerase (cis-dec-3-enoyl-CoA)	0	0.261691	0	0.171159	0	0.00799892
r_2296	delta3,delta2-enoyl-CoA isomerase (trans-2,cis-5-dodecadienoyl-CoA)	0	0.251839	0	0.168634	0	0.00399946
r_2297	delta3,delta2-enoyl-CoA isomerase (trans-dodec-3-enoyl-CoA)	0	0.251839	0	0.168634	0	0.00399946
r_2298	delta3,delta2-enoyl-CoA isomerase (cis-dodec-3-enoyl-CoA)	0	0.232803	0	0.160897	0	0.00799892
r_2299	delta3,delta2-enoyl-CoA isomerase (trans-2,cis-5-tetradecadienoyl-CoA)	0	0.504737	0	0.158734	0	0.00399946
r_2300	delta3,delta2-enoyl-CoA isomerase (trans-tetradec-3-enoyl-CoA)	0	0.504737	0	0.158734	0	0.00399946
r_2301	delta(3,5)-delta(2,4)-dienoyl-CoA isomerase (trans-3,cis-5-dodecadienoyl-CoA)	0	0.251839	0	0.168634	0	0.00399946
r_2302	delta(3,5)-delta(2,4)-dienoyl-CoA isomerase (trans-3,cis-5-tetradecadienoyl-CoA)	0	0.504737	0	0.158734	0	0.00399946
r_2303	2,4-dienoyl-CoA reductase (trans-2,trans-4-dodecadienoyl-CoA)	0	0.251839	0	0.168634	0	0.00399946
r_2304	2,4-dienoyl-CoA reductase (trans-2,trans-4-tetradecadienoyl-CoA)	0	0.504737	0	0.158734	0	0.00399946
r_2305	cis-aconitate(3-) to isocitrate	-1000	1000	-27.318	26.4678	-2.96529	0.703873
r_2308	glycerol-3-phosphate acyltransferase (16:0), ER membrane	0	1.92121	0	0.139932	0	0.0151638
r_2309	glycerol-3-phosphate acyltransferase (16:1), ER membrane	0	1.92121	0	0.135865	0	0.0151638
r_2310	glycerol-3-phosphate acyltransferase (18:0), ER membrane	0	1.92121	0	0.132697	0	0.00609739
r_2311	glycerol-3-phosphate acyltransferase (18:1), ER membrane	0	1.92121	0	0.129391	0	0.005585
r_2312	dihydroxyacetone phosphate acyltransferase (16:0), ER membrane	0	1.78398	0	0.139649	0	0.0151638
r_2313	dihydroxyacetone phosphate acyltransferase (16:1), ER membrane	0	1.78398	0	0.135598	0	0.0151638
r_2314	dihydroxyacetone phosphate acyltransferase (18:0), ER membrane	0	1.78398	0	0.132442	0	0.00609739
r_2315	dihydroxyacetone phosphate acyltransferase (18:1), ER membrane	0	1.78398	0	0.129167	0	0.005585
r_2316	glycerol-3-phosphate acyltransferase (16:0), lipid particle	0	1.92121	0	0.141309	0	0.00609739
r_2317	glycerol-3-phosphate acyltransferase (16:1), lipid particle	0	1.92121	0	0.13705	0	0.00609739
r_2318	glycerol-3-phosphate acyltransferase (18:0), lipid particle	0	1.92121	0	0.134168	0	0.00609739
r_2319	glycerol-3-phosphate acyltransferase (18:1), lipid particle	0	1.92121	0	0.128312	0	0.005585
r_2320	dihydroxyacetone phosphate acyltransferase (16:0), lipid particle	0	1.78398	0	0.14104	0	0.00609739
r_2321	dihydroxyacetone phosphate acyltransferase (16:1), lipid particle	0	1.78398	0	0.136797	0	0.00609739
r_2322	dihydroxyacetone phosphate acyltransferase (18:0), lipid particle	0	1.78398	0	0.133926	0	0.00609739
r_2323	dihydroxyacetone phosphate acyltransferase (18:1), lipid particle	0	1.78398	0	0.128091	0	0.005585
r_2324	acyl dhap reductase (16:0), ER membrane	0	1.78398	0	0.139649	0	0.0151638
r_2325	acyl dhap reductase (16:1), ER membrane	0	1.78398	0	0.135598	0	0.0151638
r_2326	acyl dhap reductase (18:0), ER membrane	0	1.78398	0	0.132442	0	0.00609739
r_2327	acyl dhap reductase (18:1), ER membrane	0	1.78398	0	0.129167	0	0.005585
r_2328	acyl dhap reductase (16:0), lipid particle	0	1.78398	0	0.14104	0	0.00609739
r_2329	acyl dhap reductase (16:1), lipid particle	0	1.78398	0	0.136797	0	0.00609739
r_2330	acyl dhap reductase (18:0), lipid particle	0	1.78398	0	0.133926	0	0.00609739
r_2331	acyl dhap reductase (18:1), lipid particle	0	1.78398	0	0.128091	0	0.005585
r_2332	1-acyl-sn-glycerol-3-phosphate acyltransferase (1-16:0, 2-16:1), ER membrane	0	1.92121	0	0.138154	0	0.0151638
r_2333	1-acyl-sn-glycerol-3-phosphate acyltransferase (1-16:0, 2-18:1), ER membrane	0	1.92121	0	0.137526	0	0.0141959
r_2334	1-acyl-sn-glycerol-3-phosphate acyltransferase (1-16:1, 2-16:1), ER membrane	0	1.92121	0	0.134265	0	0.0151638
r_2335	1-acyl-sn-glycerol-3-phosphate acyltransferase (1-16:1, 2-18:1), ER membrane	0	1.92121	0	0.133488	0	0.0141959
r_2336	1-acyl-sn-glycerol-3-phosphate acyltransferase (1-18:0, 2-16:1), ER membrane	0	1.92121	0	0.132611	0	0.00609739
r_2337	1-acyl-sn-glycerol-3-phosphate acyltransferase (1-18:0, 2-18:1), ER membrane	0	1.92121	0	0.130753	0	0.00609739
r_2338	1-acyl-sn-glycerol-3-phosphate acyltransferase (1-18:1, 2-16:1), ER membrane	0	1.92121	0	0.129391	0	0.005585
r_2339	1-acyl-sn-glycerol-3-phosphate acyltransferase (1-18:1, 2-18:1), ER membrane	0	1.92121	0	0.125178	0	0.005585
r_2340	1-acyl-sn-glycerol-3-phosphate acyltransferase (1-16:0, 2-18:1), lipid particle	0	1.92121	0	0.141309	0	0.00609739
r_2341	1-acyl-sn-glycerol-3-phosphate acyltransferase (1-16:1, 2-18:1), lipid particle	0	1.92121	0	0.13705	0	0.00609739
r_2342	1-acyl-sn-glycerol-3-phosphate acyltransferase (1-18:0, 2-18:1), lipid particle	0	1.92121	0	0.134168	0	0.00609739
r_2343	1-acyl-sn-glycerol-3-phosphate acyltransferase (1-18:1, 2-18:1), lipid particle	0	1.92121	0	0.128312	0	0.005585
r_2344	PA phosphatase (1-16:0, 2-16:1), ER membrane	0	8.32524	0	6.70573	0	6.14611
r_2345	PA phosphatase (1-16:0, 2-18:1), ER membrane	0	8.32524	0	6.70573	0	6.14611
r_2346	PA phosphatase (1-16:1, 2-16:1), ER membrane	0	8.32524	0	6.70573	0	6.14611
r_2347	PA phosphatase (1-16:1, 2-18:1), ER membrane	0	8.32524	0	6.70573	0	6.14611
r_2348	PA phosphatase (1-18:0, 2-16:1), ER membrane	0	8.32524	0	6.70573	0	6.14611
r_2349	PA phosphatase (1-18:0, 2-18:1), ER membrane	0	8.32524	0	6.70573	0	6.14611
r_2350	PA phosphatase (1-18:1, 2-16:1), ER membrane	0	8.32524	0	6.70573	0	6.14611
r_2351	PA phosphatase (1-18:1, 2-18:1), ER membrane	0	8.32524	0	6.70573	0	6.14611
r_2352	PA phosphatase (1-16:0, 2-16:1), vacuolar membrane	0	0	0	0	0	0
r_2353	PA phosphatase (1-16:0, 2-18:1), vacuolar membrane	0	0	0	0	0	0
r_2354	PA phosphatase (1-16:1, 2-16:1), vacuolar membrane	0	0	0	0	0	0
r_2355	PA phosphatase (1-16:1, 2-18:1), vacuolar membrane	0	0	0	0	0	0
r_2356	PA phosphatase (1-18:0, 2-16:1), vacuolar membrane	0	0	0	0	0	0
r_2357	PA phosphatase (1-18:0, 2-18:1), vacuolar membrane	0	0	0	0	0	0
r_2358	PA phosphatase (1-18:1, 2-16:1), vacuolar membrane	0	0	0	0	0	0
r_2359	PA phosphatase (1-18:1, 2-18:1), vacuolar membrane	0	0	0	0	0	0
r_2360	PA phosphatase (1-16:0, 2-16:1), Golgi membrane	0	8.32524	0	7.82745	0	6.94111
r_2361	PA phosphatase (1-16:0, 2-18:1), Golgi membrane	0	8.32524	0	7.82745	0	6.94109
r_2362	PA phosphatase (1-16:1, 2-16:1), Golgi membrane	0	8.32524	0	7.82745	0	6.94103
r_2363	PA phosphatase (1-16:1, 2-18:1), Golgi membrane	0	8.32524	0	7.82745	0	6.94101
r_2364	PA phosphatase (1-18:0, 2-16:1), Golgi membrane	0	8.32524	0	7.82745	0	6.94098
r_2365	PA phosphatase (1-18:0, 2-18:1), Golgi membrane	0	8.32524	0	7.82745	0	6.94095
r_2366	PA phosphatase (1-18:1, 2-16:1), Golgi membrane	0	8.32524	0	7.82745	0	6.94086
r_2367	PA phosphatase (1-18:1, 2-18:1), Golgi membrane	0	8.32524	0	7.82745	0	6.94084
r_2368	diacylglycerol acyltransferase (1-16:0, 2-16:1, 3-16:0), ER membrane	0	4.91415	0	0.316431	0	0.0303276
r_2369	diacylglycerol acyltransferase (1-16:0, 2-18:1, 3-16:0), ER membrane	0	4.91415	0	0.316431	0	0.0303276
r_2370	diacylglycerol acyltransferase (1-16:1, 2-16:1, 3-16:0), ER membrane	0	4.91415	0	0.316431	0	0.0303276
r_2371	diacylglycerol acyltransferase (1-16:1, 2-18:1, 3-16:0), ER membrane	0	4.91415	0	0.316431	0	0.0303276
r_2372	diacylglycerol acyltransferase (1-18:0, 2-16:1, 3-16:0), ER membrane	0	4.91415	0	0.316431	0	0.0303276
r_2373	diacylglycerol acyltransferase (1-18:0, 2-18:1, 3-16:0), ER membrane	0	4.91415	0	0.316431	0	0.0303276
r_2374	diacylglycerol acyltransferase (1-18:1, 2-16:1, 3-16:0), ER membrane	0	4.91415	0	0.316431	0	0.0303276
r_2375	diacylglycerol acyltransferase (1-18:1, 2-18:1, 3-16:0), ER membrane	0	4.91415	0	0.316431	0	0.0303276
r_2376	diacylglycerol acyltransferase (1-16:0, 2-16:1, 3-16:1), ER membrane	0	4.91415	0	0.302946	0	0.0303276
r_2377	diacylglycerol acyltransferase (1-16:0, 2-18:1, 3-16:1), ER membrane	0	4.91415	0	0.302946	0	0.0303276
r_2378	diacylglycerol acyltransferase (1-16:1, 2-16:1, 3-16:1), ER membrane	0	4.91415	0	0.302946	0	0.0303276
r_2379	diacylglycerol acyltransferase (1-16:1, 2-18:1, 3-16:1), ER membrane	0	4.91415	0	0.302946	0	0.0303276
r_2380	diacylglycerol acyltransferase (1-18:0, 2-16:1, 3-16:1), ER membrane	0	4.91415	0	0.302946	0	0.0303276
r_2381	diacylglycerol acyltransferase (1-18:0, 2-18:1, 3-16:1), ER membrane	0	4.91415	0	0.302946	0	0.0303276
r_2382	diacylglycerol acyltransferase (1-18:1, 2-16:1, 3-16:1), ER membrane	0	4.91415	0	0.302946	0	0.0303276
r_2383	diacylglycerol acyltransferase (1-18:1, 2-18:1, 3-16:1), ER membrane	0	4.91415	0	0.302946	0	0.0303276
r_2384	diacylglycerol acyltransferase (1-16:0, 2-16:1, 3-18:0), ER membrane	0	4.91415	0	0.292385	0	0.0266173
r_2385	diacylglycerol acyltransferase (1-16:0, 2-18:1, 3-18:0), ER membrane	0	4.91415	0	0.292385	0	0.0266173
r_2386	diacylglycerol acyltransferase (1-16:1, 2-16:1, 3-18:0), ER membrane	0	4.91415	0	0.292385	0	0.0266173
r_2387	diacylglycerol acyltransferase (1-16:1, 2-18:1, 3-18:0), ER membrane	0	4.91415	0	0.292385	0	0.0266173
r_2388	diacylglycerol acyltransferase (1-18:0, 2-16:1, 3-18:0), ER membrane	0	4.91415	0	0.292385	0	0.0266173
r_2389	diacylglycerol acyltransferase (1-18:0, 2-18:1, 3-18:0), ER membrane	0	4.91415	0	0.292385	0	0.0266173
r_2390	diacylglycerol acyltransferase (1-18:1, 2-16:1, 3-18:0), ER membrane	0	4.91415	0	0.292385	0	0.0266173
r_2391	diacylglycerol acyltransferase (1-18:1, 2-18:1, 3-18:0), ER membrane	0	4.91415	0	0.292385	0	0.0266173
r_2392	diacylglycerol acyltransferase (1-16:0, 2-16:1, 3-18:1), ER membrane	0	4.91415	0	0.277038	0	0.0266173
r_2393	diacylglycerol acyltransferase (1-16:0, 2-18:1, 3-18:1), ER membrane	0	4.91415	0	0.277038	0	0.0266173
r_2394	diacylglycerol acyltransferase (1-16:1, 2-16:1, 3-18:1), ER membrane	0	4.91415	0	0.277038	0	0.0266173
r_2395	diacylglycerol acyltransferase (1-16:1, 2-18:1, 3-18:1), ER membrane	0	4.91415	0	0.277038	0	0.0266173
r_2396	diacylglycerol acyltransferase (1-18:0, 2-16:1, 3-18:1), ER membrane	0	4.91415	0	0.277038	0	0.0266173
r_2397	diacylglycerol acyltransferase (1-18:0, 2-18:1, 3-18:1), ER membrane	0	4.91415	0	0.277038	0	0.0266173
r_2398	diacylglycerol acyltransferase (1-18:1, 2-16:1, 3-18:1), ER membrane	0	4.91415	0	0.277038	0	0.0266173
r_2399	diacylglycerol acyltransferase (1-18:1, 2-18:1, 3-18:1), ER membrane	0	4.91415	0	0.277038	0	0.0266173
r_2400	diacylglycerol acyltransferase (1-16:0, 2-16:1, 3-16:0), lipid particle	0	4.91415	0	0.310609	0	0.0303276
r_2401	diacylglycerol acyltransferase (1-16:0, 2-18:1, 3-16:0), lipid particle	0	4.91415	0	0.310609	0	0.0303276
r_2402	diacylglycerol acyltransferase (1-16:1, 2-16:1, 3-16:0), lipid particle	0	4.91415	0	0.310609	0	0.0303276
r_2403	diacylglycerol acyltransferase (1-16:1, 2-18:1, 3-16:0), lipid particle	0	4.91415	0	0.310609	0	0.0303276
r_2404	diacylglycerol acyltransferase (1-18:0, 2-16:1, 3-16:0), lipid particle	0	4.91415	0	0.310609	0	0.0303276
r_2405	diacylglycerol acyltransferase (1-18:0, 2-18:1, 3-16:0), lipid particle	0	4.91415	0	0.310609	0	0.0303276
r_2406	diacylglycerol acyltransferase (1-18:1, 2-16:1, 3-16:0), lipid particle	0	4.91415	0	0.310609	0	0.0303276
r_2407	diacylglycerol acyltransferase (1-18:1, 2-18:1, 3-16:0), lipid particle	0	4.91415	0	0.310609	0	0.0303276
r_2408	diacylglycerol acyltransferase (1-16:0, 2-16:1, 3-16:1), lipid particle	0	4.91415	0	0.29736	0	0.0303276
r_2409	diacylglycerol acyltransferase (1-16:0, 2-18:1, 3-16:1), lipid particle	0	4.91415	0	0.29736	0	0.0303276
r_2410	diacylglycerol acyltransferase (1-16:1, 2-16:1, 3-16:1), lipid particle	0	4.91415	0	0.29736	0	0.0303276
r_2411	diacylglycerol acyltransferase (1-16:1, 2-18:1, 3-16:1), lipid particle	0	4.91415	0	0.29736	0	0.0303276
r_2412	diacylglycerol acyltransferase (1-18:0, 2-16:1, 3-16:1), lipid particle	0	4.91415	0	0.29736	0	0.0303276
r_2413	diacylglycerol acyltransferase (1-18:0, 2-18:1, 3-16:1), lipid particle	0	4.91415	0	0.29736	0	0.0303276
r_2414	diacylglycerol acyltransferase (1-18:1, 2-16:1, 3-16:1), lipid particle	0	4.91415	0	0.29736	0	0.0303276
r_2415	diacylglycerol acyltransferase (1-18:1, 2-18:1, 3-16:1), lipid particle	0	4.91415	0	0.29736	0	0.0303276
r_2416	diacylglycerol acyltransferase (1-16:0, 2-16:1, 3-18:0), lipid particle	0	4.91415	0	0.286984	0	0.0266173
r_2417	diacylglycerol acyltransferase (1-16:0, 2-18:1, 3-18:0), lipid particle	0	4.91415	0	0.286984	0	0.0266173
r_2418	diacylglycerol acyltransferase (1-16:1, 2-16:1, 3-18:0), lipid particle	0	4.91415	0	0.286984	0	0.0266173
r_2419	diacylglycerol acyltransferase (1-16:1, 2-18:1, 3-18:0), lipid particle	0	4.91415	0	0.286984	0	0.0266173
r_2420	diacylglycerol acyltransferase (1-18:0, 2-16:1, 3-18:0), lipid particle	0	4.91415	0	0.286984	0	0.0266173
r_2421	diacylglycerol acyltransferase (1-18:0, 2-18:1, 3-18:0), lipid particle	0	4.91415	0	0.286984	0	0.0266173
r_2422	diacylglycerol acyltransferase (1-18:1, 2-16:1, 3-18:0), lipid particle	0	4.91415	0	0.286984	0	0.0266173
r_2423	diacylglycerol acyltransferase (1-18:1, 2-18:1, 3-18:0), lipid particle	0	4.91415	0	0.286984	0	0.0266173
r_2424	diacylglycerol acyltransferase (1-16:0, 2-16:1, 3-18:1), lipid particle	0	4.91415	0	0.271908	0	0.0266173
r_2425	diacylglycerol acyltransferase (1-16:0, 2-18:1, 3-18:1), lipid particle	0	4.91415	0	0.271908	0	0.0266173
r_2426	diacylglycerol acyltransferase (1-16:1, 2-16:1, 3-18:1), lipid particle	0	4.91415	0	0.271908	0	0.0266173
r_2427	diacylglycerol acyltransferase (1-16:1, 2-18:1, 3-18:1), lipid particle	0	4.91415	0	0.271908	0	0.0266173
r_2428	diacylglycerol acyltransferase (1-18:0, 2-16:1, 3-18:1), lipid particle	0	4.91415	0	0.271908	0	0.0266173
r_2429	diacylglycerol acyltransferase (1-18:0, 2-18:1, 3-18:1), lipid particle	0	4.91415	0	0.271908	0	0.0266173
r_2430	diacylglycerol acyltransferase (1-18:1, 2-16:1, 3-18:1), lipid particle	0	4.91415	0	0.271908	0	0.0266173
r_2431	diacylglycerol acyltransferase (1-18:1, 2-18:1, 3-18:1), lipid particle	0	4.91415	0	0.271908	0	0.0266173
r_2432	CDP-diacylglycerol synthase (1-16:0, 2-16:1), ER membrane	0	3.12196	0	2.95366	0	0.0106254
r_2433	CDP-diacylglycerol synthase (1-16:1, 2-16:1), ER membrane	0	3.12196	0	2.95366	0	0.0106254
r_2434	CDP-diacylglycerol synthase (1-18:0, 2-16:1), ER membrane	0	3.12196	0	2.95366	0	0.0106254
r_2435	CDP-diacylglycerol synthase (1-18:1, 2-16:1), ER membrane	0	3.12196	0	2.95366	0	0.0106254
r_2436	CDP-diacylglycerol synthase (1-16:0, 2-18:1), ER membrane	0	3.12196	0	2.95366	0	0.0106254
r_2437	CDP-diacylglycerol synthase (1-16:1, 2-18:1), ER membrane	0	3.12196	0	2.95366	0	0.0106254
r_2438	CDP-diacylglycerol synthase (1-18:0, 2-18:1), ER membrane	0	3.12196	0	2.95366	0	0.0106254
r_2439	CDP-diacylglycerol synthase (1-18:1, 2-18:1), ER membrane	0	3.12196	0	2.95366	0	0.0106254
r_2440	CDP-diacylglycerol synthase (1-16:0, 2-16:1), mitochondrial membrane	0	2.23371	0	2.19461	0	0.0416722
r_2441	CDP-diacylglycerol synthase (1-16:1, 2-16:1), mitochondrial membrane	0	2.23371	0	2.1959	0	0.0416722
r_2442	CDP-diacylglycerol synthase (1-18:0, 2-16:1), mitochondrial membrane	0	2.23371	0	2.1959	0	0.0416722
r_2443	CDP-diacylglycerol synthase (1-18:1, 2-16:1), mitochondrial membrane	0	2.23371	0	2.1959	0	0.0416722
r_2444	CDP-diacylglycerol synthase (1-16:0, 2-18:1), mitochondrial membrane	0	2.23371	0	2.1959	0	0.0416722
r_2445	CDP-diacylglycerol synthase (1-16:1, 2-18:1), mitochondrial membrane	0	2.23371	0	2.1959	0	0.0416722
r_2446	PS synthase (1-16:0, 2-16:1), ER membrane	0	0.415554	0	0.385927	0	0.00910286
r_2447	PS synthase (1-16:1, 2-16:1), ER membrane	0	0.415554	0	0.385927	0	0.00910286
r_2448	PS synthase (1-18:0, 2-16:1), ER membrane	0	0.415554	0	0.385927	0	0.00910286
r_2449	PS synthase (1-18:1, 2-16:1), ER membrane	0	0.415554	0	0.385927	0	0.00910286
r_2450	PS synthase (1-16:0, 2-18:1), ER membrane	0	0.415554	0	0.385927	0	0.00910286
r_2451	PS synthase (1-16:1, 2-18:1), ER membrane	0	0.415554	0	0.385927	0	0.00910286
r_2452	PS synthase (1-18:0, 2-18:1), ER membrane	0	0.415554	0	0.385927	0	0.00910286
r_2453	PS synthase (1-18:1, 2-18:1), ER membrane	0	0.415554	0	0.385927	0	0.00910286
r_2454	PI synthase (1-16:0, 2-16:1), ER membrane	0	3.12196	0	2.95366	0	0.00152253
r_2455	PI synthase (1-16:1, 2-16:1), ER membrane	0	3.12196	0	2.95366	0	0.00152253
r_2456	PI synthase (1-18:0, 2-16:1), ER membrane	0	3.12196	0	2.95366	0	0.00152253
r_2457	PI synthase (1-18:1, 2-16:1), ER membrane	0	3.12196	0	2.95366	0	0.00152253
r_2458	PI synthase (1-16:0, 2-18:1), ER membrane	0	3.12196	0	2.95366	0	0.00152253
r_2459	PI synthase (1-16:1, 2-18:1), ER membrane	0	3.12196	0	2.95366	0	0.00152253
r_2460	PI synthase (1-18:0, 2-18:1), ER membrane	0	3.12196	0	2.95366	0	0.00152253
r_2461	PI synthase (1-18:1, 2-18:1), ER membrane	0	3.12196	0	2.95366	0	0.00152253
r_2462	lysoPI acyltransferase (1-18:0, 2-16:1), ER membrane	0	0	0	0	0	0
r_2463	lysoPI acyltransferase (1-18:0, 2-18:1), ER membrane	0	0	0	0	0	0
r_2464	PS decarboxylase (1-16:0, 2-16:1), mitochondrial membrane	0	0.415554	0	0.385927	0	0.00910286
r_2465	PS decarboxylase (1-16:1, 2-16:1), mitochondrial membrane	0	0.415554	0	0.385927	0	0.00910286
r_2466	PS decarboxylase (1-18:0, 2-16:1), mitochondrial membrane	0	0.415554	0	0.385927	0	0.00910286
r_2467	PS decarboxylase (1-18:1, 2-16:1), mitochondrial membrane	0	0.415554	0	0.385927	0	0.00910286
r_2468	PS decarboxylase (1-16:0, 2-18:1), mitochondrial membrane	0	0.415554	0	0.385927	0	0.00910286
r_2469	PS decarboxylase (1-16:1, 2-18:1), mitochondrial membrane	0	0.415554	0	0.385927	0	0.00910286
r_2470	PS decarboxylase (1-18:0, 2-18:1), mitochondrial membrane	0	0.415554	0	0.385927	0	0.00910286
r_2471	PS decarboxylase (1-18:1, 2-18:1), mitochondrial membrane	0	0.415554	0	0.385927	0	0.00910286
r_2472	PS decarboxylase (1-16:0, 2-16:1), Golgi membrane	0	0.415554	0	0.385161	0	0.00910286
r_2473	PS decarboxylase (1-16:1, 2-16:1), Golgi membrane	0	0.415554	0	0.385161	0	0.00910286
r_2474	PS decarboxylase (1-18:0, 2-16:1), Golgi membrane	0	0.415554	0	0.385161	0	0.00910286
r_2475	PS decarboxylase (1-18:1, 2-16:1), Golgi membrane	0	0.415554	0	0.385161	0	0.00910286
r_2476	PS decarboxylase (1-16:0, 2-18:1), Golgi membrane	0	0.415554	0	0.385161	0	0.00910286
r_2477	PS decarboxylase (1-16:1, 2-18:1), Golgi membrane	0	0.415554	0	0.385161	0	0.00910286
r_2478	PS decarboxylase (1-18:0, 2-18:1), Golgi membrane	0	0.415554	0	0.385161	0	0.00910286
r_2479	PS decarboxylase (1-18:1, 2-18:1), Golgi membrane	0	0.415554	0	0.385161	0	0.00910286
r_2480	PS decarboxylase (1-16:0, 2-16:1), vacuolar membrane	0	0.415554	0	0.385864	0	0.00910286
r_2481	PS decarboxylase (1-16:1, 2-16:1), vacuolar membrane	0	0.415554	0	0.385864	0	0.00910286
r_2482	PS decarboxylase (1-18:0, 2-16:1), vacuolar membrane	0	0.415554	0	0.385864	0	0.00910286
r_2483	PS decarboxylase (1-18:1, 2-16:1), vacuolar membrane	0	0.415554	0	0.385864	0	0.00910286
r_2484	PS decarboxylase (1-16:0, 2-18:1), vacuolar membrane	0	0.415554	0	0.385864	0	0.00910286
r_2485	PS decarboxylase (1-16:1, 2-18:1), vacuolar membrane	0	0.415554	0	0.385864	0	0.00910286
r_2486	PS decarboxylase (1-18:0, 2-18:1), vacuolar membrane	0	0.415554	0	0.385864	0	0.00910286
r_2487	PS decarboxylase (1-18:1, 2-18:1), vacuolar membrane	0	0.415554	0	0.385864	0	0.00910286
r_2488	PE methyltransferase (1-16:0, 2-16:1), ER membrane	0	0.415554	0	0.385927	0	0.00910286
r_2489	PE methyltransferase (1-16:1, 2-16:1), ER membrane	0	0.415554	0	0.385927	0	0.00910286
r_2490	PE methyltransferase (1-18:0, 2-16:1), ER membrane	0	0.415554	0	0.385927	0	0.00910286
r_2491	PE methyltransferase (1-18:1, 2-16:1), ER membrane	0	0.415554	0	0.385927	0	0.00910286
r_2492	PE methyltransferase (1-16:0, 2-18:1), ER membrane	0	0.415554	0	0.385927	0	0.00910286
r_2493	PE methyltransferase (1-16:1, 2-18:1), ER membrane	0	0.415554	0	0.385927	0	0.00910286
r_2494	PE methyltransferase (1-18:0, 2-18:1), ER membrane	0	0.415554	0	0.385927	0	0.00910286
r_2495	PE methyltransferase (1-18:1, 2-18:1), ER membrane	0	0.415554	0	0.385927	0	0.00910286
r_2496	phosphatidyl-N-methylethanolamine methyltransferase (1-16:0, 2-16:1), ER membrane	0	0.415554	0	0.385927	0	0.00910286
r_2497	phosphatidyl-N-methylethanolamine methyltransferase (1-16:1, 2-16:1), ER membrane	0	0.415554	0	0.385927	0	0.00910286
r_2498	phosphatidyl-N-methylethanolamine methyltransferase (1-18:0, 2-16:1), ER membrane	0	0.415554	0	0.385927	0	0.00910286
r_2499	phosphatidyl-N-methylethanolamine methyltransferase (1-18:1, 2-16:1), ER membrane	0	0.415554	0	0.385927	0	0.00910286
r_2500	phosphatidyl-N-methylethanolamine methyltransferase (1-16:0, 2-18:1), ER membrane	0	0.415554	0	0.385927	0	0.00910286
r_2501	phosphatidyl-N-methylethanolamine methyltransferase (1-16:1, 2-18:1), ER membrane	0	0.415554	0	0.385927	0	0.00910286
r_2502	phosphatidyl-N-methylethanolamine methyltransferase (1-18:0, 2-18:1), ER membrane	0	0.415554	0	0.385927	0	0.00910286
r_2503	phosphatidyl-N-methylethanolamine methyltransferase (1-18:1, 2-18:1), ER membrane	0	0.415554	0	0.385927	0	0.00910286
r_2504	phosphatidyl-N,N-dimethylethanolamine methyltransferase (1-16:0, 2-16:1), ER membrane	0	0.415554	0	0.385927	0	0.00910286
r_2505	phosphatidyl-N,N-dimethylethanolamine methyltransferase (1-16:1, 2-16:1), ER membrane	0	0.415554	0	0.385927	0	0.00910286
r_2506	phosphatidyl-N,N-dimethylethanolamine methyltransferase (1-18:0, 2-16:1), ER membrane	0	0.415554	0	0.385927	0	0.00910286
r_2507	phosphatidyl-N,N-dimethylethanolamine methyltransferase (1-18:1, 2-16:1), ER membrane	0	0.415554	0	0.385927	0	0.00910286
r_2508	phosphatidyl-N,N-dimethylethanolamine methyltransferase (1-16:0, 2-18:1), ER membrane	0	0.415554	0	0.385927	0	0.00910286
r_2509	phosphatidyl-N,N-dimethylethanolamine methyltransferase (1-16:1, 2-18:1), ER membrane	0	0.415554	0	0.385927	0	0.00910286
r_2510	phosphatidyl-N,N-dimethylethanolamine methyltransferase (1-18:0, 2-18:1), ER membrane	0	0.415554	0	0.385927	0	0.00910286
r_2511	phosphatidyl-N,N-dimethylethanolamine methyltransferase (1-18:1, 2-18:1), ER membrane	0	0.415554	0	0.385927	0	0.00910286
r_2512	DAG kinase (1-16:0, 2-16:1), ER membrane	0	8.32524	0	7.82745	0	6.93847
r_2513	DAG kinase (1-16:1, 2-16:1), ER membrane	0	8.32524	0	7.82745	0	6.93847
r_2514	DAG kinase (1-18:0, 2-16:1), ER membrane	0	8.32524	0	7.82745	0	6.93847
r_2515	DAG kinase (1-18:1, 2-16:1), ER membrane	0	8.32524	0	7.82745	0	6.93847
r_2516	DAG kinase (1-16:0, 2-18:1), ER membrane	0	8.32524	0	7.82745	0	6.93847
r_2517	DAG kinase (1-16:1, 2-18:1), ER membrane	0	8.32524	0	7.82745	0	6.93847
r_2518	DAG kinase (1-18:0, 2-18:1), ER membrane	0	8.32524	0	7.82745	0	6.93847
r_2519	DAG kinase (1-18:1, 2-18:1), ER membrane	0	8.32524	0	7.82745	0	6.93847
r_2520	ethanolaminephosphotransferase (1-16:0, 2-16:1), ER membrane	0	0	0	0	0	0
r_2521	ethanolaminephosphotransferase (1-16:1, 2-16:1), ER membrane	0	0	0	0	0	0
r_2522	ethanolaminephosphotransferase (1-18:0, 2-16:1), ER membrane	0	0	0	0	0	0
r_2523	ethanolaminephosphotransferase (1-18:1, 2-16:1), ER membrane	0	0	0	0	0	0
r_2524	ethanolaminephosphotransferase (1-16:0, 2-18:1), ER membrane	0	0	0	0	0	0
r_2525	ethanolaminephosphotransferase (1-16:1, 2-18:1), ER membrane	0	0	0	0	0	0
r_2526	ethanolaminephosphotransferase (1-18:0, 2-18:1), ER membrane	0	0	0	0	0	0
r_2527	ethanolaminephosphotransferase (1-18:1, 2-18:1), ER membrane	0	0	0	0	0	0
r_2528	cholinephosphotransferase (1-16:0, 2-16:1), ER membrane	0	3.12196	0	0.559189	0	0.00412868
r_2529	cholinephosphotransferase (1-16:1, 2-16:1), ER membrane	0	3.12196	0	0.559189	0	0.00412868
r_2530	cholinephosphotransferase (1-18:0, 2-16:1), ER membrane	0	3.12196	0	0.559189	0	0.00412868
r_2531	cholinephosphotransferase (1-18:1, 2-16:1), ER membrane	0	3.12196	0	0.559189	0	0.00412868
r_2532	cholinephosphotransferase (1-16:0, 2-18:1), ER membrane	0	3.12196	0	0.559189	0	0.00412868
r_2533	cholinephosphotransferase (1-16:1, 2-18:1), ER membrane	0	3.12196	0	0.559189	0	0.00412868
r_2534	cholinephosphotransferase (1-18:0, 2-18:1), ER membrane	0	3.12196	0	0.559189	0	0.00412868
r_2535	cholinephosphotransferase (1-18:1, 2-18:1), ER membrane	0	3.12196	0	0.559189	0	0.00412868
r_2536	phosphatidylglycerolphosphate synthase (1-16:0, 2-16:1), mitochondrial membrane	0	2.23371	0	2.19461	0	0.0416722
r_2537	phosphatidylglycerolphosphate synthase (1-16:1, 2-16:1), mitochondrial membrane	0	2.23371	0	2.1959	0	0.0416722
r_2538	phosphatidylglycerolphosphate synthase (1-18:0, 2-16:1), mitochondrial membrane	0	2.23371	0	2.1959	0	0.0416722
r_2539	phosphatidylglycerolphosphate synthase (1-18:1, 2-16:1), mitochondrial membrane	0	2.23371	0	2.1959	0	0.0416722
r_2540	phosphatidylglycerolphosphate synthase (1-16:0, 2-18:1), mitochondrial membrane	0	2.23371	0	2.1959	0	0.0416722
r_2541	phosphatidylglycerolphosphate synthase (1-16:1, 2-18:1), mitochondrial membrane	0	2.23371	0	2.1959	0	0.0416722
r_2542	PGP phosphatase (1-16:0, 2-16:1), mitochondrial membrane	0	2.23371	0	2.19461	0	0.0416722
r_2543	PGP phosphatase (1-16:1, 2-16:1), mitochondrial membrane	0	2.23371	0	2.1959	0	0.0416722
r_2544	PGP phosphatase (1-18:0, 2-16:1), mitochondrial membrane	0	2.23371	0	2.1959	0	0.0416722
r_2545	PGP phosphatase (1-18:1, 2-16:1), mitochondrial membrane	0	2.23371	0	2.1959	0	0.0416722
r_2546	PGP phosphatase (1-16:0, 2-18:1), mitochondrial membrane	0	2.23371	0	2.1959	0	0.0416722
r_2547	PGP phosphatase (1-16:1, 2-18:1), mitochondrial membrane	0	2.23371	0	2.1959	0	0.0416722
r_2548	CL synthase (1-16:0, 2-16:1, 3-16:0, 4-16:1), mitochondrial membrane	0	0	0	0	0	0
r_2549	CL synthase (1-16:0, 2-16:1, 3-16:1, 4-16:1), mitochondrial membrane	0	0	0	0	0	0
r_2550	CL synthase (1-16:0, 2-16:1, 3-18:0, 4-16:1), mitochondrial membrane	0	0	0	0	0	0
r_2551	CL synthase (1-16:0, 2-16:1, 3-18:1, 4-16:1), mitochondrial membrane	0	0	0	0	0	0
r_2552	CL synthase (1-16:0, 2-16:1, 3-16:0, 4-18:1), mitochondrial membrane	0	0	0	0	0	0
r_2553	CL synthase (1-16:0, 2-16:1, 3-16:1, 4-18:1), mitochondrial membrane	0	0	0	0	0	0
r_2554	CL synthase (1-16:1, 2-16:1, 3-16:0, 4-16:1), mitochondrial membrane	0	0	0	0	0	0
r_2555	CL synthase (1-16:1, 2-16:1, 3-16:1, 4-16:1), mitochondrial membrane	0	0	0	0	0	0
r_2556	CL synthase (1-16:1, 2-16:1, 3-18:0, 4-16:1), mitochondrial membrane	0	0	0	0	0	0
r_2557	CL synthase (1-16:1, 2-16:1, 3-18:1, 4-16:1), mitochondrial membrane	0	0	0	0	0	0
r_2558	CL synthase (1-16:1, 2-16:1, 3-16:0, 4-18:1), mitochondrial membrane	0	0	0	0	0	0
r_2559	CL synthase (1-16:1, 2-16:1, 3-16:1, 4-18:1), mitochondrial membrane	0	0	0	0	0	0
r_2560	CL synthase (1-18:0, 2-16:1, 3-16:0, 4-16:1), mitochondrial membrane	0	0	0	0	0	0
r_2561	CL synthase (1-18:0, 2-16:1, 3-16:1, 4-16:1), mitochondrial membrane	0	0	0	0	0	0
r_2562	CL synthase (1-18:0, 2-16:1, 3-18:0, 4-16:1), mitochondrial membrane	0	0	0	0	0	0
r_2563	CL synthase (1-18:0, 2-16:1, 3-18:1, 4-16:1), mitochondrial membrane	0	0	0	0	0	0
r_2564	CL synthase (1-18:0, 2-16:1, 3-16:0, 4-18:1), mitochondrial membrane	0	0	0	0	0	0
r_2565	CL synthase (1-18:0, 2-16:1, 3-16:1, 4-18:1), mitochondrial membrane	0	0	0	0	0	0
r_2566	CL synthase (1-18:1, 2-16:1, 3-16:0, 4-16:1), mitochondrial membrane	0	0	0	0	0	0
r_2567	CL synthase (1-18:1, 2-16:1, 3-16:1, 4-16:1), mitochondrial membrane	0	0	0	0	0	0
r_2568	CL synthase (1-18:1, 2-16:1, 3-18:0, 4-16:1), mitochondrial membrane	0	0	0	0	0	0
r_2569	CL synthase (1-18:1, 2-16:1, 3-18:1, 4-16:1), mitochondrial membrane	0	0	0	0	0	0
r_2570	CL synthase (1-18:1, 2-16:1, 3-16:0, 4-18:1), mitochondrial membrane	0	0	0	0	0	0
r_2571	CL synthase (1-18:1, 2-16:1, 3-16:1, 4-18:1), mitochondrial membrane	0	0	0	0	0	0
r_2572	CL synthase (1-16:0, 2-18:1, 3-16:0, 4-16:1), mitochondrial membrane	0	0	0	0	0	0
r_2573	CL synthase (1-16:0, 2-18:1, 3-16:1, 4-16:1), mitochondrial membrane	0	0	0	0	0	0
r_2574	CL synthase (1-16:0, 2-18:1, 3-18:0, 4-16:1), mitochondrial membrane	0	0	0	0	0	0
r_2575	CL synthase (1-16:0, 2-18:1, 3-18:1, 4-16:1), mitochondrial membrane	0	0	0	0	0	0
r_2576	CL synthase (1-16:0, 2-18:1, 3-16:0, 4-18:1), mitochondrial membrane	0	0	0	0	0	0
r_2577	CL synthase (1-16:0, 2-18:1, 3-16:1, 4-18:1), mitochondrial membrane	0	0	0	0	0	0
r_2578	CL synthase (1-16:1, 2-18:1, 3-16:0, 4-16:1), mitochondrial membrane	0	0	0	0	0	0
r_2579	CL synthase (1-16:1, 2-18:1, 3-16:1, 4-16:1), mitochondrial membrane	0	0	0	0	0	0
r_2580	CL synthase (1-16:1, 2-18:1, 3-18:0, 4-16:1), mitochondrial membrane	0	0	0	0	0	0
r_2581	CL synthase (1-16:1, 2-18:1, 3-18:1, 4-16:1), mitochondrial membrane	0	0	0	0	0	0
r_2582	CL synthase (1-16:1, 2-18:1, 3-16:0, 4-18:1), mitochondrial membrane	0	0	0	0	0	0
r_2583	CL synthase (1-16:1, 2-18:1, 3-16:1, 4-18:1), mitochondrial membrane	0	0	0	0	0	0
r_2584	CL (1-16:0, 2-16:1, 3-16:0, 4-16:1) phospholipase (1-position), mitochondrial membrane	0	0	0	0	0	0
r_2585	CL (1-16:0, 2-16:1, 3-16:1, 4-16:1) phospholipase (1-position), mitochondrial membrane	0	0	0	0	0	0
r_2586	CL (1-16:0, 2-16:1, 3-18:0, 4-16:1) phospholipase (1-position), mitochondrial membrane	0	0	0	0	0	0
r_2587	CL (1-16:0, 2-16:1, 3-18:1, 4-16:1) phospholipase (1-position), mitochondrial membrane	0	0	0	0	0	0
r_2588	CL (1-16:0, 2-16:1, 3-16:0, 4-18:1) phospholipase (1-position), mitochondrial membrane	0	0	0	0	0	0
r_2589	CL (1-16:0, 2-16:1, 3-16:1, 4-18:1) phospholipase (1-position), mitochondrial membrane	0	0	0	0	0	0
r_2590	CL (1-18:0, 2-16:1, 3-16:0, 4-16:1) phospholipase (1-position), mitochondrial membrane	0	0	0	0	0	0
r_2591	CL (1-18:0, 2-16:1, 3-16:1, 4-16:1) phospholipase (1-position), mitochondrial membrane	0	0	0	0	0	0
r_2592	CL (1-18:0, 2-16:1, 3-18:0, 4-16:1) phospholipase (1-position), mitochondrial membrane	0	0	0	0	0	0
r_2593	CL (1-18:0, 2-16:1, 3-18:1, 4-16:1) phospholipase (1-position), mitochondrial membrane	0	0	0	0	0	0
r_2594	CL (1-18:0, 2-16:1, 3-16:0, 4-18:1) phospholipase (1-position), mitochondrial membrane	0	0	0	0	0	0
r_2595	CL (1-18:0, 2-16:1, 3-16:1, 4-18:1) phospholipase (1-position), mitochondrial membrane	0	0	0	0	0	0
r_2596	CL (1-16:0, 2-18:1, 3-16:0, 4-16:1) phospholipase (1-position), mitochondrial membrane	0	0	0	0	0	0
r_2597	CL (1-16:0, 2-18:1, 3-16:1, 4-16:1) phospholipase (1-position), mitochondrial membrane	0	0	0	0	0	0
r_2598	CL (1-16:0, 2-18:1, 3-18:0, 4-16:1) phospholipase (1-position), mitochondrial membrane	0	0	0	0	0	0
r_2599	CL (1-16:0, 2-18:1, 3-18:1, 4-16:1) phospholipase (1-position), mitochondrial membrane	0	0	0	0	0	0
r_2600	CL (1-16:0, 2-18:1, 3-16:0, 4-18:1) phospholipase (1-position), mitochondrial membrane	0	0	0	0	0	0
r_2601	CL (1-16:0, 2-18:1, 3-16:1, 4-18:1) phospholipase (1-position), mitochondrial membrane	0	0	0	0	0	0
r_2602	CL (1-16:0, 2-16:1, 3-16:0, 4-16:1) phospholipase (3-position), mitochondrial membrane	0	0	0	0	0	0
r_2603	CL (1-16:0, 2-16:1, 3-18:0, 4-16:1) phospholipase (3-position), mitochondrial membrane	0	0	0	0	0	0
r_2604	CL (1-16:0, 2-16:1, 3-16:0, 4-18:1) phospholipase (3-position), mitochondrial membrane	0	0	0	0	0	0
r_2605	CL (1-16:1, 2-16:1, 3-16:0, 4-16:1) phospholipase (3-position), mitochondrial membrane	0	0	0	0	0	0
r_2606	CL (1-16:1, 2-16:1, 3-18:0, 4-16:1) phospholipase (3-position), mitochondrial membrane	0	0	0	0	0	0
r_2607	CL (1-16:1, 2-16:1, 3-16:0, 4-18:1) phospholipase (3-position), mitochondrial membrane	0	0	0	0	0	0
r_2608	CL (1-18:0, 2-16:1, 3-16:0, 4-16:1) phospholipase (3-position), mitochondrial membrane	0	0	0	0	0	0
r_2609	CL (1-18:0, 2-16:1, 3-18:0, 4-16:1) phospholipase (3-position), mitochondrial membrane	0	0	0	0	0	0
r_2610	CL (1-18:0, 2-16:1, 3-16:0, 4-18:1) phospholipase (3-position), mitochondrial membrane	0	0	0	0	0	0
r_2611	CL (1-18:1, 2-16:1, 3-16:0, 4-16:1) phospholipase (3-position), mitochondrial membrane	0	0	0	0	0	0
r_2612	CL (1-18:1, 2-16:1, 3-18:0, 4-16:1) phospholipase (3-position), mitochondrial membrane	0	0	0	0	0	0
r_2613	CL (1-18:1, 2-16:1, 3-16:0, 4-18:1) phospholipase (3-position), mitochondrial membrane	0	0	0	0	0	0
r_2614	CL (1-16:0, 2-18:1, 3-16:0, 4-16:1) phospholipase (3-position), mitochondrial membrane	0	0	0	0	0	0
r_2615	CL (1-16:0, 2-18:1, 3-18:0, 4-16:1) phospholipase (3-position), mitochondrial membrane	0	0	0	0	0	0
r_2616	CL (1-16:0, 2-18:1, 3-16:0, 4-18:1) phospholipase (3-position), mitochondrial membrane	0	0	0	0	0	0
r_2617	CL (1-16:1, 2-18:1, 3-16:0, 4-16:1) phospholipase (3-position), mitochondrial membrane	0	0	0	0	0	0
r_2618	CL (1-16:1, 2-18:1, 3-18:0, 4-16:1) phospholipase (3-position), mitochondrial membrane	0	0	0	0	0	0
r_2619	CL (1-16:1, 2-18:1, 3-16:0, 4-18:1) phospholipase (3-position), mitochondrial membrane	0	0	0	0	0	0
r_2620	MLCL (2-16:1, 3-16:0, 4-16:1):PC (1-16:0, 2-16:1) acyltransferase, mitochondrial membrane	-1000	1000	-727.092	727.092	-647.411	647.411
r_2621	MLCL (2-16:1, 3-16:0, 4-16:1):PC (1-16:1, 2-16:1) acyltransferase, mitochondrial membrane	-1000	1000	-727.092	727.092	-647.411	647.411
r_2622	MLCL (2-16:1, 3-16:0, 4-16:1):PC (1-18:0, 2-16:1) acyltransferase, mitochondrial membrane	-1000	1000	-727.092	727.092	-647.411	647.411
r_2623	MLCL (2-16:1, 3-16:0, 4-16:1):PC (1-18:1, 2-16:1) acyltransferase, mitochondrial membrane	-1000	1000	-727.092	727.092	-647.411	647.411
r_2624	MLCL (2-16:1, 3-16:0, 4-16:1):PC (1-16:0, 2-18:1) acyltransferase, mitochondrial membrane	-1000	1000	-727.092	727.092	-647.411	647.411
r_2625	MLCL (2-16:1, 3-16:0, 4-16:1):PC (1-16:1, 2-18:1) acyltransferase, mitochondrial membrane	-1000	1000	-727.092	727.092	-647.411	647.411
r_2626	MLCL (2-16:1, 3-16:0, 4-16:1):PC (1-18:0, 2-18:1) acyltransferase, mitochondrial membrane	-1000	1000	-727.092	727.092	-647.411	647.411
r_2627	MLCL (2-16:1, 3-16:0, 4-16:1):PC (1-18:1, 2-18:1) acyltransferase, mitochondrial membrane	-1000	1000	-727.092	727.092	-647.411	647.411
r_2628	MLCL (2-16:1, 3-16:1, 4-16:1):PC (1-16:0, 2-16:1) acyltransferase, mitochondrial membrane	-1000	1000	-727.092	727.092	-647.411	647.411
r_2629	MLCL (2-16:1, 3-16:1, 4-16:1):PC (1-16:1, 2-16:1) acyltransferase, mitochondrial membrane	-1000	1000	-727.092	727.092	-647.411	647.411
r_2630	MLCL (2-16:1, 3-16:1, 4-16:1):PC (1-18:0, 2-16:1) acyltransferase, mitochondrial membrane	-1000	1000	-727.092	727.092	-647.411	647.411
r_2631	MLCL (2-16:1, 3-16:1, 4-16:1):PC (1-18:1, 2-16:1) acyltransferase, mitochondrial membrane	-1000	1000	-727.092	727.092	-647.411	647.411
r_2632	MLCL (2-16:1, 3-16:1, 4-16:1):PC (1-16:0, 2-18:1) acyltransferase, mitochondrial membrane	-1000	1000	-727.092	727.092	-647.411	647.411
r_2633	MLCL (2-16:1, 3-16:1, 4-16:1):PC (1-16:1, 2-18:1) acyltransferase, mitochondrial membrane	-1000	1000	-727.092	727.092	-647.411	647.411
r_2634	MLCL (2-16:1, 3-16:1, 4-16:1):PC (1-18:0, 2-18:1) acyltransferase, mitochondrial membrane	-1000	1000	-727.092	727.092	-647.411	647.411
r_2635	MLCL (2-16:1, 3-16:1, 4-16:1):PC (1-18:1, 2-18:1) acyltransferase, mitochondrial membrane	-1000	1000	-727.092	727.092	-647.411	647.411
r_2636	MLCL (2-16:1, 3-18:0, 4-16:1):PC (1-16:0, 2-16:1) acyltransferase, mitochondrial membrane	-1000	1000	-727.092	727.092	-647.411	647.411
r_2637	MLCL (2-16:1, 3-18:0, 4-16:1):PC (1-16:1, 2-16:1) acyltransferase, mitochondrial membrane	-1000	1000	-727.092	727.092	-647.411	647.411
r_2638	MLCL (2-16:1, 3-18:0, 4-16:1):PC (1-18:0, 2-16:1) acyltransferase, mitochondrial membrane	-1000	1000	-727.092	727.092	-647.411	647.411
r_2639	MLCL (2-16:1, 3-18:0, 4-16:1):PC (1-18:1, 2-16:1) acyltransferase, mitochondrial membrane	-1000	1000	-727.092	727.092	-647.411	647.411
r_2640	MLCL (2-16:1, 3-18:0, 4-16:1):PC (1-16:0, 2-18:1) acyltransferase, mitochondrial membrane	-1000	1000	-727.092	727.092	-647.411	647.411
r_2641	MLCL (2-16:1, 3-18:0, 4-16:1):PC (1-16:1, 2-18:1) acyltransferase, mitochondrial membrane	-1000	1000	-727.092	727.092	-647.411	647.411
r_2642	MLCL (2-16:1, 3-18:0, 4-16:1):PC (1-18:0, 2-18:1) acyltransferase, mitochondrial membrane	-1000	1000	-727.092	727.092	-647.411	647.411
r_2643	MLCL (2-16:1, 3-18:0, 4-16:1):PC (1-18:1, 2-18:1) acyltransferase, mitochondrial membrane	-1000	1000	-727.092	727.092	-647.411	647.411
r_2644	MLCL (2-16:1, 3-18:1, 4-16:1):PC (1-16:0, 2-16:1) acyltransferase, mitochondrial membrane	-1000	1000	-727.092	727.092	-647.411	647.411
r_2645	MLCL (2-16:1, 3-18:1, 4-16:1):PC (1-16:1, 2-16:1) acyltransferase, mitochondrial membrane	-1000	1000	-727.092	727.092	-647.411	647.411
r_2646	MLCL (2-16:1, 3-18:1, 4-16:1):PC (1-18:0, 2-16:1) acyltransferase, mitochondrial membrane	-1000	1000	-727.092	727.092	-647.411	647.411
r_2647	MLCL (2-16:1, 3-18:1, 4-16:1):PC (1-18:1, 2-16:1) acyltransferase, mitochondrial membrane	-1000	1000	-727.092	727.092	-647.411	647.411
r_2648	MLCL (2-16:1, 3-18:1, 4-16:1):PC (1-16:0, 2-18:1) acyltransferase, mitochondrial membrane	-1000	1000	-727.092	727.092	-647.411	647.411
r_2649	MLCL (2-16:1, 3-18:1, 4-16:1):PC (1-16:1, 2-18:1) acyltransferase, mitochondrial membrane	-1000	1000	-727.092	727.092	-647.411	647.411
r_2650	MLCL (2-16:1, 3-18:1, 4-16:1):PC (1-18:0, 2-18:1) acyltransferase, mitochondrial membrane	-1000	1000	-727.092	727.092	-647.411	647.411
r_2651	MLCL (2-16:1, 3-18:1, 4-16:1):PC (1-18:1, 2-18:1) acyltransferase, mitochondrial membrane	-1000	1000	-727.092	727.092	-647.411	647.411
r_2652	MLCL (2-16:1, 3-16:0, 4-18:1):PC (1-16:0, 2-16:1) acyltransferase, mitochondrial membrane	-1000	1000	-727.092	727.092	-647.411	647.411
r_2653	MLCL (2-16:1, 3-16:0, 4-18:1):PC (1-16:1, 2-16:1) acyltransferase, mitochondrial membrane	-1000	1000	-727.092	727.092	-647.411	647.411
r_2654	MLCL (2-16:1, 3-16:0, 4-18:1):PC (1-18:0, 2-16:1) acyltransferase, mitochondrial membrane	-1000	1000	-727.092	727.092	-647.411	647.411
r_2655	MLCL (2-16:1, 3-16:0, 4-18:1):PC (1-18:1, 2-16:1) acyltransferase, mitochondrial membrane	-1000	1000	-727.092	727.092	-647.411	647.411
r_2656	MLCL (2-16:1, 3-16:0, 4-18:1):PC (1-16:0, 2-18:1) acyltransferase, mitochondrial membrane	-1000	1000	-727.092	727.092	-647.411	647.411
r_2657	MLCL (2-16:1, 3-16:0, 4-18:1):PC (1-16:1, 2-18:1) acyltransferase, mitochondrial membrane	-1000	1000	-727.092	727.092	-647.411	647.411
r_2658	MLCL (2-16:1, 3-16:0, 4-18:1):PC (1-18:0, 2-18:1) acyltransferase, mitochondrial membrane	-1000	1000	-727.092	727.092	-647.411	647.411
r_2659	MLCL (2-16:1, 3-16:0, 4-18:1):PC (1-18:1, 2-18:1) acyltransferase, mitochondrial membrane	-1000	1000	-727.092	727.092	-647.411	647.411
r_2660	MLCL (2-16:1, 3-16:1, 4-18:1):PC (1-16:0, 2-16:1) acyltransferase, mitochondrial membrane	-1000	1000	-727.092	727.092	-647.411	647.411
r_2661	MLCL (2-16:1, 3-16:1, 4-18:1):PC (1-16:1, 2-16:1) acyltransferase, mitochondrial membrane	-1000	1000	-727.092	727.092	-647.411	647.411
r_2662	MLCL (2-16:1, 3-16:1, 4-18:1):PC (1-18:0, 2-16:1) acyltransferase, mitochondrial membrane	-1000	1000	-727.092	727.092	-647.411	647.411
r_2663	MLCL (2-16:1, 3-16:1, 4-18:1):PC (1-18:1, 2-16:1) acyltransferase, mitochondrial membrane	-1000	1000	-727.092	727.092	-647.411	647.411
r_2664	MLCL (2-16:1, 3-16:1, 4-18:1):PC (1-16:0, 2-18:1) acyltransferase, mitochondrial membrane	-1000	1000	-727.092	727.092	-647.411	647.411
r_2665	MLCL (2-16:1, 3-16:1, 4-18:1):PC (1-16:1, 2-18:1) acyltransferase, mitochondrial membrane	-1000	1000	-727.092	727.092	-647.411	647.411
r_2666	MLCL (2-16:1, 3-16:1, 4-18:1):PC (1-18:0, 2-18:1) acyltransferase, mitochondrial membrane	-1000	1000	-727.092	727.092	-647.411	647.411
r_2667	MLCL (2-16:1, 3-16:1, 4-18:1):PC (1-18:1, 2-18:1) acyltransferase, mitochondrial membrane	-1000	1000	-727.092	727.092	-647.411	647.411
r_2668	MLCL (2-18:1, 3-16:0, 4-16:1):PC (1-16:0, 2-16:1) acyltransferase, mitochondrial membrane	-1000	1000	-727.092	727.092	-647.411	647.411
r_2669	MLCL (2-18:1, 3-16:0, 4-16:1):PC (1-16:1, 2-16:1) acyltransferase, mitochondrial membrane	-1000	1000	-727.092	727.092	-647.411	647.411
r_2670	MLCL (2-18:1, 3-16:0, 4-16:1):PC (1-18:0, 2-16:1) acyltransferase, mitochondrial membrane	-1000	1000	-727.092	727.092	-647.411	647.411
r_2671	MLCL (2-18:1, 3-16:0, 4-16:1):PC (1-18:1, 2-16:1) acyltransferase, mitochondrial membrane	-1000	1000	-727.092	727.092	-647.411	647.411
r_2672	MLCL (2-18:1, 3-16:0, 4-16:1):PC (1-16:0, 2-18:1) acyltransferase, mitochondrial membrane	-1000	1000	-727.092	727.092	-647.411	647.411
r_2673	MLCL (2-18:1, 3-16:0, 4-16:1):PC (1-16:1, 2-18:1) acyltransferase, mitochondrial membrane	-1000	1000	-727.092	727.092	-647.411	647.411
r_2674	MLCL (2-18:1, 3-16:0, 4-16:1):PC (1-18:0, 2-18:1) acyltransferase, mitochondrial membrane	-1000	1000	-727.092	727.092	-647.411	647.411
r_2675	MLCL (2-18:1, 3-16:0, 4-16:1):PC (1-18:1, 2-18:1) acyltransferase, mitochondrial membrane	-1000	1000	-727.092	727.092	-647.411	647.411
r_2676	MLCL (2-18:1, 3-16:1, 4-16:1):PC (1-16:0, 2-16:1) acyltransferase, mitochondrial membrane	-1000	1000	-727.092	727.092	-647.411	647.411
r_2677	MLCL (2-18:1, 3-16:1, 4-16:1):PC (1-16:1, 2-16:1) acyltransferase, mitochondrial membrane	-1000	1000	-727.092	727.092	-647.411	647.411
r_2678	MLCL (2-18:1, 3-16:1, 4-16:1):PC (1-18:0, 2-16:1) acyltransferase, mitochondrial membrane	-1000	1000	-727.092	727.092	-647.411	647.411
r_2679	MLCL (2-18:1, 3-16:1, 4-16:1):PC (1-18:1, 2-16:1) acyltransferase, mitochondrial membrane	-1000	1000	-727.092	727.092	-647.411	647.411
r_2680	MLCL (2-18:1, 3-16:1, 4-16:1):PC (1-16:0, 2-18:1) acyltransferase, mitochondrial membrane	-1000	1000	-727.092	727.092	-647.411	647.411
r_2681	MLCL (2-18:1, 3-16:1, 4-16:1):PC (1-16:1, 2-18:1) acyltransferase, mitochondrial membrane	-1000	1000	-727.092	727.092	-647.411	647.411
r_2682	MLCL (2-18:1, 3-16:1, 4-16:1):PC (1-18:0, 2-18:1) acyltransferase, mitochondrial membrane	-1000	1000	-727.092	727.092	-647.411	647.411
r_2683	MLCL (2-18:1, 3-16:1, 4-16:1):PC (1-18:1, 2-18:1) acyltransferase, mitochondrial membrane	-1000	1000	-727.092	727.092	-647.411	647.411
r_2684	MLCL (2-18:1, 3-18:0, 4-16:1):PC (1-16:0, 2-16:1) acyltransferase, mitochondrial membrane	-1000	1000	-727.092	727.092	-647.411	647.411
r_2685	MLCL (2-18:1, 3-18:0, 4-16:1):PC (1-16:1, 2-16:1) acyltransferase, mitochondrial membrane	-1000	1000	-727.092	727.092	-647.411	647.411
r_2686	MLCL (2-18:1, 3-18:0, 4-16:1):PC (1-18:0, 2-16:1) acyltransferase, mitochondrial membrane	-1000	1000	-727.092	727.092	-647.411	647.411
r_2687	MLCL (2-18:1, 3-18:0, 4-16:1):PC (1-18:1, 2-16:1) acyltransferase, mitochondrial membrane	-1000	1000	-727.092	727.092	-647.411	647.411
r_2688	MLCL (2-18:1, 3-18:0, 4-16:1):PC (1-16:0, 2-18:1) acyltransferase, mitochondrial membrane	-1000	1000	-727.092	727.092	-647.411	647.411
r_2689	MLCL (2-18:1, 3-18:0, 4-16:1):PC (1-16:1, 2-18:1) acyltransferase, mitochondrial membrane	-1000	1000	-727.092	727.092	-647.411	647.411
r_2690	MLCL (2-18:1, 3-18:0, 4-16:1):PC (1-18:0, 2-18:1) acyltransferase, mitochondrial membrane	-1000	1000	-727.092	727.092	-647.411	647.411
r_2691	MLCL (2-18:1, 3-18:0, 4-16:1):PC (1-18:1, 2-18:1) acyltransferase, mitochondrial membrane	-1000	1000	-727.092	727.092	-647.411	647.411
r_2692	MLCL (2-18:1, 3-18:1, 4-16:1):PC (1-16:0, 2-16:1) acyltransferase, mitochondrial membrane	-1000	1000	-727.092	727.092	-647.411	647.411
r_2693	MLCL (2-18:1, 3-18:1, 4-16:1):PC (1-16:1, 2-16:1) acyltransferase, mitochondrial membrane	-1000	1000	-727.092	727.092	-647.411	647.411
r_2694	MLCL (2-18:1, 3-18:1, 4-16:1):PC (1-18:0, 2-16:1) acyltransferase, mitochondrial membrane	-1000	1000	-727.092	727.092	-647.411	647.411
r_2695	MLCL (2-18:1, 3-18:1, 4-16:1):PC (1-18:1, 2-16:1) acyltransferase, mitochondrial membrane	-1000	1000	-727.092	727.092	-647.411	647.411
r_2696	MLCL (2-18:1, 3-18:1, 4-16:1):PC (1-16:0, 2-18:1) acyltransferase, mitochondrial membrane	-1000	1000	-727.092	727.092	-647.411	647.411
r_2697	MLCL (2-18:1, 3-18:1, 4-16:1):PC (1-16:1, 2-18:1) acyltransferase, mitochondrial membrane	-1000	1000	-727.092	727.092	-647.411	647.411
r_2698	MLCL (2-18:1, 3-18:1, 4-16:1):PC (1-18:0, 2-18:1) acyltransferase, mitochondrial membrane	-1000	1000	-727.092	727.092	-647.411	647.411
r_2699	MLCL (2-18:1, 3-18:1, 4-16:1):PC (1-18:1, 2-18:1) acyltransferase, mitochondrial membrane	-1000	1000	-727.092	727.092	-647.411	647.411
r_2700	MLCL (2-18:1, 3-16:0, 4-18:1):PC (1-16:0, 2-16:1) acyltransferase, mitochondrial membrane	-1000	1000	-727.092	727.092	-647.411	647.411
r_2701	MLCL (2-18:1, 3-16:0, 4-18:1):PC (1-16:1, 2-16:1) acyltransferase, mitochondrial membrane	-1000	1000	-727.092	727.092	-647.411	647.411
r_2702	MLCL (2-18:1, 3-16:0, 4-18:1):PC (1-18:0, 2-16:1) acyltransferase, mitochondrial membrane	-1000	1000	-727.092	727.092	-647.411	647.411
r_2703	MLCL (2-18:1, 3-16:0, 4-18:1):PC (1-18:1, 2-16:1) acyltransferase, mitochondrial membrane	-1000	1000	-727.092	727.092	-647.411	647.411
r_2704	MLCL (2-18:1, 3-16:0, 4-18:1):PC (1-16:0, 2-18:1) acyltransferase, mitochondrial membrane	-1000	1000	-727.092	727.092	-647.411	647.411
r_2705	MLCL (2-18:1, 3-16:0, 4-18:1):PC (1-16:1, 2-18:1) acyltransferase, mitochondrial membrane	-1000	1000	-727.092	727.092	-647.411	647.411
r_2706	MLCL (2-18:1, 3-16:0, 4-18:1):PC (1-18:0, 2-18:1) acyltransferase, mitochondrial membrane	-1000	1000	-727.092	727.092	-647.411	647.411
r_2707	MLCL (2-18:1, 3-16:0, 4-18:1):PC (1-18:1, 2-18:1) acyltransferase, mitochondrial membrane	-1000	1000	-727.092	727.092	-647.411	647.411
r_2708	MLCL (2-18:1, 3-16:1, 4-18:1):PC (1-16:0, 2-16:1) acyltransferase, mitochondrial membrane	-1000	1000	-727.092	727.092	-647.411	647.411
r_2709	MLCL (2-18:1, 3-16:1, 4-18:1):PC (1-16:1, 2-16:1) acyltransferase, mitochondrial membrane	-1000	1000	-727.092	727.092	-647.411	647.411
r_2710	MLCL (2-18:1, 3-16:1, 4-18:1):PC (1-18:0, 2-16:1) acyltransferase, mitochondrial membrane	-1000	1000	-727.092	727.092	-647.411	647.411
r_2711	MLCL (2-18:1, 3-16:1, 4-18:1):PC (1-18:1, 2-16:1) acyltransferase, mitochondrial membrane	-1000	1000	-727.092	727.092	-647.411	647.411
r_2712	MLCL (2-18:1, 3-16:1, 4-18:1):PC (1-16:0, 2-18:1) acyltransferase, mitochondrial membrane	-1000	1000	-727.092	727.092	-647.411	647.411
r_2713	MLCL (2-18:1, 3-16:1, 4-18:1):PC (1-16:1, 2-18:1) acyltransferase, mitochondrial membrane	-1000	1000	-727.092	727.092	-647.411	647.411
r_2714	MLCL (2-18:1, 3-16:1, 4-18:1):PC (1-18:0, 2-18:1) acyltransferase, mitochondrial membrane	-1000	1000	-727.092	727.092	-647.411	647.411
r_2715	MLCL (2-18:1, 3-16:1, 4-18:1):PC (1-18:1, 2-18:1) acyltransferase, mitochondrial membrane	-1000	1000	-727.092	727.092	-647.411	647.411
r_2716	MLCL (1-16:0, 2-16:1, 4-16:1):PC (1-16:0, 2-16:1) acyltransferase, mitochondrial membrane	-1000	1000	-727.092	727.092	-647.411	647.411
r_2717	MLCL (1-16:0, 2-16:1, 4-16:1):PC (1-16:1, 2-16:1) acyltransferase, mitochondrial membrane	-1000	1000	-727.092	727.092	-647.411	647.411
r_2718	MLCL (1-16:0, 2-16:1, 4-16:1):PC (1-18:0, 2-16:1) acyltransferase, mitochondrial membrane	-1000	1000	-727.092	727.092	-647.411	647.411
r_2719	MLCL (1-16:0, 2-16:1, 4-16:1):PC (1-18:1, 2-16:1) acyltransferase, mitochondrial membrane	-1000	1000	-727.092	727.092	-647.411	647.411
r_2720	MLCL (1-16:0, 2-16:1, 4-16:1):PC (1-16:0, 2-18:1) acyltransferase, mitochondrial membrane	-1000	1000	-727.092	727.092	-647.411	647.411
r_2721	MLCL (1-16:0, 2-16:1, 4-16:1):PC (1-16:1, 2-18:1) acyltransferase, mitochondrial membrane	-1000	1000	-727.092	727.092	-647.411	647.411
r_2722	MLCL (1-16:0, 2-16:1, 4-16:1):PC (1-18:0, 2-18:1) acyltransferase, mitochondrial membrane	-1000	1000	-727.092	727.092	-647.411	647.411
r_2723	MLCL (1-16:0, 2-16:1, 4-16:1):PC (1-18:1, 2-18:1) acyltransferase, mitochondrial membrane	-1000	1000	-727.092	727.092	-647.411	647.411
r_2724	MLCL (1-16:0, 2-16:1, 4-18:1):PC (1-16:0, 2-16:1) acyltransferase, mitochondrial membrane	-1000	1000	-727.092	727.092	-647.411	647.411
r_2725	MLCL (1-16:0, 2-16:1, 4-18:1):PC (1-16:1, 2-16:1) acyltransferase, mitochondrial membrane	-1000	1000	-727.092	727.092	-647.411	647.411
r_2726	MLCL (1-16:0, 2-16:1, 4-18:1):PC (1-18:0, 2-16:1) acyltransferase, mitochondrial membrane	-1000	1000	-727.092	727.092	-647.411	647.411
r_2727	MLCL (1-16:0, 2-16:1, 4-18:1):PC (1-18:1, 2-16:1) acyltransferase, mitochondrial membrane	-1000	1000	-727.092	727.092	-647.411	647.411
r_2728	MLCL (1-16:0, 2-16:1, 4-18:1):PC (1-16:0, 2-18:1) acyltransferase, mitochondrial membrane	-1000	1000	-727.092	727.092	-647.411	647.411
r_2729	MLCL (1-16:0, 2-16:1, 4-18:1):PC (1-16:1, 2-18:1) acyltransferase, mitochondrial membrane	-1000	1000	-727.092	727.092	-647.411	647.411
r_2730	MLCL (1-16:0, 2-16:1, 4-18:1):PC (1-18:0, 2-18:1) acyltransferase, mitochondrial membrane	-1000	1000	-727.092	727.092	-647.411	647.411
r_2731	MLCL (1-16:0, 2-16:1, 4-18:1):PC (1-18:1, 2-18:1) acyltransferase, mitochondrial membrane	-1000	1000	-727.092	727.092	-647.411	647.411
r_2732	MLCL (1-16:1, 2-16:1, 4-16:1):PC (1-16:0, 2-16:1) acyltransferase, mitochondrial membrane	-1000	1000	-727.092	727.092	-647.411	647.411
r_2733	MLCL (1-16:1, 2-16:1, 4-16:1):PC (1-16:1, 2-16:1) acyltransferase, mitochondrial membrane	-1000	1000	-727.092	727.092	-647.411	647.411
r_2734	MLCL (1-16:1, 2-16:1, 4-16:1):PC (1-18:0, 2-16:1) acyltransferase, mitochondrial membrane	-1000	1000	-727.092	727.092	-647.411	647.411
r_2735	MLCL (1-16:1, 2-16:1, 4-16:1):PC (1-18:1, 2-16:1) acyltransferase, mitochondrial membrane	-1000	1000	-727.092	727.092	-647.411	647.411
r_2736	MLCL (1-16:1, 2-16:1, 4-16:1):PC (1-16:0, 2-18:1) acyltransferase, mitochondrial membrane	-1000	1000	-727.092	727.092	-647.411	647.411
r_2737	MLCL (1-16:1, 2-16:1, 4-16:1):PC (1-16:1, 2-18:1) acyltransferase, mitochondrial membrane	-1000	1000	-727.092	727.092	-647.411	647.411
r_2738	MLCL (1-16:1, 2-16:1, 4-16:1):PC (1-18:0, 2-18:1) acyltransferase, mitochondrial membrane	-1000	1000	-727.092	727.092	-647.411	647.411
r_2739	MLCL (1-16:1, 2-16:1, 4-16:1):PC (1-18:1, 2-18:1) acyltransferase, mitochondrial membrane	-1000	1000	-727.092	727.092	-647.411	647.411
r_2740	MLCL (1-16:1, 2-16:1, 4-18:1):PC (1-16:0, 2-16:1) acyltransferase, mitochondrial membrane	-1000	1000	-727.092	727.092	-647.411	647.411
r_2741	MLCL (1-16:1, 2-16:1, 4-18:1):PC (1-16:1, 2-16:1) acyltransferase, mitochondrial membrane	-1000	1000	-727.092	727.092	-647.411	647.411
r_2742	MLCL (1-16:1, 2-16:1, 4-18:1):PC (1-18:0, 2-16:1) acyltransferase, mitochondrial membrane	-1000	1000	-727.092	727.092	-647.411	647.411
r_2743	MLCL (1-16:1, 2-16:1, 4-18:1):PC (1-18:1, 2-16:1) acyltransferase, mitochondrial membrane	-1000	1000	-727.092	727.092	-647.411	647.411
r_2744	MLCL (1-16:1, 2-16:1, 4-18:1):PC (1-16:0, 2-18:1) acyltransferase, mitochondrial membrane	-1000	1000	-727.092	727.092	-647.411	647.411
r_2745	MLCL (1-16:1, 2-16:1, 4-18:1):PC (1-16:1, 2-18:1) acyltransferase, mitochondrial membrane	-1000	1000	-727.092	727.092	-647.411	647.411
r_2746	MLCL (1-16:1, 2-16:1, 4-18:1):PC (1-18:0, 2-18:1) acyltransferase, mitochondrial membrane	-1000	1000	-727.092	727.092	-647.411	647.411
r_2747	MLCL (1-16:1, 2-16:1, 4-18:1):PC (1-18:1, 2-18:1) acyltransferase, mitochondrial membrane	-1000	1000	-727.092	727.092	-647.411	647.411
r_2748	MLCL (1-18:0, 2-16:1, 4-16:1):PC (1-16:0, 2-16:1) acyltransferase, mitochondrial membrane	-1000	1000	-727.092	727.092	-647.411	647.411
r_2749	MLCL (1-18:0, 2-16:1, 4-16:1):PC (1-16:1, 2-16:1) acyltransferase, mitochondrial membrane	-1000	1000	-727.092	727.092	-647.411	647.411
r_2750	MLCL (1-18:0, 2-16:1, 4-16:1):PC (1-18:0, 2-16:1) acyltransferase, mitochondrial membrane	-1000	1000	-727.092	727.092	-647.411	647.411
r_2751	MLCL (1-18:0, 2-16:1, 4-16:1):PC (1-18:1, 2-16:1) acyltransferase, mitochondrial membrane	-1000	1000	-727.092	727.092	-647.411	647.411
r_2752	MLCL (1-18:0, 2-16:1, 4-16:1):PC (1-16:0, 2-18:1) acyltransferase, mitochondrial membrane	-1000	1000	-727.092	727.092	-647.411	647.411
r_2753	MLCL (1-18:0, 2-16:1, 4-16:1):PC (1-16:1, 2-18:1) acyltransferase, mitochondrial membrane	-1000	1000	-727.092	727.092	-647.411	647.411
r_2754	MLCL (1-18:0, 2-16:1, 4-16:1):PC (1-18:0, 2-18:1) acyltransferase, mitochondrial membrane	-1000	1000	-727.092	727.092	-647.411	647.411
r_2755	MLCL (1-18:0, 2-16:1, 4-16:1):PC (1-18:1, 2-18:1) acyltransferase, mitochondrial membrane	-1000	1000	-727.092	727.092	-647.411	647.411
r_2756	MLCL (1-18:0, 2-16:1, 4-18:1):PC (1-16:0, 2-16:1) acyltransferase, mitochondrial membrane	-1000	1000	-727.092	727.092	-647.411	647.411
r_2757	MLCL (1-18:0, 2-16:1, 4-18:1):PC (1-16:1, 2-16:1) acyltransferase, mitochondrial membrane	-1000	1000	-727.092	727.092	-647.411	647.411
r_2758	MLCL (1-18:0, 2-16:1, 4-18:1):PC (1-18:0, 2-16:1) acyltransferase, mitochondrial membrane	-1000	1000	-727.092	727.092	-647.411	647.411
r_2759	MLCL (1-18:0, 2-16:1, 4-18:1):PC (1-18:1, 2-16:1) acyltransferase, mitochondrial membrane	-1000	1000	-727.092	727.092	-647.411	647.411
r_2760	MLCL (1-18:0, 2-16:1, 4-18:1):PC (1-16:0, 2-18:1) acyltransferase, mitochondrial membrane	-1000	1000	-727.092	727.092	-647.411	647.411
r_2761	MLCL (1-18:0, 2-16:1, 4-18:1):PC (1-16:1, 2-18:1) acyltransferase, mitochondrial membrane	-1000	1000	-727.092	727.092	-647.411	647.411
r_2762	MLCL (1-18:0, 2-16:1, 4-18:1):PC (1-18:0, 2-18:1) acyltransferase, mitochondrial membrane	-1000	1000	-727.092	727.092	-647.411	647.411
r_2763	MLCL (1-18:0, 2-16:1, 4-18:1):PC (1-18:1, 2-18:1) acyltransferase, mitochondrial membrane	-1000	1000	-727.092	727.092	-647.411	647.411
r_2764	MLCL (1-18:1, 2-16:1, 4-16:1):PC (1-16:0, 2-16:1) acyltransferase, mitochondrial membrane	-1000	1000	-727.092	727.092	-647.411	647.411
r_2765	MLCL (1-18:1, 2-16:1, 4-16:1):PC (1-16:1, 2-16:1) acyltransferase, mitochondrial membrane	-1000	1000	-727.092	727.092	-647.411	647.411
r_2766	MLCL (1-18:1, 2-16:1, 4-16:1):PC (1-18:0, 2-16:1) acyltransferase, mitochondrial membrane	-1000	1000	-727.092	727.092	-647.411	647.411
r_2767	MLCL (1-18:1, 2-16:1, 4-16:1):PC (1-18:1, 2-16:1) acyltransferase, mitochondrial membrane	-1000	1000	-727.092	727.092	-647.411	647.411
r_2768	MLCL (1-18:1, 2-16:1, 4-16:1):PC (1-16:0, 2-18:1) acyltransferase, mitochondrial membrane	-1000	1000	-727.092	727.092	-647.411	647.411
r_2769	MLCL (1-18:1, 2-16:1, 4-16:1):PC (1-16:1, 2-18:1) acyltransferase, mitochondrial membrane	-1000	1000	-727.092	727.092	-647.411	647.411
r_2770	MLCL (1-18:1, 2-16:1, 4-16:1):PC (1-18:0, 2-18:1) acyltransferase, mitochondrial membrane	-1000	1000	-727.092	727.092	-647.411	647.411
r_2771	MLCL (1-18:1, 2-16:1, 4-16:1):PC (1-18:1, 2-18:1) acyltransferase, mitochondrial membrane	-1000	1000	-727.092	727.092	-647.411	647.411
r_2772	MLCL (1-18:1, 2-16:1, 4-18:1):PC (1-16:0, 2-16:1) acyltransferase, mitochondrial membrane	-1000	1000	-727.092	727.092	-647.411	647.411
r_2773	MLCL (1-18:1, 2-16:1, 4-18:1):PC (1-16:1, 2-16:1) acyltransferase, mitochondrial membrane	-1000	1000	-727.092	727.092	-647.411	647.411
r_2774	MLCL (1-18:1, 2-16:1, 4-18:1):PC (1-18:0, 2-16:1) acyltransferase, mitochondrial membrane	-1000	1000	-727.092	727.092	-647.411	647.411
r_2775	MLCL (1-18:1, 2-16:1, 4-18:1):PC (1-18:1, 2-16:1) acyltransferase, mitochondrial membrane	-1000	1000	-727.092	727.092	-647.411	647.411
r_2776	MLCL (1-18:1, 2-16:1, 4-18:1):PC (1-16:0, 2-18:1) acyltransferase, mitochondrial membrane	-1000	1000	-727.092	727.092	-647.411	647.411
r_2777	MLCL (1-18:1, 2-16:1, 4-18:1):PC (1-16:1, 2-18:1) acyltransferase, mitochondrial membrane	-1000	1000	-727.092	727.092	-647.411	647.411
r_2778	MLCL (1-18:1, 2-16:1, 4-18:1):PC (1-18:0, 2-18:1) acyltransferase, mitochondrial membrane	-1000	1000	-727.092	727.092	-647.411	647.411
r_2779	MLCL (1-18:1, 2-16:1, 4-18:1):PC (1-18:1, 2-18:1) acyltransferase, mitochondrial membrane	-1000	1000	-727.092	727.092	-647.411	647.411
r_2780	MLCL (1-16:0, 2-18:1, 4-16:1):PC (1-16:0, 2-16:1) acyltransferase, mitochondrial membrane	-1000	1000	-727.092	727.092	-647.411	647.411
r_2781	MLCL (1-16:0, 2-18:1, 4-16:1):PC (1-16:1, 2-16:1) acyltransferase, mitochondrial membrane	-1000	1000	-727.092	727.092	-647.411	647.411
r_2782	MLCL (1-16:0, 2-18:1, 4-16:1):PC (1-18:0, 2-16:1) acyltransferase, mitochondrial membrane	-1000	1000	-727.092	727.092	-647.411	647.411
r_2783	MLCL (1-16:0, 2-18:1, 4-16:1):PC (1-18:1, 2-16:1) acyltransferase, mitochondrial membrane	-1000	1000	-727.092	727.092	-647.411	647.411
r_2784	MLCL (1-16:0, 2-18:1, 4-16:1):PC (1-16:0, 2-18:1) acyltransferase, mitochondrial membrane	-1000	1000	-727.092	727.092	-647.411	647.411
r_2785	MLCL (1-16:0, 2-18:1, 4-16:1):PC (1-16:1, 2-18:1) acyltransferase, mitochondrial membrane	-1000	1000	-727.092	727.092	-647.411	647.411
r_2786	MLCL (1-16:0, 2-18:1, 4-16:1):PC (1-18:0, 2-18:1) acyltransferase, mitochondrial membrane	-1000	1000	-727.092	727.092	-647.411	647.411
r_2787	MLCL (1-16:0, 2-18:1, 4-16:1):PC (1-18:1, 2-18:1) acyltransferase, mitochondrial membrane	-1000	1000	-727.092	727.092	-647.411	647.411
r_2788	MLCL (1-16:0, 2-18:1, 4-18:1):PC (1-16:0, 2-16:1) acyltransferase, mitochondrial membrane	-1000	1000	-727.092	727.092	-647.411	647.411
r_2789	MLCL (1-16:0, 2-18:1, 4-18:1):PC (1-16:1, 2-16:1) acyltransferase, mitochondrial membrane	-1000	1000	-727.092	727.092	-647.411	647.411
r_2790	MLCL (1-16:0, 2-18:1, 4-18:1):PC (1-18:0, 2-16:1) acyltransferase, mitochondrial membrane	-1000	1000	-727.092	727.092	-647.411	647.411
r_2791	MLCL (1-16:0, 2-18:1, 4-18:1):PC (1-18:1, 2-16:1) acyltransferase, mitochondrial membrane	-1000	1000	-727.092	727.092	-647.411	647.411
r_2792	MLCL (1-16:0, 2-18:1, 4-18:1):PC (1-16:0, 2-18:1) acyltransferase, mitochondrial membrane	-1000	1000	-727.092	727.092	-647.411	647.411
r_2793	MLCL (1-16:0, 2-18:1, 4-18:1):PC (1-16:1, 2-18:1) acyltransferase, mitochondrial membrane	-1000	1000	-727.092	727.092	-647.411	647.411
r_2794	MLCL (1-16:0, 2-18:1, 4-18:1):PC (1-18:0, 2-18:1) acyltransferase, mitochondrial membrane	-1000	1000	-727.092	727.092	-647.411	647.411
r_2795	MLCL (1-16:0, 2-18:1, 4-18:1):PC (1-18:1, 2-18:1) acyltransferase, mitochondrial membrane	-1000	1000	-727.092	727.092	-647.411	647.411
r_2796	MLCL (1-16:1, 2-18:1, 4-16:1):PC (1-16:0, 2-16:1) acyltransferase, mitochondrial membrane	-1000	1000	-727.092	727.092	-647.411	647.411
r_2797	MLCL (1-16:1, 2-18:1, 4-16:1):PC (1-16:1, 2-16:1) acyltransferase, mitochondrial membrane	-1000	1000	-727.092	727.092	-647.411	647.411
r_2798	MLCL (1-16:1, 2-18:1, 4-16:1):PC (1-18:0, 2-16:1) acyltransferase, mitochondrial membrane	-1000	1000	-727.092	727.092	-647.411	647.411
r_2799	MLCL (1-16:1, 2-18:1, 4-16:1):PC (1-18:1, 2-16:1) acyltransferase, mitochondrial membrane	-1000	1000	-727.092	727.092	-647.411	647.411
r_2800	MLCL (1-16:1, 2-18:1, 4-16:1):PC (1-16:0, 2-18:1) acyltransferase, mitochondrial membrane	-1000	1000	-727.092	727.092	-647.411	647.411
r_2801	MLCL (1-16:1, 2-18:1, 4-16:1):PC (1-16:1, 2-18:1) acyltransferase, mitochondrial membrane	-1000	1000	-727.092	727.092	-647.411	647.411
r_2802	MLCL (1-16:1, 2-18:1, 4-16:1):PC (1-18:0, 2-18:1) acyltransferase, mitochondrial membrane	-1000	1000	-727.092	727.092	-647.411	647.411
r_2803	MLCL (1-16:1, 2-18:1, 4-16:1):PC (1-18:1, 2-18:1) acyltransferase, mitochondrial membrane	-1000	1000	-727.092	727.092	-647.411	647.411
r_2804	MLCL (1-16:1, 2-18:1, 4-18:1):PC (1-16:0, 2-16:1) acyltransferase, mitochondrial membrane	-1000	1000	-727.092	727.092	-647.411	647.411
r_2805	MLCL (1-16:1, 2-18:1, 4-18:1):PC (1-16:1, 2-16:1) acyltransferase, mitochondrial membrane	-1000	1000	-727.092	727.092	-647.411	647.411
r_2806	MLCL (1-16:1, 2-18:1, 4-18:1):PC (1-18:0, 2-16:1) acyltransferase, mitochondrial membrane	-1000	1000	-727.092	727.092	-647.411	647.411
r_2807	MLCL (1-16:1, 2-18:1, 4-18:1):PC (1-18:1, 2-16:1) acyltransferase, mitochondrial membrane	-1000	1000	-727.092	727.092	-647.411	647.411
r_2808	MLCL (1-16:1, 2-18:1, 4-18:1):PC (1-16:0, 2-18:1) acyltransferase, mitochondrial membrane	-1000	1000	-727.092	727.092	-647.411	647.411
r_2809	MLCL (1-16:1, 2-18:1, 4-18:1):PC (1-16:1, 2-18:1) acyltransferase, mitochondrial membrane	-1000	1000	-727.092	727.092	-647.411	647.411
r_2810	MLCL (1-16:1, 2-18:1, 4-18:1):PC (1-18:0, 2-18:1) acyltransferase, mitochondrial membrane	-1000	1000	-727.092	727.092	-647.411	647.411
r_2811	MLCL (1-16:1, 2-18:1, 4-18:1):PC (1-18:1, 2-18:1) acyltransferase, mitochondrial membrane	-1000	1000	-727.092	727.092	-647.411	647.411
r_2812	lysoPC acyltransferase (1-16:0, 2-16:1), mitochondrial membrane	0	0	0	0	0	0
r_2813	lysoPC acyltransferase (1-16:0, 2-18:1), mitochondrial membrane	0	0	0	0	0	0
r_2814	lysoPC acyltransferase (1-16:1, 2-16:1), mitochondrial membrane	0	0	0	0	0	0
r_2815	lysoPC acyltransferase (1-16:1, 2-18:1), mitochondrial membrane	0	0	0	0	0	0
r_2816	lysoPC acyltransferase (1-18:0, 2-16:1), mitochondrial membrane	0	0	0	0	0	0
r_2817	lysoPC acyltransferase (1-18:0, 2-18:1), mitochondrial membrane	0	0	0	0	0	0
r_2818	lysoPC acyltransferase (1-18:1, 2-16:1), mitochondrial membrane	0	0	0	0	0	0
r_2819	lysoPC acyltransferase (1-18:1, 2-18:1), mitochondrial membrane	0	0	0	0	0	0
r_2820	phosphatidylinositol 4-kinase (1-16:0, 2-16:1), cell envelope	0	8.32524	0	8.11301	0	7.4863
r_2821	phosphatidylinositol 4-kinase (1-16:1, 2-16:1), cell envelope	0	8.32524	0	8.11301	0	7.4863
r_2822	phosphatidylinositol 4-kinase (1-18:0, 2-16:1), cell envelope	0	8.32524	0	8.11301	0	7.4863
r_2823	phosphatidylinositol 4-kinase (1-18:1, 2-16:1), cell envelope	0	8.32524	0	8.11301	0	7.4863
r_2824	phosphatidylinositol 4-kinase (1-16:0, 2-18:1), cell envelope	0	8.32524	0	8.11301	0	7.4863
r_2825	phosphatidylinositol 4-kinase (1-16:1, 2-18:1), cell envelope	0	8.32524	0	8.11301	0	7.4863
r_2826	phosphatidylinositol 4-kinase (1-18:0, 2-18:1), cell envelope	0	8.32524	0	8.11301	0	7.4863
r_2827	phosphatidylinositol 4-kinase (1-18:1, 2-18:1), cell envelope	0	8.32524	0	8.11301	0	7.4863
r_2828	phosphatidylinositol 4-kinase (1-16:0, 2-16:1), vacuolar membrane	0	0	0	0	0	0
r_2829	phosphatidylinositol 4-kinase (1-16:1, 2-16:1), vacuolar membrane	0	0	0	0	0	0
r_2830	phosphatidylinositol 4-kinase (1-18:0, 2-16:1), vacuolar membrane	0	0	0	0	0	0
r_2831	phosphatidylinositol 4-kinase (1-18:1, 2-16:1), vacuolar membrane	0	0	0	0	0	0
r_2832	phosphatidylinositol 4-kinase (1-16:0, 2-18:1), vacuolar membrane	0	0	0	0	0	0
r_2833	phosphatidylinositol 4-kinase (1-16:1, 2-18:1), vacuolar membrane	0	0	0	0	0	0
r_2834	phosphatidylinositol 4-kinase (1-18:0, 2-18:1), vacuolar membrane	0	0	0	0	0	0
r_2835	phosphatidylinositol 4-kinase (1-18:1, 2-18:1), vacuolar membrane	0	0	0	0	0	0
r_2836	phosphatidylinositol 4-kinase (1-16:0, 2-16:1), Golgi membrane	0	8.32524	0	7.16075	0	0.000718124
r_2837	phosphatidylinositol 4-kinase (1-16:1, 2-16:1), Golgi membrane	0	8.32524	0	7.16075	0	0.000718124
r_2838	phosphatidylinositol 4-kinase (1-18:0, 2-16:1), Golgi membrane	0	8.32524	0	7.16075	0	0.000718124
r_2839	phosphatidylinositol 4-kinase (1-18:1, 2-16:1), Golgi membrane	0	8.32524	0	7.16075	0	0.000718124
r_2840	phosphatidylinositol 4-kinase (1-16:0, 2-18:1), Golgi membrane	0	8.32524	0	7.16075	0	0.000718124
r_2841	phosphatidylinositol 4-kinase (1-16:1, 2-18:1), Golgi membrane	0	8.32524	0	7.16075	0	0.000718124
r_2842	phosphatidylinositol 4-kinase (1-18:0, 2-18:1), Golgi membrane	0	8.32524	0	7.16075	0	0.000718124
r_2843	phosphatidylinositol 4-kinase (1-18:1, 2-18:1), Golgi membrane	0	8.32524	0	7.16075	0	0.000718124
r_2844	phosphatidylinositol 4-kinase (1-16:0, 2-16:1), nucleus	0	4.16262	0	3.63588	0	0.000718124
r_2845	phosphatidylinositol 4-kinase (1-16:1, 2-16:1), nucleus	0	4.16262	0	3.63588	0	0.000718124
r_2846	phosphatidylinositol 4-kinase (1-18:0, 2-16:1), nucleus	0	4.16262	0	3.63588	0	0.000718124
r_2847	phosphatidylinositol 4-kinase (1-18:1, 2-16:1), nucleus	0	4.16262	0	3.63588	0	0.000718124
r_2848	phosphatidylinositol 4-kinase (1-16:0, 2-18:1), nucleus	0	4.16262	0	3.63588	0	0.000718124
r_2849	phosphatidylinositol 4-kinase (1-16:1, 2-18:1), nucleus	0	4.16262	0	3.63588	0	0.000718124
r_2850	phosphatidylinositol 4-kinase (1-18:0, 2-18:1), nucleus	0	4.16262	0	3.63588	0	0.000718124
r_2851	phosphatidylinositol 4-kinase (1-18:1, 2-18:1), nucleus	0	4.16262	0	3.63588	0	0.000718124
r_2852	phosphatidylinositol 3-kinase (1-16:0, 2-16:1), vacuolar membrane	0	8.32524	0	0.000267855	0	0.000238502
r_2853	phosphatidylinositol 3-kinase (1-16:1, 2-16:1), vacuolar membrane	0	8.32524	0	0.000267855	0	0.000238502
r_2854	phosphatidylinositol 3-kinase (1-18:0, 2-16:1), vacuolar membrane	0	8.32524	0	0.000267855	0	0.000238502
r_2855	phosphatidylinositol 3-kinase (1-18:1, 2-16:1), vacuolar membrane	0	8.32524	0	0.000267855	0	0.000238502
r_2856	phosphatidylinositol 3-kinase (1-16:0, 2-18:1), vacuolar membrane	0	8.32524	0	0.000267855	0	0.000238502
r_2857	phosphatidylinositol 3-kinase (1-16:1, 2-18:1), vacuolar membrane	0	8.32524	0	0.000267855	0	0.000238502
r_2858	phosphatidylinositol 3-kinase (1-18:0, 2-18:1), vacuolar membrane	0	8.32524	0	0.000267855	0	0.000238502
r_2859	phosphatidylinositol 3-kinase (1-18:1, 2-18:1), vacuolar membrane	0	8.32524	0	0.000267855	0	0.000238502
r_2860	PI 4-P 5-kinase (1-16:0, 2-16:1), nucleus	0	4.16262	0	3.63588	0	0.000718124
r_2861	PI 4-P 5-kinase (1-16:1, 2-16:1), nucleus	0	4.16262	0	3.63588	0	0.000718124
r_2862	PI 4-P 5-kinase (1-18:0, 2-16:1), nucleus	0	4.16262	0	3.63588	0	0.000718124
r_2863	PI 4-P 5-kinase (1-18:1, 2-16:1), nucleus	0	4.16262	0	3.63588	0	0.000718124
r_2864	PI 4-P 5-kinase (1-16:0, 2-18:1), nucleus	0	4.16262	0	3.63588	0	0.000718124
r_2865	PI 4-P 5-kinase (1-16:1, 2-18:1), nucleus	0	4.16262	0	3.63588	0	0.000718124
r_2866	PI 4-P 5-kinase (1-18:0, 2-18:1), nucleus	0	4.16262	0	3.63588	0	0.000718124
r_2867	PI 4-P 5-kinase (1-18:1, 2-18:1), nucleus	0	4.16262	0	3.63588	0	0.000718124
r_2868	PI 4-P 5-kinase (1-16:0, 2-16:1), cell envelope	0	8.32524	0	6.84192	0	6.28115
r_2869	PI 4-P 5-kinase (1-16:1, 2-16:1), cell envelope	0	8.32524	0	6.84192	0	6.28115
r_2870	PI 4-P 5-kinase (1-18:0, 2-16:1), cell envelope	0	8.32524	0	6.84192	0	6.28115
r_2871	PI 4-P 5-kinase (1-18:1, 2-16:1), cell envelope	0	8.32524	0	6.84192	0	6.28115
r_2872	PI 4-P 5-kinase (1-16:0, 2-18:1), cell envelope	0	8.32524	0	6.84192	0	6.28115
r_2873	PI 4-P 5-kinase (1-16:1, 2-18:1), cell envelope	0	8.32524	0	6.84192	0	6.28115
r_2874	PI 4-P 5-kinase (1-18:0, 2-18:1), cell envelope	0	8.32524	0	6.84192	0	6.28115
r_2875	PI 4-P 5-kinase (1-18:1, 2-18:1), cell envelope	0	8.32524	0	6.84192	0	6.28115
r_2876	PI 3-P 5-kinase (1-16:0, 2-16:1), vacuolar membrane	0	8.32524	0	8.32524	0	8.10772
r_2877	PI 3-P 5-kinase (1-16:1, 2-16:1), vacuolar membrane	0	8.32524	0	8.32524	0	8.10772
r_2878	PI 3-P 5-kinase (1-18:0, 2-16:1), vacuolar membrane	0	8.32524	0	8.32524	0	8.10772
r_2879	PI 3-P 5-kinase (1-18:1, 2-16:1), vacuolar membrane	0	8.32524	0	8.32524	0	8.10772
r_2880	PI 3-P 5-kinase (1-16:0, 2-18:1), vacuolar membrane	0	8.32524	0	8.32524	0	8.10772
r_2881	PI 3-P 5-kinase (1-16:1, 2-18:1), vacuolar membrane	0	8.32524	0	8.32524	0	8.10772
r_2882	PI 3-P 5-kinase (1-18:0, 2-18:1), vacuolar membrane	0	8.32524	0	8.32524	0	8.10772
r_2883	PI 3-P 5-kinase (1-18:1, 2-18:1), vacuolar membrane	0	8.32524	0	8.32524	0	8.10772
r_2884	PE (1-16:0, 2-16:1) diacylglycerol (1-16:0, 2-16:1) acyltransferase, ER membrane	-1000	1000	-0.0233911	0.0198896	-0.0208277	0.0137221
r_2885	PE (1-16:1, 2-16:1) diacylglycerol (1-16:0, 2-16:1) acyltransferase, ER membrane	-1000	1000	-0.0233911	0.0197903	-0.0208277	0.0137022
r_2886	PE (1-18:0, 2-16:1) diacylglycerol (1-16:0, 2-16:1) acyltransferase, ER membrane	-1000	1000	-0.0233911	0.0198178	-0.0208277	0.0135628
r_2887	PE (1-18:1, 2-16:1) diacylglycerol (1-16:0, 2-16:1) acyltransferase, ER membrane	-1000	1000	-0.0233911	0.0196402	-0.0208277	0.0135473
r_2888	PE (1-16:0, 2-18:1) diacylglycerol (1-16:0, 2-16:1) acyltransferase, ER membrane	-1000	1000	-0.0232236	0.0232222	-0.0206785	0.0206773
r_2889	PE (1-16:1, 2-18:1) diacylglycerol (1-16:0, 2-16:1) acyltransferase, ER membrane	-1000	1000	-0.0232236	0.0232222	-0.0206785	0.0206773
r_2890	PE (1-18:0, 2-18:1) diacylglycerol (1-16:0, 2-16:1) acyltransferase, ER membrane	-1000	1000	-0.0232236	0.0232222	-0.0206785	0.0206773
r_2891	PE (1-18:1, 2-18:1) diacylglycerol (1-16:0, 2-16:1) acyltransferase, ER membrane	-1000	1000	-0.0232236	0.0232222	-0.0206785	0.0206773
r_2892	PE (1-16:0, 2-16:1) diacylglycerol (1-16:1, 2-16:1) acyltransferase, ER membrane	-1000	1000	-0.0233911	0.0198896	-0.0208277	0.0137221
r_2893	PE (1-16:1, 2-16:1) diacylglycerol (1-16:1, 2-16:1) acyltransferase, ER membrane	-1000	1000	-0.0233911	0.0197903	-0.0208277	0.0137022
r_2894	PE (1-18:0, 2-16:1) diacylglycerol (1-16:1, 2-16:1) acyltransferase, ER membrane	-1000	1000	-0.0233911	0.0198178	-0.0208277	0.0135628
r_2895	PE (1-18:1, 2-16:1) diacylglycerol (1-16:1, 2-16:1) acyltransferase, ER membrane	-1000	1000	-0.0233911	0.0196402	-0.0208277	0.0135473
r_2896	PE (1-16:0, 2-18:1) diacylglycerol (1-16:1, 2-16:1) acyltransferase, ER membrane	-1000	1000	-0.0232236	0.0232222	-0.0206785	0.0206773
r_2897	PE (1-16:1, 2-18:1) diacylglycerol (1-16:1, 2-16:1) acyltransferase, ER membrane	-1000	1000	-0.0232236	0.0232222	-0.0206785	0.0206773
r_2898	PE (1-18:0, 2-18:1) diacylglycerol (1-16:1, 2-16:1) acyltransferase, ER membrane	-1000	1000	-0.0232236	0.0232222	-0.0206785	0.0206773
r_2899	PE (1-18:1, 2-18:1) diacylglycerol (1-16:1, 2-16:1) acyltransferase, ER membrane	-1000	1000	-0.0232236	0.0232222	-0.0206785	0.0206773
r_2900	PE (1-16:0, 2-16:1) diacylglycerol (1-18:0, 2-16:1) acyltransferase, ER membrane	-1000	1000	-0.0233911	0.0198896	-0.0208277	0.0137221
r_2901	PE (1-16:1, 2-16:1) diacylglycerol (1-18:0, 2-16:1) acyltransferase, ER membrane	-1000	1000	-0.0233911	0.0197903	-0.0208277	0.0137022
r_2902	PE (1-18:0, 2-16:1) diacylglycerol (1-18:0, 2-16:1) acyltransferase, ER membrane	-1000	1000	-0.0233911	0.0198178	-0.0208277	0.0135628
r_2903	PE (1-18:1, 2-16:1) diacylglycerol (1-18:0, 2-16:1) acyltransferase, ER membrane	-1000	1000	-0.0233911	0.0196402	-0.0208277	0.0135473
r_2904	PE (1-16:0, 2-18:1) diacylglycerol (1-18:0, 2-16:1) acyltransferase, ER membrane	-1000	1000	-0.0232236	0.0232222	-0.0206785	0.0206773
r_2905	PE (1-16:1, 2-18:1) diacylglycerol (1-18:0, 2-16:1) acyltransferase, ER membrane	-1000	1000	-0.0232236	0.0232222	-0.0206785	0.0206773
r_2906	PE (1-18:0, 2-18:1) diacylglycerol (1-18:0, 2-16:1) acyltransferase, ER membrane	-1000	1000	-0.0232236	0.0232222	-0.0206785	0.0206773
r_2907	PE (1-18:1, 2-18:1) diacylglycerol (1-18:0, 2-16:1) acyltransferase, ER membrane	-1000	1000	-0.0232236	0.0232222	-0.0206785	0.0206773
r_2908	PE (1-16:0, 2-16:1) diacylglycerol (1-18:1, 2-16:1) acyltransferase, ER membrane	-1000	1000	-0.0233911	0.0198896	-0.0208277	0.0137221
r_2909	PE (1-16:1, 2-16:1) diacylglycerol (1-18:1, 2-16:1) acyltransferase, ER membrane	-1000	1000	-0.0233911	0.0197903	-0.0208277	0.0137022
r_2910	PE (1-18:0, 2-16:1) diacylglycerol (1-18:1, 2-16:1) acyltransferase, ER membrane	-1000	1000	-0.0233911	0.0198178	-0.0208277	0.0135628
r_2911	PE (1-18:1, 2-16:1) diacylglycerol (1-18:1, 2-16:1) acyltransferase, ER membrane	-1000	1000	-0.0233911	0.0196402	-0.0208277	0.0135473
r_2912	PE (1-16:0, 2-18:1) diacylglycerol (1-18:1, 2-16:1) acyltransferase, ER membrane	-1000	1000	-0.0232236	0.0232222	-0.0206785	0.0206773
r_2913	PE (1-16:1, 2-18:1) diacylglycerol (1-18:1, 2-16:1) acyltransferase, ER membrane	-1000	1000	-0.0232236	0.0232222	-0.0206785	0.0206773
r_2914	PE (1-18:0, 2-18:1) diacylglycerol (1-18:1, 2-16:1) acyltransferase, ER membrane	-1000	1000	-0.0232236	0.0232222	-0.0206785	0.0206773
r_2915	PE (1-18:1, 2-18:1) diacylglycerol (1-18:1, 2-16:1) acyltransferase, ER membrane	-1000	1000	-0.0232236	0.0232222	-0.0206785	0.0206773
r_2916	PE (1-16:0, 2-16:1) diacylglycerol (1-16:0, 2-18:1) acyltransferase, ER membrane	-1000	1000	-0.0233911	0.0198896	-0.0208277	0.0137221
r_2917	PE (1-16:1, 2-16:1) diacylglycerol (1-16:0, 2-18:1) acyltransferase, ER membrane	-1000	1000	-0.0233911	0.0197903	-0.0208277	0.0137022
r_2918	PE (1-18:0, 2-16:1) diacylglycerol (1-16:0, 2-18:1) acyltransferase, ER membrane	-1000	1000	-0.0233911	0.0198178	-0.0208277	0.0135628
r_2919	PE (1-18:1, 2-16:1) diacylglycerol (1-16:0, 2-18:1) acyltransferase, ER membrane	-1000	1000	-0.0233911	0.0196402	-0.0208277	0.0135473
r_2920	PE (1-16:0, 2-18:1) diacylglycerol (1-16:0, 2-18:1) acyltransferase, ER membrane	-1000	1000	-0.0232236	0.0232222	-0.0206785	0.0206773
r_2921	PE (1-16:1, 2-18:1) diacylglycerol (1-16:0, 2-18:1) acyltransferase, ER membrane	-1000	1000	-0.0232236	0.0232222	-0.0206785	0.0206773
r_2922	PE (1-18:0, 2-18:1) diacylglycerol (1-16:0, 2-18:1) acyltransferase, ER membrane	-1000	1000	-0.0232236	0.0232222	-0.0206785	0.0206773
r_2923	PE (1-18:1, 2-18:1) diacylglycerol (1-16:0, 2-18:1) acyltransferase, ER membrane	-1000	1000	-0.0232236	0.0232222	-0.0206785	0.0206773
r_2924	PE (1-16:0, 2-16:1) diacylglycerol (1-16:1, 2-18:1) acyltransferase, ER membrane	-1000	1000	-0.0233911	0.0198896	-0.0208277	0.0137221
r_2925	PE (1-16:1, 2-16:1) diacylglycerol (1-16:1, 2-18:1) acyltransferase, ER membrane	-1000	1000	-0.0233911	0.0197903	-0.0208277	0.0137022
r_2926	PE (1-18:0, 2-16:1) diacylglycerol (1-16:1, 2-18:1) acyltransferase, ER membrane	-1000	1000	-0.0233911	0.0198178	-0.0208277	0.0135628
r_2927	PE (1-18:1, 2-16:1) diacylglycerol (1-16:1, 2-18:1) acyltransferase, ER membrane	-1000	1000	-0.0233911	0.0196402	-0.0208277	0.0135473
r_2928	PE (1-16:0, 2-18:1) diacylglycerol (1-16:1, 2-18:1) acyltransferase, ER membrane	-1000	1000	-0.0232236	0.0232222	-0.0206785	0.0206773
r_2929	PE (1-16:1, 2-18:1) diacylglycerol (1-16:1, 2-18:1) acyltransferase, ER membrane	-1000	1000	-0.0232236	0.0232222	-0.0206785	0.0206773
r_2930	PE (1-18:0, 2-18:1) diacylglycerol (1-16:1, 2-18:1) acyltransferase, ER membrane	-1000	1000	-0.0232236	0.0232222	-0.0206785	0.0206773
r_2931	PE (1-18:1, 2-18:1) diacylglycerol (1-16:1, 2-18:1) acyltransferase, ER membrane	-1000	1000	-0.0232236	0.0232222	-0.0206785	0.0206773
r_2932	PE (1-16:0, 2-16:1) diacylglycerol (1-18:0, 2-18:1) acyltransferase, ER membrane	-1000	1000	-0.0233911	0.0198896	-0.0208277	0.0137221
r_2933	PE (1-16:1, 2-16:1) diacylglycerol (1-18:0, 2-18:1) acyltransferase, ER membrane	-1000	1000	-0.0233911	0.0197903	-0.0208277	0.0137022
r_2934	PE (1-18:0, 2-16:1) diacylglycerol (1-18:0, 2-18:1) acyltransferase, ER membrane	-1000	1000	-0.0233911	0.0198178	-0.0208277	0.0135628
r_2935	PE (1-18:1, 2-16:1) diacylglycerol (1-18:0, 2-18:1) acyltransferase, ER membrane	-1000	1000	-0.0233911	0.0196402	-0.0208277	0.0135473
r_2936	PE (1-16:0, 2-18:1) diacylglycerol (1-18:0, 2-18:1) acyltransferase, ER membrane	-1000	1000	-0.0232236	0.0232222	-0.0206785	0.0206773
r_2937	PE (1-16:1, 2-18:1) diacylglycerol (1-18:0, 2-18:1) acyltransferase, ER membrane	-1000	1000	-0.0232236	0.0232222	-0.0206785	0.0206773
r_2938	PE (1-18:0, 2-18:1) diacylglycerol (1-18:0, 2-18:1) acyltransferase, ER membrane	-1000	1000	-0.0232236	0.0232222	-0.0206785	0.0206773
r_2939	PE (1-18:1, 2-18:1) diacylglycerol (1-18:0, 2-18:1) acyltransferase, ER membrane	-1000	1000	-0.0232236	0.0232222	-0.0206785	0.0206773
r_2940	PE (1-16:0, 2-16:1) diacylglycerol (1-18:1, 2-18:1) acyltransferase, ER membrane	-1000	1000	-0.0233911	0.0198896	-0.0208277	0.0137221
r_2941	PE (1-16:1, 2-16:1) diacylglycerol (1-18:1, 2-18:1) acyltransferase, ER membrane	-1000	1000	-0.0233911	0.0197903	-0.0208277	0.0137022
r_2942	PE (1-18:0, 2-16:1) diacylglycerol (1-18:1, 2-18:1) acyltransferase, ER membrane	-1000	1000	-0.0233911	0.0198178	-0.0208277	0.0135628
r_2943	PE (1-18:1, 2-16:1) diacylglycerol (1-18:1, 2-18:1) acyltransferase, ER membrane	-1000	1000	-0.0233911	0.0196402	-0.0208277	0.0135473
r_2944	PE (1-16:0, 2-18:1) diacylglycerol (1-18:1, 2-18:1) acyltransferase, ER membrane	-1000	1000	-0.0232236	0.0232222	-0.0206785	0.0206773
r_2945	PE (1-16:1, 2-18:1) diacylglycerol (1-18:1, 2-18:1) acyltransferase, ER membrane	-1000	1000	-0.0232236	0.0232222	-0.0206785	0.0206773
r_2946	PE (1-18:0, 2-18:1) diacylglycerol (1-18:1, 2-18:1) acyltransferase, ER membrane	-1000	1000	-0.0232236	0.0232222	-0.0206785	0.0206773
r_2947	PE (1-18:1, 2-18:1) diacylglycerol (1-18:1, 2-18:1) acyltransferase, ER membrane	-1000	1000	-0.0232236	0.0232222	-0.0206785	0.0206773
r_2948	PC (1-16:0, 2-16:1) diacylglycerol (1-16:0, 2-16:1) acyltransferase, ER membrane	-1000	1000	-0.0234029	0.0210623	-0.0208382	0.0162883
r_2949	PC (1-16:1, 2-16:1) diacylglycerol (1-16:0, 2-16:1) acyltransferase, ER membrane	-1000	1000	-0.0234029	0.0209506	-0.0208382	0.0162483
r_2950	PC (1-18:0, 2-16:1) diacylglycerol (1-16:0, 2-16:1) acyltransferase, ER membrane	-1000	1000	-0.0234029	0.0209846	-0.0208382	0.0132468
r_2951	PC (1-18:1, 2-16:1) diacylglycerol (1-16:0, 2-16:1) acyltransferase, ER membrane	-1000	1000	-0.0234029	0.0207849	-0.0208382	0.0129997
r_2952	PC (1-16:0, 2-18:1) diacylglycerol (1-16:0, 2-16:1) acyltransferase, ER membrane	-1000	1000	-0.0232351	0.0212207	-0.0206888	0.0158696
r_2953	PC (1-16:1, 2-18:1) diacylglycerol (1-16:0, 2-16:1) acyltransferase, ER membrane	-1000	1000	-0.0232351	0.0211073	-0.0206888	0.0158447
r_2954	PC (1-18:0, 2-18:1) diacylglycerol (1-16:0, 2-16:1) acyltransferase, ER membrane	-1000	1000	-0.0232351	0.0211418	-0.0206888	0.0132462
r_2955	PC (1-18:1, 2-18:1) diacylglycerol (1-16:0, 2-16:1) acyltransferase, ER membrane	-1000	1000	-0.0232351	0.0209391	-0.0206888	0.012996
r_2956	PC (1-16:0, 2-16:1) diacylglycerol (1-16:1, 2-16:1) acyltransferase, ER membrane	-1000	1000	-0.0234029	0.0210623	-0.0208382	0.0162883
r_2957	PC (1-16:1, 2-16:1) diacylglycerol (1-16:1, 2-16:1) acyltransferase, ER membrane	-1000	1000	-0.0234029	0.0209506	-0.0208382	0.0162483
r_2958	PC (1-18:0, 2-16:1) diacylglycerol (1-16:1, 2-16:1) acyltransferase, ER membrane	-1000	1000	-0.0234029	0.0209846	-0.0208382	0.0132468
r_2959	PC (1-18:1, 2-16:1) diacylglycerol (1-16:1, 2-16:1) acyltransferase, ER membrane	-1000	1000	-0.0234029	0.0207849	-0.0208382	0.0129997
r_2960	PC (1-16:0, 2-18:1) diacylglycerol (1-16:1, 2-16:1) acyltransferase, ER membrane	-1000	1000	-0.0232351	0.0212207	-0.0206888	0.0158696
r_2961	PC (1-16:1, 2-18:1) diacylglycerol (1-16:1, 2-16:1) acyltransferase, ER membrane	-1000	1000	-0.0232351	0.0211073	-0.0206888	0.0158447
r_2962	PC (1-18:0, 2-18:1) diacylglycerol (1-16:1, 2-16:1) acyltransferase, ER membrane	-1000	1000	-0.0232351	0.0211418	-0.0206888	0.0132462
r_2963	PC (1-18:1, 2-18:1) diacylglycerol (1-16:1, 2-16:1) acyltransferase, ER membrane	-1000	1000	-0.0232351	0.0209391	-0.0206888	0.012996
r_2964	PC (1-16:0, 2-16:1) diacylglycerol (1-18:0, 2-16:1) acyltransferase, ER membrane	-1000	1000	-0.0234029	0.0210623	-0.0208382	0.0162883
r_2965	PC (1-16:1, 2-16:1) diacylglycerol (1-18:0, 2-16:1) acyltransferase, ER membrane	-1000	1000	-0.0234029	0.0209506	-0.0208382	0.0162483
r_2966	PC (1-18:0, 2-16:1) diacylglycerol (1-18:0, 2-16:1) acyltransferase, ER membrane	-1000	1000	-0.0234029	0.0209846	-0.0208382	0.0132468
r_2967	PC (1-18:1, 2-16:1) diacylglycerol (1-18:0, 2-16:1) acyltransferase, ER membrane	-1000	1000	-0.0234029	0.0207849	-0.0208382	0.0129997
r_2968	PC (1-16:0, 2-18:1) diacylglycerol (1-18:0, 2-16:1) acyltransferase, ER membrane	-1000	1000	-0.0232351	0.0212207	-0.0206888	0.0158696
r_2969	PC (1-16:1, 2-18:1) diacylglycerol (1-18:0, 2-16:1) acyltransferase, ER membrane	-1000	1000	-0.0232351	0.0211073	-0.0206888	0.0158447
r_2970	PC (1-18:0, 2-18:1) diacylglycerol (1-18:0, 2-16:1) acyltransferase, ER membrane	-1000	1000	-0.0232351	0.0211418	-0.0206888	0.0132462
r_2971	PC (1-18:1, 2-18:1) diacylglycerol (1-18:0, 2-16:1) acyltransferase, ER membrane	-1000	1000	-0.0232351	0.0209391	-0.0206888	0.012996
r_2972	PC (1-16:0, 2-16:1) diacylglycerol (1-18:1, 2-16:1) acyltransferase, ER membrane	-1000	1000	-0.0234029	0.0210623	-0.0208382	0.0162883
r_2973	PC (1-16:1, 2-16:1) diacylglycerol (1-18:1, 2-16:1) acyltransferase, ER membrane	-1000	1000	-0.0234029	0.0209506	-0.0208382	0.0162483
r_2974	PC (1-18:0, 2-16:1) diacylglycerol (1-18:1, 2-16:1) acyltransferase, ER membrane	-1000	1000	-0.0234029	0.0209846	-0.0208382	0.0132468
r_2975	PC (1-18:1, 2-16:1) diacylglycerol (1-18:1, 2-16:1) acyltransferase, ER membrane	-1000	1000	-0.0234029	0.0207849	-0.0208382	0.0129997
r_2976	PC (1-16:0, 2-18:1) diacylglycerol (1-18:1, 2-16:1) acyltransferase, ER membrane	-1000	1000	-0.0232351	0.0212207	-0.0206888	0.0158696
r_2977	PC (1-16:1, 2-18:1) diacylglycerol (1-18:1, 2-16:1) acyltransferase, ER membrane	-1000	1000	-0.0232351	0.0211073	-0.0206888	0.0158447
r_2978	PC (1-18:0, 2-18:1) diacylglycerol (1-18:1, 2-16:1) acyltransferase, ER membrane	-1000	1000	-0.0232351	0.0211418	-0.0206888	0.0132462
r_2979	PC (1-18:1, 2-18:1) diacylglycerol (1-18:1, 2-16:1) acyltransferase, ER membrane	-1000	1000	-0.0232351	0.0209391	-0.0206888	0.012996
r_2980	PC (1-16:0, 2-16:1) diacylglycerol (1-16:0, 2-18:1) acyltransferase, ER membrane	-1000	1000	-0.0234029	0.0210623	-0.0208382	0.0162883
r_2981	PC (1-16:1, 2-16:1) diacylglycerol (1-16:0, 2-18:1) acyltransferase, ER membrane	-1000	1000	-0.0234029	0.0209506	-0.0208382	0.0162483
r_2982	PC (1-18:0, 2-16:1) diacylglycerol (1-16:0, 2-18:1) acyltransferase, ER membrane	-1000	1000	-0.0234029	0.0209846	-0.0208382	0.0132468
r_2983	PC (1-18:1, 2-16:1) diacylglycerol (1-16:0, 2-18:1) acyltransferase, ER membrane	-1000	1000	-0.0234029	0.0207849	-0.0208382	0.0129997
r_2984	PC (1-16:0, 2-18:1) diacylglycerol (1-16:0, 2-18:1) acyltransferase, ER membrane	-1000	1000	-0.0232351	0.0212207	-0.0206888	0.0158696
r_2985	PC (1-16:1, 2-18:1) diacylglycerol (1-16:0, 2-18:1) acyltransferase, ER membrane	-1000	1000	-0.0232351	0.0211073	-0.0206888	0.0158447
r_2986	PC (1-18:0, 2-18:1) diacylglycerol (1-16:0, 2-18:1) acyltransferase, ER membrane	-1000	1000	-0.0232351	0.0211418	-0.0206888	0.0132462
r_2987	PC (1-18:1, 2-18:1) diacylglycerol (1-16:0, 2-18:1) acyltransferase, ER membrane	-1000	1000	-0.0232351	0.0209391	-0.0206888	0.012996
r_2988	PC (1-16:0, 2-16:1) diacylglycerol (1-16:1, 2-18:1) acyltransferase, ER membrane	-1000	1000	-0.0234029	0.0210623	-0.0208382	0.0162883
r_2989	PC (1-16:1, 2-16:1) diacylglycerol (1-16:1, 2-18:1) acyltransferase, ER membrane	-1000	1000	-0.0234029	0.0209506	-0.0208382	0.0162483
r_2990	PC (1-18:0, 2-16:1) diacylglycerol (1-16:1, 2-18:1) acyltransferase, ER membrane	-1000	1000	-0.0234029	0.0209846	-0.0208382	0.0132468
r_2991	PC (1-18:1, 2-16:1) diacylglycerol (1-16:1, 2-18:1) acyltransferase, ER membrane	-1000	1000	-0.0234029	0.0207849	-0.0208382	0.0129997
r_2992	PC (1-16:0, 2-18:1) diacylglycerol (1-16:1, 2-18:1) acyltransferase, ER membrane	-1000	1000	-0.0232351	0.0212207	-0.0206888	0.0158696
r_2993	PC (1-16:1, 2-18:1) diacylglycerol (1-16:1, 2-18:1) acyltransferase, ER membrane	-1000	1000	-0.0232351	0.0211073	-0.0206888	0.0158447
r_2994	PC (1-18:0, 2-18:1) diacylglycerol (1-16:1, 2-18:1) acyltransferase, ER membrane	-1000	1000	-0.0232351	0.0211418	-0.0206888	0.0132462
r_2995	PC (1-18:1, 2-18:1) diacylglycerol (1-16:1, 2-18:1) acyltransferase, ER membrane	-1000	1000	-0.0232351	0.0209391	-0.0206888	0.012996
r_2996	PC (1-16:0, 2-16:1) diacylglycerol (1-18:0, 2-18:1) acyltransferase, ER membrane	-1000	1000	-0.0234029	0.0210623	-0.0208382	0.0162883
r_2997	PC (1-16:1, 2-16:1) diacylglycerol (1-18:0, 2-18:1) acyltransferase, ER membrane	-1000	1000	-0.0234029	0.0209506	-0.0208382	0.0162483
r_2998	PC (1-18:0, 2-16:1) diacylglycerol (1-18:0, 2-18:1) acyltransferase, ER membrane	-1000	1000	-0.0234029	0.0209846	-0.0208382	0.0132468
r_2999	PC (1-18:1, 2-16:1) diacylglycerol (1-18:0, 2-18:1) acyltransferase, ER membrane	-1000	1000	-0.0234029	0.0207849	-0.0208382	0.0129997
r_3000	PC (1-16:0, 2-18:1) diacylglycerol (1-18:0, 2-18:1) acyltransferase, ER membrane	-1000	1000	-0.0232351	0.0212207	-0.0206888	0.0158696
r_3001	PC (1-16:1, 2-18:1) diacylglycerol (1-18:0, 2-18:1) acyltransferase, ER membrane	-1000	1000	-0.0232351	0.0211073	-0.0206888	0.0158447
r_3002	PC (1-18:0, 2-18:1) diacylglycerol (1-18:0, 2-18:1) acyltransferase, ER membrane	-1000	1000	-0.0232351	0.0211418	-0.0206888	0.0132462
r_3003	PC (1-18:1, 2-18:1) diacylglycerol (1-18:0, 2-18:1) acyltransferase, ER membrane	-1000	1000	-0.0232351	0.0209391	-0.0206888	0.012996
r_3004	PC (1-16:0, 2-16:1) diacylglycerol (1-18:1, 2-18:1) acyltransferase, ER membrane	-1000	1000	-0.0234029	0.0210623	-0.0208382	0.0162883
r_3005	PC (1-16:1, 2-16:1) diacylglycerol (1-18:1, 2-18:1) acyltransferase, ER membrane	-1000	1000	-0.0234029	0.0209506	-0.0208382	0.0162483
r_3006	PC (1-18:0, 2-16:1) diacylglycerol (1-18:1, 2-18:1) acyltransferase, ER membrane	-1000	1000	-0.0234029	0.0209846	-0.0208382	0.0132468
r_3007	PC (1-18:1, 2-16:1) diacylglycerol (1-18:1, 2-18:1) acyltransferase, ER membrane	-1000	1000	-0.0234029	0.0207849	-0.0208382	0.0129997
r_3008	PC (1-16:0, 2-18:1) diacylglycerol (1-18:1, 2-18:1) acyltransferase, ER membrane	-1000	1000	-0.0232351	0.0212207	-0.0206888	0.0158696
r_3009	PC (1-16:1, 2-18:1) diacylglycerol (1-18:1, 2-18:1) acyltransferase, ER membrane	-1000	1000	-0.0232351	0.0211073	-0.0206888	0.0158447
r_3010	PC (1-18:0, 2-18:1) diacylglycerol (1-18:1, 2-18:1) acyltransferase, ER membrane	-1000	1000	-0.0232351	0.0211418	-0.0206888	0.0132462
r_3011	PC (1-18:1, 2-18:1) diacylglycerol (1-18:1, 2-18:1) acyltransferase, ER membrane	-1000	1000	-0.0232351	0.0209391	-0.0206888	0.012996
r_3022	PC phospholipase B (1-16:0, 2-16:1), ER membrane	0	4.91415	0	0.120836	0	0.0251491
r_3023	PC phospholipase B (1-16:1, 2-16:1), ER membrane	0	4.91415	0	0.117858	0	0.0251323
r_3024	PC phospholipase B (1-18:0, 2-16:1), ER membrane	0	4.91415	0	0.116152	0	0.024864
r_3025	PC phospholipase B (1-18:1, 2-16:1), ER membrane	0	4.91415	0	0.112996	0	0.024837
r_3026	PC phospholipase B (1-16:0, 2-18:1), ER membrane	0	4.91415	0	0.121936	0	0.0235931
r_3027	PC phospholipase B (1-16:1, 2-18:1), ER membrane	0	4.91415	0	0.118793	0	0.0235828
r_3028	PC phospholipase B (1-18:0, 2-18:1), ER membrane	0	4.91415	0	0.116577	0	0.0233866
r_3029	PC phospholipase B (1-18:1, 2-18:1), ER membrane	0	4.91415	0	0.112172	0	0.023368
r_3030	LPC phospholipase B (16:0), ER membrane	0	1.38754	0	0.122591	0	0.0132315
r_3031	LPC phospholipase B (16:1), ER membrane	0	1.38754	0	0.119426	0	0.0132315
r_3032	LPC phospholipase B (18:0), ER membrane	0	1.38754	0	0.117128	0	0.00609739
r_3033	LPC phospholipase B (18:1), ER membrane	0	1.38754	0	0.112996	0	0.005585
r_3034	PC phospholipase B (1-16:0, 2-16:1), cell envelope	0	1.38754	0	0.120756	0	0.0132315
r_3035	PC phospholipase B (1-16:1, 2-16:1), cell envelope	0	1.38754	0	0.117753	0	0.0132315
r_3036	PC phospholipase B (1-18:0, 2-16:1), cell envelope	0	1.38754	0	0.116046	0	0.00609739
r_3037	PC phospholipase B (1-18:1, 2-16:1), cell envelope	0	1.38754	0	0.112891	0	0.005585
r_3038	PC phospholipase B (1-16:0, 2-18:1), cell envelope	0	1.38754	0	0.121857	0	0.0132315
r_3039	PC phospholipase B (1-16:1, 2-18:1), cell envelope	0	1.38754	0	0.118677	0	0.0132315
r_3040	PC phospholipase B (1-18:0, 2-18:1), cell envelope	0	1.38754	0	0.11651	0	0.00609739
r_3041	PC phospholipase B (1-18:1, 2-18:1), cell envelope	0	1.38754	0	0.112068	0	0.005585
r_3042	LPC phospholipase B (16:0), cell envelope	0	1.38754	0	0.122504	0	0.0132315
r_3043	LPC phospholipase B (16:1), cell envelope	0	1.38754	0	0.11931	0	0.0132315
r_3044	LPC phospholipase B (18:0), cell envelope	0	1.38754	0	0.117054	0	0.00609739
r_3045	LPC phospholipase B (18:1), cell envelope	0	1.38754	0	0.112891	0	0.005585
r_3046	PE phospholipase B (1-16:0, 2-16:1), cell envelope	0	0	0	0	0	0
r_3047	PE phospholipase B (1-16:1, 2-16:1), cell envelope	0	0	0	0	0	0
r_3048	PE phospholipase B (1-18:0, 2-16:1), cell envelope	0	0	0	0	0	0
r_3049	PE phospholipase B (1-18:1, 2-16:1), cell envelope	0	0	0	0	0	0
r_3050	PE phospholipase B (1-16:0, 2-18:1), cell envelope	0	0	0	0	0	0
r_3051	PE phospholipase B (1-16:1, 2-18:1), cell envelope	0	0	0	0	0	0
r_3052	PE phospholipase B (1-18:0, 2-18:1), cell envelope	0	0	0	0	0	0
r_3053	PE phospholipase B (1-18:1, 2-18:1), cell envelope	0	0	0	0	0	0
r_3054	LPE phospholipase B (16:0), cell envelope	0	0	0	0	0	0
r_3055	LPE phospholipase B (16:1), cell envelope	0	0	0	0	0	0
r_3056	LPE phospholipase B (18:0), cell envelope	0	0	0	0	0	0
r_3057	LPE phospholipase B (18:1), cell envelope	0	0	0	0	0	0
r_3058	PS phospholipase B (1-16:0, 2-16:1), cell envelope	0	0	0	0	0	0
r_3059	PS phospholipase B (1-16:1, 2-16:1), cell envelope	0	0	0	0	0	0
r_3060	PS phospholipase B (1-18:0, 2-16:1), cell envelope	0	0	0	0	0	0
r_3061	PS phospholipase B (1-18:1, 2-16:1), cell envelope	0	0	0	0	0	0
r_3062	PS phospholipase B (1-16:0, 2-18:1), cell envelope	0	0	0	0	0	0
r_3063	PS phospholipase B (1-16:1, 2-18:1), cell envelope	0	0	0	0	0	0
r_3064	PS phospholipase B (1-18:0, 2-18:1), cell envelope	0	0	0	0	0	0
r_3065	PS phospholipase B (1-18:1, 2-18:1), cell envelope	0	0	0	0	0	0
r_3066	LPS phospholipase B (16:0), cell envelope	0	0	0	0	0	0
r_3067	LPS phospholipase B (16:1), cell envelope	0	0	0	0	0	0
r_3068	LPS phospholipase B (18:0), cell envelope	0	0	0	0	0	0
r_3069	LPS phospholipase B (18:1), cell envelope	0	0	0	0	0	0
r_3070	PI phospholipase B (1-16:0, 2-16:1), cell envelope	0	0.55085	0	0.127295	0	0.00152253
r_3071	PI phospholipase B (1-16:1, 2-16:1), cell envelope	0	0.55085	0	0.123977	0	0.00152253
r_3072	PI phospholipase B (1-18:0, 2-16:1), cell envelope	0	0.55085	0	0.12301	0	0.00152253
r_3073	PI phospholipase B (1-18:1, 2-16:1), cell envelope	0	0.55085	0	0.120868	0	0.00152253
r_3074	PI phospholipase B (1-16:0, 2-18:1), cell envelope	0	0.55085	0	0.131148	0	0.00152253
r_3075	PI phospholipase B (1-16:1, 2-18:1), cell envelope	0	0.55085	0	0.127485	0	0.00152253
r_3076	PI phospholipase B (1-18:0, 2-18:1), cell envelope	0	0.55085	0	0.125024	0	0.00152253
r_3077	PI phospholipase B (1-18:1, 2-18:1), cell envelope	0	0.55085	0	0.119946	0	0.00152253
r_3078	LPI phospholipase B (16:0), cell envelope	0	0.55085	0	0.131438	0	0.00152253
r_3079	LPI phospholipase B (16:1), cell envelope	0	0.55085	0	0.127811	0	0.00152253
r_3080	LPI phospholipase B (18:0), cell envelope	0	0.55085	0	0.125266	0	0.00152253
r_3081	LPI phospholipase B (18:1), cell envelope	0	0.55085	0	0.120868	0	0.00152253
r_3082	PI 4,5-P2 phospholipase C (1-16:0, 2-16:1), cytoplasm	0	0	0	0	0	0
r_3083	PI 4,5-P2 phospholipase C (1-16:1, 2-16:1), cytoplasm	0	0	0	0	0	0
r_3084	PI 4,5-P2 phospholipase C (1-18:0, 2-16:1), cytoplasm	0	0	0	0	0	0
r_3085	PI 4,5-P2 phospholipase C (1-18:1, 2-16:1), cytoplasm	0	0	0	0	0	0
r_3086	PI 4,5-P2 phospholipase C (1-16:0, 2-18:1), cytoplasm	0	0	0	0	0	0
r_3087	PI 4,5-P2 phospholipase C (1-16:1, 2-18:1), cytoplasm	0	0	0	0	0	0
r_3088	PI 4,5-P2 phospholipase C (1-18:0, 2-18:1), cytoplasm	0	0	0	0	0	0
r_3089	PI 4,5-P2 phospholipase C (1-18:1, 2-18:1), cytoplasm	0	0	0	0	0	0
r_3090	PI 4,5-P2 phospholipase C (1-16:0, 2-16:1), nucleus	0	0	0	0	0	0
r_3091	PI 4,5-P2 phospholipase C (1-16:1, 2-16:1), nucleus	0	0	0	0	0	0
r_3092	PI 4,5-P2 phospholipase C (1-18:0, 2-16:1), nucleus	0	0	0	0	0	0
r_3093	PI 4,5-P2 phospholipase C (1-18:1, 2-16:1), nucleus	0	0	0	0	0	0
r_3094	PI 4,5-P2 phospholipase C (1-16:0, 2-18:1), nucleus	0	0	0	0	0	0
r_3095	PI 4,5-P2 phospholipase C (1-16:1, 2-18:1), nucleus	0	0	0	0	0	0
r_3096	PI 4,5-P2 phospholipase C (1-18:0, 2-18:1), nucleus	0	0	0	0	0	0
r_3097	PI 4,5-P2 phospholipase C (1-18:1, 2-18:1), nucleus	0	0	0	0	0	0
r_3098	PG phospholipase C (1-16:0, 2-16:1), mitochondrial membrane	0	2.23371	0	2.19461	0	0.0416722
r_3099	PG phospholipase C (1-16:1, 2-16:1), mitochondrial membrane	0	2.23371	0	2.1959	0	0.0416722
r_3100	PG phospholipase C (1-18:0, 2-16:1), mitochondrial membrane	0	2.23371	0	2.1959	0	0.0416722
r_3101	PG phospholipase C (1-18:1, 2-16:1), mitochondrial membrane	0	2.23371	0	2.1959	0	0.0416722
r_3102	PG phospholipase C (1-16:0, 2-18:1), mitochondrial membrane	0	2.23371	0	2.1959	0	0.0416722
r_3103	PG phospholipase C (1-16:1, 2-18:1), mitochondrial membrane	0	2.23371	0	2.1959	0	0.0416722
r_3104	PC phospholipase D (1-16:0, 2-16:1), cell envelope	0	3.12196	0	0.559189	0	0.0132315
r_3105	PC phospholipase D (1-16:1, 2-16:1), cell envelope	0	3.12196	0	0.559189	0	0.0132315
r_3106	PC phospholipase D (1-18:0, 2-16:1), cell envelope	0	3.12196	0	0.559189	0	0.0132315
r_3107	PC phospholipase D (1-18:1, 2-16:1), cell envelope	0	3.12196	0	0.559189	0	0.0132315
r_3108	PC phospholipase D (1-16:0, 2-18:1), cell envelope	0	3.12196	0	0.559189	0	0.0132315
r_3109	PC phospholipase D (1-16:1, 2-18:1), cell envelope	0	3.12196	0	0.559189	0	0.0132315
r_3110	PC phospholipase D (1-18:0, 2-18:1), cell envelope	0	3.12196	0	0.559189	0	0.0132315
r_3111	PC phospholipase D (1-18:1, 2-18:1), cell envelope	0	3.12196	0	0.559189	0	0.0132315
r_3112	PI 3-P phosphatase (1-16:0, 2-16:1), cell envelope	0	4.16262	0	0.000267849	0	0.000238496
r_3113	PI 3-P phosphatase (1-16:1, 2-16:1), cell envelope	0	4.16262	0	0.000267849	0	0.000238496
r_3114	PI 3-P phosphatase (1-18:0, 2-16:1), cell envelope	0	4.16262	0	0.000267849	0	0.000238496
r_3115	PI 3-P phosphatase (1-18:1, 2-16:1), cell envelope	0	4.16262	0	0.000267849	0	0.000238496
r_3116	PI 3-P phosphatase (1-16:0, 2-18:1), cell envelope	0	4.16262	0	0.000267849	0	0.000238496
r_3117	PI 3-P phosphatase (1-16:1, 2-18:1), cell envelope	0	4.16262	0	0.000267849	0	0.000238496
r_3118	PI 3-P phosphatase (1-18:0, 2-18:1), cell envelope	0	4.16262	0	0.000267849	0	0.000238496
r_3119	PI 3-P phosphatase (1-18:1, 2-18:1), cell envelope	0	4.16262	0	0.000267849	0	0.000238496
r_3120	PI 3-P phosphatase (1-16:0, 2-16:1), cytoplasm	0	4.16262	0	0.000267853	0	0.000238499
r_3121	PI 3-P phosphatase (1-16:1, 2-16:1), cytoplasm	0	4.16262	0	0.000267853	0	0.000238499
r_3122	PI 3-P phosphatase (1-18:0, 2-16:1), cytoplasm	0	4.16262	0	0.000267853	0	0.000238499
r_3123	PI 3-P phosphatase (1-18:1, 2-16:1), cytoplasm	0	4.16262	0	0.000267853	0	0.000238499
r_3124	PI 3-P phosphatase (1-16:0, 2-18:1), cytoplasm	0	4.16262	0	0.000267853	0	0.000238499
r_3125	PI 3-P phosphatase (1-16:1, 2-18:1), cytoplasm	0	4.16262	0	0.000267853	0	0.000238499
r_3126	PI 3-P phosphatase (1-18:0, 2-18:1), cytoplasm	0	4.16262	0	0.000267853	0	0.000238499
r_3127	PI 3-P phosphatase (1-18:1, 2-18:1), cytoplasm	0	4.16262	0	0.000267853	0	0.000238499
r_3128	PI 3-P phosphatase (1-16:0, 2-16:1), ER membrane	0	8.32524	0	0.000267855	0	0.000238501
r_3129	PI 3-P phosphatase (1-16:1, 2-16:1), ER membrane	0	8.32524	0	0.000267855	0	0.000238501
r_3130	PI 3-P phosphatase (1-18:0, 2-16:1), ER membrane	0	8.32524	0	0.000267855	0	0.000238501
r_3131	PI 3-P phosphatase (1-18:1, 2-16:1), ER membrane	0	8.32524	0	0.000267855	0	0.000238501
r_3132	PI 3-P phosphatase (1-16:0, 2-18:1), ER membrane	0	8.32524	0	0.000267855	0	0.000238501
r_3133	PI 3-P phosphatase (1-16:1, 2-18:1), ER membrane	0	8.32524	0	0.000267855	0	0.000238501
r_3134	PI 3-P phosphatase (1-18:0, 2-18:1), ER membrane	0	8.32524	0	0.000267855	0	0.000238501
r_3135	PI 3-P phosphatase (1-18:1, 2-18:1), ER membrane	0	8.32524	0	0.000267855	0	0.000238501
r_3136	PI 3-P phosphatase (1-16:0, 2-16:1), Golgi membrane	0	8.32524	0	0.000267855	0	0.000238502
r_3137	PI 3-P phosphatase (1-16:1, 2-16:1), Golgi membrane	0	8.32524	0	0.000267855	0	0.000238502
r_3138	PI 3-P phosphatase (1-18:0, 2-16:1), Golgi membrane	0	8.32524	0	0.000267855	0	0.000238502
r_3139	PI 3-P phosphatase (1-18:1, 2-16:1), Golgi membrane	0	8.32524	0	0.000267855	0	0.000238502
r_3140	PI 3-P phosphatase (1-16:0, 2-18:1), Golgi membrane	0	8.32524	0	0.000267855	0	0.000238502
r_3141	PI 3-P phosphatase (1-16:1, 2-18:1), Golgi membrane	0	8.32524	0	0.000267855	0	0.000238502
r_3142	PI 3-P phosphatase (1-18:0, 2-18:1), Golgi membrane	0	8.32524	0	0.000267855	0	0.000238502
r_3143	PI 3-P phosphatase (1-18:1, 2-18:1), Golgi membrane	0	8.32524	0	0.000267855	0	0.000238502
r_3144	PI 4-P phosphatase (1-16:0, 2-16:1), cell envelope	0	8.32524	0	7.81914	0	7.04716
r_3145	PI 4-P phosphatase (1-16:1, 2-16:1), cell envelope	0	8.32524	0	7.81914	0	7.04716
r_3146	PI 4-P phosphatase (1-18:0, 2-16:1), cell envelope	0	8.32524	0	7.81914	0	7.04716
r_3147	PI 4-P phosphatase (1-18:1, 2-16:1), cell envelope	0	8.32524	0	7.81914	0	7.04716
r_3148	PI 4-P phosphatase (1-16:0, 2-18:1), cell envelope	0	8.32524	0	7.81914	0	7.04716
r_3149	PI 4-P phosphatase (1-16:1, 2-18:1), cell envelope	0	8.32524	0	7.81914	0	7.04716
r_3150	PI 4-P phosphatase (1-18:0, 2-18:1), cell envelope	0	8.32524	0	7.81914	0	7.04716
r_3151	PI 4-P phosphatase (1-18:1, 2-18:1), cell envelope	0	8.32524	0	7.81914	0	7.04716
r_3152	PI 4-P phosphatase (1-16:0, 2-16:1), cytoplasm	0	8.32524	0	7.93535	0	7.40784
r_3153	PI 4-P phosphatase (1-16:1, 2-16:1), cytoplasm	0	8.32524	0	7.93535	0	7.40784
r_3154	PI 4-P phosphatase (1-18:0, 2-16:1), cytoplasm	0	8.32524	0	7.93535	0	7.40784
r_3155	PI 4-P phosphatase (1-18:1, 2-16:1), cytoplasm	0	8.32524	0	7.93535	0	7.40784
r_3156	PI 4-P phosphatase (1-16:0, 2-18:1), cytoplasm	0	8.32524	0	7.93535	0	7.40784
r_3157	PI 4-P phosphatase (1-16:1, 2-18:1), cytoplasm	0	8.32524	0	7.93535	0	7.40784
r_3158	PI 4-P phosphatase (1-18:0, 2-18:1), cytoplasm	0	8.32524	0	7.93535	0	7.40784
r_3159	PI 4-P phosphatase (1-18:1, 2-18:1), cytoplasm	0	8.32524	0	7.93535	0	7.40784
r_3160	PI 4-P phosphatase (1-16:0, 2-16:1), ER membrane	0	8.32524	0	8.11301	0	2.45051
r_3161	PI 4-P phosphatase (1-16:1, 2-16:1), ER membrane	0	8.32524	0	8.11301	0	2.45051
r_3162	PI 4-P phosphatase (1-18:0, 2-16:1), ER membrane	0	8.32524	0	8.11301	0	2.45051
r_3163	PI 4-P phosphatase (1-18:1, 2-16:1), ER membrane	0	8.32524	0	8.11301	0	2.45051
r_3164	PI 4-P phosphatase (1-16:0, 2-18:1), ER membrane	0	8.32524	0	8.11301	0	2.45051
r_3165	PI 4-P phosphatase (1-16:1, 2-18:1), ER membrane	0	8.32524	0	8.11301	0	2.45051
r_3166	PI 4-P phosphatase (1-18:0, 2-18:1), ER membrane	0	8.32524	0	8.11301	0	2.45051
r_3167	PI 4-P phosphatase (1-18:1, 2-18:1), ER membrane	0	8.32524	0	8.11301	0	2.45051
r_3168	PI 4-P phosphatase (1-16:0, 2-16:1), Golgi membrane	0	8.32524	0	7.16075	0	0.000718124
r_3169	PI 4-P phosphatase (1-16:1, 2-16:1), Golgi membrane	0	8.32524	0	7.16075	0	0.000718124
r_3170	PI 4-P phosphatase (1-18:0, 2-16:1), Golgi membrane	0	8.32524	0	7.16075	0	0.000718124
r_3171	PI 4-P phosphatase (1-18:1, 2-16:1), Golgi membrane	0	8.32524	0	7.16075	0	0.000718124
r_3172	PI 4-P phosphatase (1-16:0, 2-18:1), Golgi membrane	0	8.32524	0	7.16075	0	0.000718124
r_3173	PI 4-P phosphatase (1-16:1, 2-18:1), Golgi membrane	0	8.32524	0	7.16075	0	0.000718124
r_3174	PI 4-P phosphatase (1-18:0, 2-18:1), Golgi membrane	0	8.32524	0	7.16075	0	0.000718124
r_3175	PI 4-P phosphatase (1-18:1, 2-18:1), Golgi membrane	0	8.32524	0	7.16075	0	0.000718124
r_3176	PI 3,5-P2 phosphatase (1-16:0, 2-16:1), cell envelope	0	4.16262	0	0.000267849	0	0.000238496
r_3177	PI 3,5-P2 phosphatase (1-16:1, 2-16:1), cell envelope	0	4.16262	0	0.000267849	0	0.000238496
r_3178	PI 3,5-P2 phosphatase (1-18:0, 2-16:1), cell envelope	0	4.16262	0	0.000267849	0	0.000238496
r_3179	PI 3,5-P2 phosphatase (1-18:1, 2-16:1), cell envelope	0	4.16262	0	0.000267849	0	0.000238496
r_3180	PI 3,5-P2 phosphatase (1-16:0, 2-18:1), cell envelope	0	4.16262	0	0.000267849	0	0.000238496
r_3181	PI 3,5-P2 phosphatase (1-16:1, 2-18:1), cell envelope	0	4.16262	0	0.000267849	0	0.000238496
r_3182	PI 3,5-P2 phosphatase (1-18:0, 2-18:1), cell envelope	0	4.16262	0	0.000267849	0	0.000238496
r_3183	PI 3,5-P2 phosphatase (1-18:1, 2-18:1), cell envelope	0	4.16262	0	0.000267849	0	0.000238496
r_3184	PI 3,5-P2 phosphatase (1-16:0, 2-16:1), cytoplasm	0	4.16262	0	0.000267853	0	0.000238499
r_3185	PI 3,5-P2 phosphatase (1-16:1, 2-16:1), cytoplasm	0	4.16262	0	0.000267853	0	0.000238499
r_3186	PI 3,5-P2 phosphatase (1-18:0, 2-16:1), cytoplasm	0	4.16262	0	0.000267853	0	0.000238499
r_3187	PI 3,5-P2 phosphatase (1-18:1, 2-16:1), cytoplasm	0	4.16262	0	0.000267853	0	0.000238499
r_3188	PI 3,5-P2 phosphatase (1-16:0, 2-18:1), cytoplasm	0	4.16262	0	0.000267853	0	0.000238499
r_3189	PI 3,5-P2 phosphatase (1-16:1, 2-18:1), cytoplasm	0	4.16262	0	0.000267853	0	0.000238499
r_3190	PI 3,5-P2 phosphatase (1-18:0, 2-18:1), cytoplasm	0	4.16262	0	0.000267853	0	0.000238499
r_3191	PI 3,5-P2 phosphatase (1-18:1, 2-18:1), cytoplasm	0	4.16262	0	0.000267853	0	0.000238499
r_3192	PI 4,5-P2 phosphatase (1-16:0, 2-16:1), cell envelope	0	8.32524	0	6.05983	0	5.5018
r_3193	PI 4,5-P2 phosphatase (1-16:1, 2-16:1), cell envelope	0	8.32524	0	6.05983	0	5.5018
r_3194	PI 4,5-P2 phosphatase (1-18:0, 2-16:1), cell envelope	0	8.32524	0	6.05983	0	5.5018
r_3195	PI 4,5-P2 phosphatase (1-18:1, 2-16:1), cell envelope	0	8.32524	0	6.05983	0	5.5018
r_3196	PI 4,5-P2 phosphatase (1-16:0, 2-18:1), cell envelope	0	8.32524	0	6.05983	0	5.5018
r_3197	PI 4,5-P2 phosphatase (1-16:1, 2-18:1), cell envelope	0	8.32524	0	6.05983	0	5.5018
r_3198	PI 4,5-P2 phosphatase (1-18:0, 2-18:1), cell envelope	0	8.32524	0	6.05983	0	5.5018
r_3199	PI 4,5-P2 phosphatase (1-18:1, 2-18:1), cell envelope	0	8.32524	0	6.05983	0	5.5018
r_3200	PI 4,5-P2 phosphatase (1-16:0, 2-16:1), cytoplasm	0	8.32524	0	6.51313	0	5.95062
r_3201	PI 4,5-P2 phosphatase (1-16:1, 2-16:1), cytoplasm	0	8.32524	0	6.51313	0	5.95062
r_3202	PI 4,5-P2 phosphatase (1-18:0, 2-16:1), cytoplasm	0	8.32524	0	6.51313	0	5.95062
r_3203	PI 4,5-P2 phosphatase (1-18:1, 2-16:1), cytoplasm	0	8.32524	0	6.51313	0	5.95062
r_3204	PI 4,5-P2 phosphatase (1-16:0, 2-18:1), cytoplasm	0	8.32524	0	6.51313	0	5.95062
r_3205	PI 4,5-P2 phosphatase (1-16:1, 2-18:1), cytoplasm	0	8.32524	0	6.51313	0	5.95062
r_3206	PI 4,5-P2 phosphatase (1-18:0, 2-18:1), cytoplasm	0	8.32524	0	6.51313	0	5.95062
r_3207	PI 4,5-P2 phosphatase (1-18:1, 2-18:1), cytoplasm	0	8.32524	0	6.51313	0	5.95062
r_3208	PI 4,5-P2 phosphatase (1-16:0, 2-16:1), ER membrane	0	8.32524	0	6.84192	0	6.28115
r_3209	PI 4,5-P2 phosphatase (1-16:1, 2-16:1), ER membrane	0	8.32524	0	6.84192	0	6.28115
r_3210	PI 4,5-P2 phosphatase (1-18:0, 2-16:1), ER membrane	0	8.32524	0	6.84192	0	6.28115
r_3211	PI 4,5-P2 phosphatase (1-18:1, 2-16:1), ER membrane	0	8.32524	0	6.84192	0	6.28115
r_3212	PI 4,5-P2 phosphatase (1-16:0, 2-18:1), ER membrane	0	8.32524	0	6.84192	0	6.28115
r_3213	PI 4,5-P2 phosphatase (1-16:1, 2-18:1), ER membrane	0	8.32524	0	6.84192	0	6.28115
r_3214	PI 4,5-P2 phosphatase (1-18:0, 2-18:1), ER membrane	0	8.32524	0	6.84192	0	6.28115
r_3215	PI 4,5-P2 phosphatase (1-18:1, 2-18:1), ER membrane	0	8.32524	0	6.84192	0	6.28115
r_3216	PI 3,5-P2 phosphatase (1-16:0, 2-16:1), vacuolar membrane	0	8.32524	0	8.32524	0	8.10772
r_3217	PI 3,5-P2 phosphatase (1-16:1, 2-16:1), vacuolar membrane	0	8.32524	0	8.32524	0	8.10772
r_3218	PI 3,5-P2 phosphatase (1-18:0, 2-16:1), vacuolar membrane	0	8.32524	0	8.32524	0	8.10772
r_3219	PI 3,5-P2 phosphatase (1-18:1, 2-16:1), vacuolar membrane	0	8.32524	0	8.32524	0	8.10772
r_3220	PI 3,5-P2 phosphatase (1-16:0, 2-18:1), vacuolar membrane	0	8.32524	0	8.32524	0	8.10772
r_3221	PI 3,5-P2 phosphatase (1-16:1, 2-18:1), vacuolar membrane	0	8.32524	0	8.32524	0	8.10772
r_3222	PI 3,5-P2 phosphatase (1-18:0, 2-18:1), vacuolar membrane	0	8.32524	0	8.32524	0	8.10772
r_3223	PI 3,5-P2 phosphatase (1-18:1, 2-18:1), vacuolar membrane	0	8.32524	0	8.32524	0	8.10772
r_3224	DGPP phosphatase (1-16:0, 2-16:1), vacuolar membrane	0	8.32524	0	8.32524	0	8.04772
r_3225	DGPP phosphatase (1-16:1, 2-16:1), vacuolar membrane	0	8.32524	0	8.32524	0	8.04772
r_3226	DGPP phosphatase (1-18:0, 2-16:1), vacuolar membrane	0	8.32524	0	8.32524	0	8.04772
r_3227	DGPP phosphatase (1-18:1, 2-16:1), vacuolar membrane	0	8.32524	0	8.32524	0	8.04772
r_3228	DGPP phosphatase (1-16:0, 2-18:1), vacuolar membrane	0	8.32524	0	8.32524	0	8.04772
r_3229	DGPP phosphatase (1-16:1, 2-18:1), vacuolar membrane	0	8.32524	0	8.32524	0	8.04772
r_3230	DGPP phosphatase (1-18:0, 2-18:1), vacuolar membrane	0	8.32524	0	8.32524	0	8.04772
r_3231	DGPP phosphatase (1-18:1, 2-18:1), vacuolar membrane	0	8.32524	0	8.32524	0	8.04772
r_3232	DGPP phosphatase (1-16:0, 2-16:1), Golgi membrane	0	8.32524	0	8.32524	0	8.14737
r_3233	DGPP phosphatase (1-16:1, 2-16:1), Golgi membrane	0	8.32524	0	8.32524	0	8.14737
r_3234	DGPP phosphatase (1-18:0, 2-16:1), Golgi membrane	0	8.32524	0	8.32524	0	8.14737
r_3235	DGPP phosphatase (1-18:1, 2-16:1), Golgi membrane	0	8.32524	0	8.32524	0	8.14737
r_3236	DGPP phosphatase (1-16:0, 2-18:1), Golgi membrane	0	8.32524	0	8.32524	0	8.14737
r_3237	DGPP phosphatase (1-16:1, 2-18:1), Golgi membrane	0	8.32524	0	8.32524	0	8.14737
r_3238	DGPP phosphatase (1-18:0, 2-18:1), Golgi membrane	0	8.32524	0	8.32524	0	8.14737
r_3239	DGPP phosphatase (1-18:1, 2-18:1), Golgi membrane	0	8.32524	0	8.32524	0	8.14737
r_3240	lysoPA phosphatase (16:0), cytoplasm	0	0	0	0	0	0
r_3241	lysoPA phosphatase (16:1), cytoplasm	0	0	0	0	0	0
r_3242	lysoPA phosphatase (18:0), cytoplasm	0	0	0	0	0	0
r_3243	lysoPA phosphatase (18:1), cytoplasm	0	0	0	0	0	0
r_3244	lysoPA phosphatase (16:0), vacuolar membrane	0	0	0	0	0	0
r_3245	lysoPA phosphatase (16:1), vacuolar membrane	0	0	0	0	0	0
r_3246	lysoPA phosphatase (18:0), vacuolar membrane	0	0	0	0	0	0
r_3247	lysoPA phosphatase (18:1), vacuolar membrane	0	0	0	0	0	0
r_3248	lysoPA phosphatase (16:0), Golgi membrane	0	0	0	0	0	0
r_3249	lysoPA phosphatase (16:1), Golgi membrane	0	0	0	0	0	0
r_3250	lysoPA phosphatase (18:0), Golgi membrane	0	0	0	0	0	0
r_3251	lysoPA phosphatase (18:1), Golgi membrane	0	0	0	0	0	0
r_3252	ergosteryl ester hydrolase (16:1), lipid particle	0	4.91415	0	0.0238266	0	0.0201352
r_3253	ergosteryl ester hydrolase (18:1), lipid particle	0	4.91415	0	0.0236527	0	0.0199957
r_3254	episteryl ester hydrolase (16:1), lipid particle	0	4.91415	0	0.0226125	0	0.0201345
r_3255	episteryl ester hydrolase (18:1), lipid particle	0	4.91415	0	0.0224559	0	0.019995
r_3256	fecosteryl ester hydrolase (16:1), lipid particle	0	4.91415	0	0.0226125	0	0.0201345
r_3257	fecosteryl ester hydrolase (18:1), lipid particle	0	4.91415	0	0.0224559	0	0.019995
r_3258	lanosteryl ester hydrolase (16:1), lipid particle	0	4.91415	0	0.0226125	0	0.0201345
r_3259	lanosteryl ester hydrolase (18:1), lipid particle	0	4.91415	0	0.0224559	0	0.019995
r_3260	zymosteryl ester hydrolase (16:1), lipid particle	0	4.91415	0	0.0226125	0	0.0201345
r_3261	zymosteryl ester hydrolase (18:1), lipid particle	0	4.91415	0	0.0224559	0	0.019995
r_3262	zymosteryl ester hydrolase (16:1), cell envelope	0	4.91415	0	0.0237893	0	0.0211823
r_3263	zymosteryl ester hydrolase (18:1), cell envelope	0	4.91415	0	0.023616	0	0.021028
r_3264	TAG lipase (1-16:0, 2-16:1, 3-16:0), lipid particle	0	4.91415	0	0.316431	0	0.0303276
r_3265	TAG lipase (1-16:0, 2-16:1, 3-16:1), lipid particle	0	4.91415	0	0.302946	0	0.0303276
r_3266	TAG lipase (1-16:0, 2-16:1, 3-18:0), lipid particle	0	4.91415	0	0.292385	0	0.0266173
r_3267	TAG lipase (1-16:0, 2-16:1, 3-18:1), lipid particle	0	4.91415	0	0.277038	0	0.0266173
r_3268	TAG lipase (1-16:1, 2-16:1, 3-16:0), lipid particle	0	4.91415	0	0.316431	0	0.0303276
r_3269	TAG lipase (1-16:1, 2-16:1, 3-16:1), lipid particle	0	4.91415	0	0.302946	0	0.0303276
r_3270	TAG lipase (1-16:1, 2-16:1, 3-18:0), lipid particle	0	4.91415	0	0.292385	0	0.0266173
r_3271	TAG lipase (1-16:1, 2-16:1, 3-18:1), lipid particle	0	4.91415	0	0.277038	0	0.0266173
r_3272	TAG lipase (1-18:0, 2-16:1, 3-16:0), lipid particle	0	4.91415	0	0.316431	0	0.0303276
r_3273	TAG lipase (1-18:0, 2-16:1, 3-16:1), lipid particle	0	4.91415	0	0.302946	0	0.0303276
r_3274	TAG lipase (1-18:0, 2-16:1, 3-18:0), lipid particle	0	4.91415	0	0.292385	0	0.0266173
r_3275	TAG lipase (1-18:0, 2-16:1, 3-18:1), lipid particle	0	4.91415	0	0.277038	0	0.0266173
r_3276	TAG lipase (1-18:1, 2-16:1, 3-16:0), lipid particle	0	4.91415	0	0.316431	0	0.0303276
r_3277	TAG lipase (1-18:1, 2-16:1, 3-16:1), lipid particle	0	4.91415	0	0.302946	0	0.0303276
r_3278	TAG lipase (1-18:1, 2-16:1, 3-18:0), lipid particle	0	4.91415	0	0.292385	0	0.0266173
r_3279	TAG lipase (1-18:1, 2-16:1, 3-18:1), lipid particle	0	4.91415	0	0.277038	0	0.0266173
r_3280	TAG lipase (1-16:0, 2-18:1, 3-16:0), lipid particle	0	4.91415	0	0.316431	0	0.0303276
r_3281	TAG lipase (1-16:0, 2-18:1, 3-16:1), lipid particle	0	4.91415	0	0.302946	0	0.0303276
r_3282	TAG lipase (1-16:0, 2-18:1, 3-18:0), lipid particle	0	4.91415	0	0.292385	0	0.0266173
r_3283	TAG lipase (1-16:0, 2-18:1, 3-18:1), lipid particle	0	4.91415	0	0.277038	0	0.0266173
r_3284	TAG lipase (1-16:1, 2-18:1, 3-16:0), lipid particle	0	4.91415	0	0.316431	0	0.0303276
r_3285	TAG lipase (1-16:1, 2-18:1, 3-16:1), lipid particle	0	4.91415	0	0.302946	0	0.0303276
r_3286	TAG lipase (1-16:1, 2-18:1, 3-18:0), lipid particle	0	4.91415	0	0.292385	0	0.0266173
r_3287	TAG lipase (1-16:1, 2-18:1, 3-18:1), lipid particle	0	4.91415	0	0.277038	0	0.0266173
r_3288	TAG lipase (1-18:0, 2-18:1, 3-16:0), lipid particle	0	4.91415	0	0.316431	0	0.0303276
r_3289	TAG lipase (1-18:0, 2-18:1, 3-16:1), lipid particle	0	4.91415	0	0.302946	0	0.0303276
r_3290	TAG lipase (1-18:0, 2-18:1, 3-18:0), lipid particle	0	4.91415	0	0.292385	0	0.0266173
r_3291	TAG lipase (1-18:0, 2-18:1, 3-18:1), lipid particle	0	4.91415	0	0.277038	0	0.0266173
r_3292	TAG lipase (1-18:1, 2-18:1, 3-16:0), lipid particle	0	4.91415	0	0.316431	0	0.0303276
r_3293	TAG lipase (1-18:1, 2-18:1, 3-16:1), lipid particle	0	4.91415	0	0.302946	0	0.0303276
r_3294	TAG lipase (1-18:1, 2-18:1, 3-18:0), lipid particle	0	4.91415	0	0.292385	0	0.0266173
r_3295	TAG lipase (1-18:1, 2-18:1, 3-18:1), lipid particle	0	4.91415	0	0.277038	0	0.0266173
r_3296	DAG lipase (1-16:0, 2-16:1), lipid particle	0	1.92121	0	0.138154	0	0.0151638
r_3297	DAG lipase (1-16:1, 2-16:1), lipid particle	0	1.92121	0	0.134265	0	0.0151638
r_3298	DAG lipase (1-18:0, 2-16:1), lipid particle	0	1.92121	0	0.132611	0	0.00609739
r_3299	DAG lipase (1-18:1, 2-16:1), lipid particle	0	1.92121	0	0.129391	0	0.005585
r_3300	DAG lipase (1-16:0, 2-18:1), lipid particle	0	1.92121	0	0.141309	0	0.0141959
r_3301	DAG lipase (1-16:1, 2-18:1), lipid particle	0	1.92121	0	0.13705	0	0.0141959
r_3302	DAG lipase (1-18:0, 2-18:1), lipid particle	0	1.92121	0	0.134168	0	0.00609739
r_3303	DAG lipase (1-18:1, 2-18:1), lipid particle	0	1.92121	0	0.128312	0	0.005585
r_3304	DAG lipase (1-16:0, 2-18:1), mitochondrion	0	0	0	0	0	0
r_3305	DAG lipase (1-16:1, 2-18:1), mitochondrion	0	0	0	0	0	0
r_3306	DAG lipase (1-18:0, 2-18:1), mitochondrion	0	0	0	0	0	0
r_3307	DAG lipase (1-18:1, 2-18:1), mitochondrion	0	0	0	0	0	0
r_3308	MAG lipase (1-16:0), lipid particle	0	1.92121	0	0.141909	0	0.0151638
r_3309	MAG lipase (1-16:1), lipid particle	0	1.92121	0	0.137654	0	0.0151638
r_3310	MAG lipase (1-18:0), lipid particle	0	1.92121	0	0.134647	0	0.00609739
r_3311	MAG lipase (1-18:1), lipid particle	0	1.92121	0	0.129391	0	0.005585
r_3312	lysoPE (1-16:0) oleoyl-CoA acyltransferase, lipid particle	0	4.91415	0	0.275952	0	0.0266173
r_3313	lysoPE (1-16:1) oleoyl-CoA acyltransferase, lipid particle	0	4.91415	0	0.275952	0	0.0266173
r_3314	lysoPE (1-18:0) oleoyl-CoA acyltransferase, lipid particle	0	4.91415	0	0.275952	0	0.0266173
r_3315	lysoPE (1-18:1) oleoyl-CoA acyltransferase, lipid particle	0	4.91415	0	0.275952	0	0.0266173
r_3316	PC phospholipase A2 (1-16:0, 2-16:1), lipid particle	0	4.91415	0	0.120698	0	0.0240808
r_3317	PC phospholipase A2 (1-16:1, 2-16:1), lipid particle	0	4.91415	0	0.117699	0	0.0240808
r_3318	PC phospholipase A2 (1-18:0, 2-16:1), lipid particle	0	4.91415	0	0.115991	0	0.0240808
r_3319	PC phospholipase A2 (1-18:1, 2-16:1), lipid particle	0	4.91415	0	0.112836	0	0.0240808
r_3320	PC phospholipase A2 (1-16:0, 2-18:1), lipid particle	0	4.91415	0	0.121793	0	0.0235872
r_3321	PC phospholipase A2 (1-16:1, 2-18:1), lipid particle	0	4.91415	0	0.118616	0	0.0235769
r_3322	PC phospholipase A2 (1-18:0, 2-18:1), lipid particle	0	4.91415	0	0.116451	0	0.0233803
r_3323	PC phospholipase A2 (1-18:1, 2-18:1), lipid particle	0	4.91415	0	0.112014	0	0.0233616
r_3324	PE phospholipase A2 (1-16:0, 2-16:1), lipid particle	0	4.91415	0	0.0773028	0	0.0233517
r_3325	PE phospholipase A2 (1-16:1, 2-16:1), lipid particle	0	4.91415	0	0.0760114	0	0.0233374
r_3326	PE phospholipase A2 (1-18:0, 2-16:1), lipid particle	0	4.91415	0	0.0751192	0	0.0232492
r_3327	PE phospholipase A2 (1-18:1, 2-16:1), lipid particle	0	4.91415	0	0.0732485	0	0.0232492
r_3328	PE phospholipase A2 (1-16:0, 2-18:1), lipid particle	0	4.91415	0	0.275952	0	0.0240808
r_3329	PE phospholipase A2 (1-16:1, 2-18:1), lipid particle	0	4.91415	0	0.275952	0	0.0240808
r_3330	PE phospholipase A2 (1-18:0, 2-18:1), lipid particle	0	4.91415	0	0.275952	0	0.0240808
r_3331	PE phospholipase A2 (1-18:1, 2-18:1), lipid particle	0	4.91415	0	0.275952	0	0.0240808
r_3332	PA kinase (1-16:0, 2-16:1), Golgi membrane	0	8.32524	0	8.32524	0	8.14737
r_3333	PA kinase (1-16:1, 2-16:1), Golgi membrane	0	8.32524	0	8.32524	0	8.14737
r_3334	PA kinase (1-18:0, 2-16:1), Golgi membrane	0	8.32524	0	8.32524	0	8.14737
r_3335	PA kinase (1-18:1, 2-16:1), Golgi membrane	0	8.32524	0	8.32524	0	8.14737
r_3336	PA kinase (1-16:0, 2-18:1), Golgi membrane	0	8.32524	0	8.32524	0	8.14737
r_3337	PA kinase (1-16:1, 2-18:1), Golgi membrane	0	8.32524	0	8.32524	0	8.14737
r_3338	PA kinase (1-18:0, 2-18:1), Golgi membrane	0	8.32524	0	8.32524	0	8.14737
r_3339	PA kinase (1-18:1, 2-18:1), Golgi membrane	0	8.32524	0	8.32524	0	8.14737
r_3340	PA kinase (1-16:0, 2-16:1), vacuolar membrane	0	8.32524	0	8.32524	0	8.04772
r_3341	PA kinase (1-16:1, 2-16:1), vacuolar membrane	0	8.32524	0	8.32524	0	8.04772
r_3342	PA kinase (1-18:0, 2-16:1), vacuolar membrane	0	8.32524	0	8.32524	0	8.04772
r_3343	PA kinase (1-18:1, 2-16:1), vacuolar membrane	0	8.32524	0	8.32524	0	8.04772
r_3344	PA kinase (1-16:0, 2-18:1), vacuolar membrane	0	8.32524	0	8.32524	0	8.04772
r_3345	PA kinase (1-16:1, 2-18:1), vacuolar membrane	0	8.32524	0	8.32524	0	8.04772
r_3346	PA kinase (1-18:0, 2-18:1), vacuolar membrane	0	8.32524	0	8.32524	0	8.04772
r_3347	PA kinase (1-18:1, 2-18:1), vacuolar membrane	0	8.32524	0	8.32524	0	8.04772
r_3348	inositolphosphotransferase (PI (1-16:0, 2-16:1) MIPC-A (C24))	0	0	0	0	0	0
r_3349	inositolphosphotransferase (PI (1-16:1, 2-16:1) MIPC-A (C24))	0	0	0	0	0	0
r_3350	inositolphosphotransferase (PI (1-18:0, 2-16:1) MIPC-A (C24))	0	0	0	0	0	0
r_3351	inositolphosphotransferase (PI (1-18:1, 2-16:1) MIPC-A (C24))	0	0	0	0	0	0
r_3352	inositolphosphotransferase (PI (1-16:0, 2-18:1) MIPC-A (C24))	0	0	0	0	0	0
r_3353	inositolphosphotransferase (PI (1-16:1, 2-18:1) MIPC-A (C24))	0	0	0	0	0	0
r_3354	inositolphosphotransferase (PI (1-18:0, 2-18:1) MIPC-A (C24))	0	0	0	0	0	0
r_3355	inositolphosphotransferase (PI (1-18:1, 2-18:1) MIPC-A (C24))	0	0	0	0	0	0
r_3356	inositolphosphotransferase (PI (1-16:0, 2-16:1) MIPC-A (C26))	0	0	0	0	0	0
r_3357	inositolphosphotransferase (PI (1-16:1, 2-16:1) MIPC-A (C26))	0	0	0	0	0	0
r_3358	inositolphosphotransferase (PI (1-18:0, 2-16:1) MIPC-A (C26))	0	0	0	0	0	0
r_3359	inositolphosphotransferase (PI (1-18:1, 2-16:1) MIPC-A (C26))	0	0	0	0	0	0
r_3360	inositolphosphotransferase (PI (1-16:0, 2-18:1) MIPC-A (C26))	0	0	0	0	0	0
r_3361	inositolphosphotransferase (PI (1-16:1, 2-18:1) MIPC-A (C26))	0	0	0	0	0	0
r_3362	inositolphosphotransferase (PI (1-18:0, 2-18:1) MIPC-A (C26))	0	0	0	0	0	0
r_3363	inositolphosphotransferase (PI (1-18:1, 2-18:1) MIPC-A (C26))	0	0	0	0	0	0
r_3364	inositolphosphotransferase (PI (1-16:0, 2-16:1) MIPC-B' (C24))	0	0	0	0	0	0
r_3365	inositolphosphotransferase (PI (1-16:1, 2-16:1) MIPC-B' (C24))	0	0	0	0	0	0
r_3366	inositolphosphotransferase (PI (1-18:0, 2-16:1) MIPC-B' (C24))	0	0	0	0	0	0
r_3367	inositolphosphotransferase (PI (1-18:1, 2-16:1) MIPC-B' (C24))	0	0	0	0	0	0
r_3368	inositolphosphotransferase (PI (1-16:0, 2-18:1) MIPC-B' (C24))	0	0	0	0	0	0
r_3369	inositolphosphotransferase (PI (1-16:1, 2-18:1) MIPC-B' (C24))	0	0	0	0	0	0
r_3370	inositolphosphotransferase (PI (1-18:0, 2-18:1) MIPC-B' (C24))	0	0	0	0	0	0
r_3371	inositolphosphotransferase (PI (1-18:1, 2-18:1) MIPC-B' (C24))	0	0	0	0	0	0
r_3372	inositolphosphotransferase (PI (1-16:0, 2-16:1) MIPC-B' (C26))	0	0	0	0	0	0
r_3373	inositolphosphotransferase (PI (1-16:1, 2-16:1) MIPC-B' (C26))	0	0	0	0	0	0
r_3374	inositolphosphotransferase (PI (1-18:0, 2-16:1) MIPC-B' (C26))	0	0	0	0	0	0
r_3375	inositolphosphotransferase (PI (1-18:1, 2-16:1) MIPC-B' (C26))	0	0	0	0	0	0
r_3376	inositolphosphotransferase (PI (1-16:0, 2-18:1) MIPC-B' (C26))	0	0	0	0	0	0
r_3377	inositolphosphotransferase (PI (1-16:1, 2-18:1) MIPC-B' (C26))	0	0	0	0	0	0
r_3378	inositolphosphotransferase (PI (1-18:0, 2-18:1) MIPC-B' (C26))	0	0	0	0	0	0
r_3379	inositolphosphotransferase (PI (1-18:1, 2-18:1) MIPC-B' (C26))	0	0	0	0	0	0
r_3380	inositolphosphotransferase (PI (1-16:0, 2-16:1) MIPC-B (C24))	0	0	0	0	0	0
r_3381	inositolphosphotransferase (PI (1-16:1, 2-16:1) MIPC-B (C24))	0	0	0	0	0	0
r_3382	inositolphosphotransferase (PI (1-18:0, 2-16:1) MIPC-B (C24))	0	0	0	0	0	0
r_3383	inositolphosphotransferase (PI (1-18:1, 2-16:1) MIPC-B (C24))	0	0	0	0	0	0
r_3384	inositolphosphotransferase (PI (1-16:0, 2-18:1) MIPC-B (C24))	0	0	0	0	0	0
r_3385	inositolphosphotransferase (PI (1-16:1, 2-18:1) MIPC-B (C24))	0	0	0	0	0	0
r_3386	inositolphosphotransferase (PI (1-18:0, 2-18:1) MIPC-B (C24))	0	0	0	0	0	0
r_3387	inositolphosphotransferase (PI (1-18:1, 2-18:1) MIPC-B (C24))	0	0	0	0	0	0
r_3388	inositolphosphotransferase (PI (1-16:0, 2-16:1) MIPC-B (C26))	0	0	0	0	0	0
r_3389	inositolphosphotransferase (PI (1-16:1, 2-16:1) MIPC-B (C26))	0	0	0	0	0	0
r_3390	inositolphosphotransferase (PI (1-18:0, 2-16:1) MIPC-B (C26))	0	0	0	0	0	0
r_3391	inositolphosphotransferase (PI (1-18:1, 2-16:1) MIPC-B (C26))	0	0	0	0	0	0
r_3392	inositolphosphotransferase (PI (1-16:0, 2-18:1) MIPC-B (C26))	0	0	0	0	0	0
r_3393	inositolphosphotransferase (PI (1-16:1, 2-18:1) MIPC-B (C26))	0	0	0	0	0	0
r_3394	inositolphosphotransferase (PI (1-18:0, 2-18:1) MIPC-B (C26))	0	0	0	0	0	0
r_3395	inositolphosphotransferase (PI (1-18:1, 2-18:1) MIPC-B (C26))	0	0	0	0	0	0
r_3396	inositolphosphotransferase (PI (1-16:0, 2-16:1) MIPC-C (C24))	0	0	0	0	0	0
r_3397	inositolphosphotransferase (PI (1-16:1, 2-16:1) MIPC-C (C24))	0	0	0	0	0	0
r_3398	inositolphosphotransferase (PI (1-18:0, 2-16:1) MIPC-C (C24))	0	0	0	0	0	0
r_3399	inositolphosphotransferase (PI (1-18:1, 2-16:1) MIPC-C (C24))	0	0	0	0	0	0
r_3400	inositolphosphotransferase (PI (1-16:0, 2-18:1) MIPC-C (C24))	0	0	0	0	0	0
r_3401	inositolphosphotransferase (PI (1-16:1, 2-18:1) MIPC-C (C24))	0	0	0	0	0	0
r_3402	inositolphosphotransferase (PI (1-18:0, 2-18:1) MIPC-C (C24))	0	0	0	0	0	0
r_3403	inositolphosphotransferase (PI (1-18:1, 2-18:1) MIPC-C (C24))	0	0	0	0	0	0
r_3404	inositolphosphotransferase (PI (1-16:0, 2-16:1) MIPC-C (C26))	0	0	0	0	0	0
r_3405	inositolphosphotransferase (PI (1-16:1, 2-16:1) MIPC-C (C26))	0	0	0	0	0	0
r_3406	inositolphosphotransferase (PI (1-18:0, 2-16:1) MIPC-C (C26))	0	0	0	0	0	0
r_3407	inositolphosphotransferase (PI (1-18:1, 2-16:1) MIPC-C (C26))	0	0	0	0	0	0
r_3408	inositolphosphotransferase (PI (1-16:0, 2-18:1) MIPC-C (C26))	0	0	0	0	0	0
r_3409	inositolphosphotransferase (PI (1-16:1, 2-18:1) MIPC-C (C26))	0	0	0	0	0	0
r_3410	inositolphosphotransferase (PI (1-18:0, 2-18:1) MIPC-C (C26))	0	0	0	0	0	0
r_3411	inositolphosphotransferase (PI (1-18:1, 2-18:1) MIPC-C (C26))	0	0	0	0	0	0
r_3412	inositolphosphotransferase (PI (1-16:0, 2-16:1) MIPC-D (C24))	0	0	0	0	0	0
r_3413	inositolphosphotransferase (PI (1-16:1, 2-16:1) MIPC-D (C24))	0	0	0	0	0	0
r_3414	inositolphosphotransferase (PI (1-18:0, 2-16:1) MIPC-D (C24))	0	0	0	0	0	0
r_3415	inositolphosphotransferase (PI (1-18:1, 2-16:1) MIPC-D (C24))	0	0	0	0	0	0
r_3416	inositolphosphotransferase (PI (1-16:0, 2-18:1) MIPC-D (C24))	0	0	0	0	0	0
r_3417	inositolphosphotransferase (PI (1-16:1, 2-18:1) MIPC-D (C24))	0	0	0	0	0	0
r_3418	inositolphosphotransferase (PI (1-18:0, 2-18:1) MIPC-D (C24))	0	0	0	0	0	0
r_3419	inositolphosphotransferase (PI (1-18:1, 2-18:1) MIPC-D (C24))	0	0	0	0	0	0
r_3420	inositolphosphotransferase (PI (1-16:0, 2-16:1) MIPC-D (C26))	0	0	0	0	0	0
r_3421	inositolphosphotransferase (PI (1-16:1, 2-16:1) MIPC-D (C26))	0	0	0	0	0	0
r_3422	inositolphosphotransferase (PI (1-18:0, 2-16:1) MIPC-D (C26))	0	0	0	0	0	0
r_3423	inositolphosphotransferase (PI (1-18:1, 2-16:1) MIPC-D (C26))	0	0	0	0	0	0
r_3424	inositolphosphotransferase (PI (1-16:0, 2-18:1) MIPC-D (C26))	0	0	0	0	0	0
r_3425	inositolphosphotransferase (PI (1-16:1, 2-18:1) MIPC-D (C26))	0	0	0	0	0	0
r_3426	inositolphosphotransferase (PI (1-18:0, 2-18:1) MIPC-D (C26))	0	0	0	0	0	0
r_3427	inositolphosphotransferase (PI (1-18:1, 2-18:1) MIPC-D (C26))	0	0	0	0	0	0
r_3428	IPC synthase (PI (1-16:0, 2-16:1) ceramide-1 (C24))	0	3.12196	0	2.95366	0	0.00152253
r_3429	IPC synthase (PI (1-16:1, 2-16:1) ceramide-1 (C24))	0	3.12196	0	2.95366	0	0.00152253
r_3430	IPC synthase (PI (1-18:0, 2-16:1) ceramide-1 (C24))	0	3.12196	0	2.95366	0	0.00152253
r_3431	IPC synthase (PI (1-18:1, 2-16:1) ceramide-1 (C24))	0	3.12196	0	2.95366	0	0.00152253
r_3432	IPC synthase (PI (1-16:0, 2-18:1) ceramide-1 (C24))	0	3.12196	0	2.95366	0	0.00152253
r_3433	IPC synthase (PI (1-16:1, 2-18:1) ceramide-1 (C24))	0	3.12196	0	2.95366	0	0.00152253
r_3434	IPC synthase (PI (1-18:0, 2-18:1) ceramide-1 (C24))	0	3.12196	0	2.95366	0	0.00152253
r_3435	IPC synthase (PI (1-18:1, 2-18:1) ceramide-1 (C24))	0	3.12196	0	2.95366	0	0.00152253
r_3436	IPC synthase (PI (1-16:0, 2-16:1) ceramide-1 (C26))	0	3.12196	0	1.58486	0	0.00152253
r_3437	IPC synthase (PI (1-16:1, 2-16:1) ceramide-1 (C26))	0	3.12196	0	1.58486	0	0.00152253
r_3438	IPC synthase (PI (1-18:0, 2-16:1) ceramide-1 (C26))	0	3.12196	0	1.58486	0	0.00152253
r_3439	IPC synthase (PI (1-18:1, 2-16:1) ceramide-1 (C26))	0	3.12196	0	1.58486	0	0.00152253
r_3440	IPC synthase (PI (1-16:0, 2-18:1) ceramide-1 (C26))	0	3.12196	0	1.58486	0	0.00152253
r_3441	IPC synthase (PI (1-16:1, 2-18:1) ceramide-1 (C26))	0	3.12196	0	1.58486	0	0.00152253
r_3442	IPC synthase (PI (1-18:0, 2-18:1) ceramide-1 (C26))	0	3.12196	0	1.58486	0	0.00152253
r_3443	IPC synthase (PI (1-18:1, 2-18:1) ceramide-1 (C26))	0	3.12196	0	1.58486	0	0.00152253
r_3444	IPC synthase (PI (1-16:0, 2-16:1) ceramide-2' (C24))	0	3.12196	0	1.52921	0	0.00152253
r_3445	IPC synthase (PI (1-16:1, 2-16:1) ceramide-2' (C24))	0	3.12196	0	1.52921	0	0.00152253
r_3446	IPC synthase (PI (1-18:0, 2-16:1) ceramide-2' (C24))	0	3.12196	0	1.52921	0	0.00152253
r_3447	IPC synthase (PI (1-18:1, 2-16:1) ceramide-2' (C24))	0	3.12196	0	1.52921	0	0.00152253
r_3448	IPC synthase (PI (1-16:0, 2-18:1) ceramide-2' (C24))	0	3.12196	0	1.52921	0	0.00152253
r_3449	IPC synthase (PI (1-16:1, 2-18:1) ceramide-2' (C24))	0	3.12196	0	1.52921	0	0.00152253
r_3450	IPC synthase (PI (1-18:0, 2-18:1) ceramide-2' (C24))	0	3.12196	0	1.52921	0	0.00152253
r_3451	IPC synthase (PI (1-18:1, 2-18:1) ceramide-2' (C24))	0	3.12196	0	1.52921	0	0.00152253
r_3452	IPC synthase (PI (1-16:0, 2-16:1) ceramide-2' (C26))	0	3.12196	0	2.95366	0	0.00152253
r_3453	IPC synthase (PI (1-16:1, 2-16:1) ceramide-2' (C26))	0	3.12196	0	2.95366	0	0.00152253
r_3454	IPC synthase (PI (1-18:0, 2-16:1) ceramide-2' (C26))	0	3.12196	0	2.95366	0	0.00152253
r_3455	IPC synthase (PI (1-18:1, 2-16:1) ceramide-2' (C26))	0	3.12196	0	2.95366	0	0.00152253
r_3456	IPC synthase (PI (1-16:0, 2-18:1) ceramide-2' (C26))	0	3.12196	0	2.95366	0	0.00152253
r_3457	IPC synthase (PI (1-16:1, 2-18:1) ceramide-2' (C26))	0	3.12196	0	2.95366	0	0.00152253
r_3458	IPC synthase (PI (1-18:0, 2-18:1) ceramide-2' (C26))	0	3.12196	0	2.95366	0	0.00152253
r_3459	IPC synthase (PI (1-18:1, 2-18:1) ceramide-2' (C26))	0	3.12196	0	2.95366	0	0.00152253
r_3460	IPC synthase (PI (1-16:0, 2-16:1) ceramide-2 (C24))	0	3.12196	0	1.64776	0	0.00152253
r_3461	IPC synthase (PI (1-16:1, 2-16:1) ceramide-2 (C24))	0	3.12196	0	1.64776	0	0.00152253
r_3462	IPC synthase (PI (1-18:0, 2-16:1) ceramide-2 (C24))	0	3.12196	0	1.64776	0	0.00152253
r_3463	IPC synthase (PI (1-18:1, 2-16:1) ceramide-2 (C24))	0	3.12196	0	1.64776	0	0.00152253
r_3464	IPC synthase (PI (1-16:0, 2-18:1) ceramide-2 (C24))	0	3.12196	0	1.64776	0	0.00152253
r_3465	IPC synthase (PI (1-16:1, 2-18:1) ceramide-2 (C24))	0	3.12196	0	1.64776	0	0.00152253
r_3466	IPC synthase (PI (1-18:0, 2-18:1) ceramide-2 (C24))	0	3.12196	0	1.64776	0	0.00152253
r_3467	IPC synthase (PI (1-18:1, 2-18:1) ceramide-2 (C24))	0	3.12196	0	1.64776	0	0.00152253
r_3468	IPC synthase (PI (1-16:0, 2-16:1) ceramide-2 (C26))	0	3.12196	0	1.64022	0	0.00152253
r_3469	IPC synthase (PI (1-16:1, 2-16:1) ceramide-2 (C26))	0	3.12196	0	1.64022	0	0.00152253
r_3470	IPC synthase (PI (1-18:0, 2-16:1) ceramide-2 (C26))	0	3.12196	0	1.64022	0	0.00152253
r_3471	IPC synthase (PI (1-18:1, 2-16:1) ceramide-2 (C26))	0	3.12196	0	1.64022	0	0.00152253
r_3472	IPC synthase (PI (1-16:0, 2-18:1) ceramide-2 (C26))	0	3.12196	0	1.64022	0	0.00152253
r_3473	IPC synthase (PI (1-16:1, 2-18:1) ceramide-2 (C26))	0	3.12196	0	1.64022	0	0.00152253
r_3474	IPC synthase (PI (1-18:0, 2-18:1) ceramide-2 (C26))	0	3.12196	0	1.64022	0	0.00152253
r_3475	IPC synthase (PI (1-18:1, 2-18:1) ceramide-2 (C26))	0	3.12196	0	1.64022	0	0.00152253
r_3476	IPC synthase (PI (1-16:0, 2-16:1) ceramide-3 (C24))	0	3.12196	0	1.58839	0	0.00152253
r_3477	IPC synthase (PI (1-16:1, 2-16:1) ceramide-3 (C24))	0	3.12196	0	1.58839	0	0.00152253
r_3478	IPC synthase (PI (1-18:0, 2-16:1) ceramide-3 (C24))	0	3.12196	0	1.58839	0	0.00152253
r_3479	IPC synthase (PI (1-18:1, 2-16:1) ceramide-3 (C24))	0	3.12196	0	1.58839	0	0.00152253
r_3480	IPC synthase (PI (1-16:0, 2-18:1) ceramide-3 (C24))	0	3.12196	0	1.58839	0	0.00152253
r_3481	IPC synthase (PI (1-16:1, 2-18:1) ceramide-3 (C24))	0	3.12196	0	1.58839	0	0.00152253
r_3482	IPC synthase (PI (1-18:0, 2-18:1) ceramide-3 (C24))	0	3.12196	0	1.58839	0	0.00152253
r_3483	IPC synthase (PI (1-18:1, 2-18:1) ceramide-3 (C24))	0	3.12196	0	1.58839	0	0.00152253
r_3484	IPC synthase (PI (1-16:0, 2-16:1) ceramide-3 (C26))	0	3.12196	0	1.5832	0	0.00152253
r_3485	IPC synthase (PI (1-16:1, 2-16:1) ceramide-3 (C26))	0	3.12196	0	1.5832	0	0.00152253
r_3486	IPC synthase (PI (1-18:0, 2-16:1) ceramide-3 (C26))	0	3.12196	0	1.5832	0	0.00152253
r_3487	IPC synthase (PI (1-18:1, 2-16:1) ceramide-3 (C26))	0	3.12196	0	1.5832	0	0.00152253
r_3488	IPC synthase (PI (1-16:0, 2-18:1) ceramide-3 (C26))	0	3.12196	0	1.5832	0	0.00152253
r_3489	IPC synthase (PI (1-16:1, 2-18:1) ceramide-3 (C26))	0	3.12196	0	1.5832	0	0.00152253
r_3490	IPC synthase (PI (1-18:0, 2-18:1) ceramide-3 (C26))	0	3.12196	0	1.5832	0	0.00152253
r_3491	IPC synthase (PI (1-18:1, 2-18:1) ceramide-3 (C26))	0	3.12196	0	1.5832	0	0.00152253
r_3492	IPC synthase (PI (1-16:0, 2-16:1) ceramide-4 (C24))	0	3.12196	0	1.62859	0	0.00152253
r_3493	IPC synthase (PI (1-16:1, 2-16:1) ceramide-4 (C24))	0	3.12196	0	1.62859	0	0.00152253
r_3494	IPC synthase (PI (1-18:0, 2-16:1) ceramide-4 (C24))	0	3.12196	0	1.62859	0	0.00152253
r_3495	IPC synthase (PI (1-18:1, 2-16:1) ceramide-4 (C24))	0	3.12196	0	1.62859	0	0.00152253
r_3496	IPC synthase (PI (1-16:0, 2-18:1) ceramide-4 (C24))	0	3.12196	0	1.62859	0	0.00152253
r_3497	IPC synthase (PI (1-16:1, 2-18:1) ceramide-4 (C24))	0	3.12196	0	1.62859	0	0.00152253
r_3498	IPC synthase (PI (1-18:0, 2-18:1) ceramide-4 (C24))	0	3.12196	0	1.62859	0	0.00152253
r_3499	IPC synthase (PI (1-18:1, 2-18:1) ceramide-4 (C24))	0	3.12196	0	1.62859	0	0.00152253
r_3500	IPC synthase (PI (1-16:0, 2-16:1) ceramide-4 (C26))	0	3.12196	0	1.62185	0	0.00152253
r_3501	IPC synthase (PI (1-16:1, 2-16:1) ceramide-4 (C26))	0	3.12196	0	1.62185	0	0.00152253
r_3502	IPC synthase (PI (1-18:0, 2-16:1) ceramide-4 (C26))	0	3.12196	0	1.62185	0	0.00152253
r_3503	IPC synthase (PI (1-18:1, 2-16:1) ceramide-4 (C26))	0	3.12196	0	1.62185	0	0.00152253
r_3504	IPC synthase (PI (1-16:0, 2-18:1) ceramide-4 (C26))	0	3.12196	0	1.62185	0	0.00152253
r_3505	IPC synthase (PI (1-16:1, 2-18:1) ceramide-4 (C26))	0	3.12196	0	1.62185	0	0.00152253
r_3506	IPC synthase (PI (1-18:0, 2-18:1) ceramide-4 (C26))	0	3.12196	0	1.62185	0	0.00152253
r_3507	IPC synthase (PI (1-18:1, 2-18:1) ceramide-4 (C26))	0	3.12196	0	1.62185	0	0.00152253
r_3508	laurate transport, cytoplasm-ER membrane	0	3.12196	0	0.0720187	0	0.000388549
r_3509	myristate transport, cytoplasm-ER membrane	-1.82212	3.12196	-0.0611972	0.0723001	-0.000388549	0.000645373
r_3510	palmitate transport, cytoplasm-ER membrane	-1000	1000	-0.303478	0.167264	-0.0187403	0.000645373
r_3511	palmitoleate transport, cytoplasm-ER membrane	-1000	1000	-0.289885	0.167264	-0.0303276	0.000645373
r_3512	stearate transport, cytoplasm-ER membrane	-1000	1000	-0.279282	0.167264	-0.0138956	0.000645373
r_3513	oleate transport, cytoplasm-ER membrane	-1000	1000	-0.263943	0.167264	-0.0266173	0.000645373
r_3514	malonyl-CoA transport, cytoplasm-ER membrane	0	1.82212	0	0.540837	0	0.00907884
r_3515	lauroyl-CoA transport, cytoplasm-ER membrane	-1000	1000	-0.153917	0.153917	-0.000388549	0.000388549
r_3516	myristoyl-CoA transport, cytoplasm-ER membrane	-1000	1000	-0.155111	0.155111	-0.000645373	0.000645373
r_3517	palmitoyl-CoA transport, cytoplasm-ER membrane	-1000	1000	-0.164083	0.316431	-0.000645373	0.0303276
r_3518	palmitoleoyl-CoA transport, cytoplasm-ER membrane	-1000	1000	-0.29736	0.167264	-0.0303276	0.000645373
r_3519	stearoyl-CoA transport, cytoplasm-ER membrane	-1000	1000	-0.273223	0.292385	-0.00163325	0.0266173
r_3520	oleoyl-CoA transport, cytoplasm-ER membrane	-1000	1000	-0.275952	0.167264	-0.0266173	0.000645373
r_3521	icosanoyl-CoA transport, cytoplasm-ER membrane	-1.1845	0	-0.146198	0	-0.00801838	0
r_3522	docosanoyl-CoA transport, cytoplasm-ER membrane	-0.718276	0	-0.136847	0	-0.00400919	0
r_3523	tetracosanoyl-CoA transport, cytoplasm-ER membrane	-1000	1000	-14.2174	14.2174	-12.6594	12.6594
r_3524	hexacosanoyl-CoA transport, cytoplasm-ER membrane	-1000	1000	-14.166	14.166	-12.6135	12.6135
r_3525	H+ transport, cytoplasm-ER membrane	-16.6505	8.32524	-16.226	7.82745	-13.8403	6.96857
r_3526	H2O transport, cytoplasm-ER membrane	-2.52369	8.32524	-0.71245	8.11301	-0.0633898	6.92016
r_3527	CO2 transport, cytoplasm-ER membrane	-1.82212	0	-0.540837	0	-0.00907884	0
r_3528	coenzyme A transport, cytoplasm-ER membrane	-1000	1000	-14.2174	14.2174	-12.6594	12.6594
r_3529	NADPH transport, cytoplasm-ER membrane	0	3.64423	0	1.08167	0	0.0317354
r_3530	NADP(+) transport, cytoplasm-ER membrane	-3.64423	0	-1.08167	0	-0.0317354	0
r_3531	O2 transport, cytoplasm-ER membrane	0	0.504737	0	0.247689	0	0.0299043
r_3532	NADH transport, cytoplasm-ER membrane	0	0.504737	0	0.282701	0	0.039617
r_3533	NAD transport, cytoplasm-ER membrane	-0.504737	0	-0.282701	0	-0.039617	0
r_3534	glycerol 3-phosphate transport, cytoplasm-ER membrane	0	1.92121	0	0.139932	0	0.0151638
r_3535	dihydroxyacetone phosphate transport, cytoplasm-ER membrane	0	1.78398	0	0.139649	0	0.0151638
r_3536	diphosphate transport, cytoplasm-ER membrane	-1000	1000	-14.2174	14.2174	-12.6594	12.6594
r_3537	phosphate transport, cytoplasm-ER membrane	-8.32524	0	-8.32524	0	-7.9947	0
r_3538	CTP transport, cytoplasm-ER membrane	0	8.32524	0	7.82745	0	6.93847
r_3539	CDP transport, cytoplasm-ER membrane	-8.32524	0	-7.82745	0	-6.93847	0
r_3540	CMP transport, cytoplasm-ER membrane	-3.84242	0	-2.95366	0	-0.0147541	0
r_3541	CDP-ethanolamine transport, cytoplasm-ER membrane	0	0	0	0	0	0
r_3542	CDP-choline transport, cytoplasm-ER membrane	0	3.12196	0	0.559189	0	0.00412868
r_3543	ATP transport, cytoplasm-ER membrane	-1000	1000	-14.2174	14.2174	-12.6594	12.6594
r_3544	AMP transport, cytoplasm-ER membrane	-1000	1000	-14.2174	14.2174	-12.6594	12.6594
r_3545	L-serine transport, cytoplasm-ER membrane	0	0.415554	0	0.385927	0	0.00910286
r_3546	myo-inositol transport, cytoplasm-ER membrane	0	3.12196	0	2.95366	0	0.00152253
r_3547	S-adenosyl-L-methionine transport, cytoplasm-ER membrane	0	1.24666	0	1.15778	0	0.0273086
r_3548	S-adenosyl-L-homocysteine transport, cytoplasm-ER membrane	-1.24666	0	-1.15778	0	-0.0273086	0
r_3549	episterol transport, cytoplasm-ER membrane	0	0	0	0	0	0
r_3550	fecosterol transport, cytoplasm-ER membrane	0	0	0	0	0	0
r_3551	lanosterol transport, cytoplasm-ER membrane	0	0	0	0	0	0
r_3552	ergosterol transport, cytoplasm-ER membrane	-1000	1000	-1000	1000	-1000	1000
r_3553	zymosterol transport, cytoplasm-ER membrane	0	4.91415	0	0.0237893	0	0.0211823
r_3554	diglyceride (1-16:0, 2-16:1) transport, cytoplasm-ER membrane	-4.91415	4.91415	-0.138154	2.19461	-0.0252409	0.0719998
r_3555	diglyceride (1-16:1, 2-16:1) transport, cytoplasm-ER membrane	-4.91415	4.91415	-0.134265	2.1959	-0.0252251	0.0719998
r_3556	diglyceride (1-18:0, 2-16:1) transport, cytoplasm-ER membrane	-4.91415	4.91415	-0.132611	2.1959	-0.0249516	0.0719998
r_3557	diglyceride (1-18:1, 2-16:1) transport, cytoplasm-ER membrane	-4.91415	4.91415	-0.129391	2.1959	-0.0249259	0.0719998
r_3558	diglyceride (1-16:0, 2-18:1) transport, cytoplasm-ER membrane	-4.91415	4.91415	-0.141309	2.1959	-0.024988	0.0719998
r_3559	diglyceride (1-16:1, 2-18:1) transport, cytoplasm-ER membrane	-4.91415	4.91415	-0.13705	2.1959	-0.0249722	0.0719998
r_3560	diglyceride (1-18:0, 2-18:1) transport, cytoplasm-ER membrane	-4.91415	4.91415	-0.134168	0.316431	-0.0246981	0.0303276
r_3561	diglyceride (1-18:1, 2-18:1) transport, cytoplasm-ER membrane	-4.91415	4.91415	-0.128312	0.316431	-0.02467	0.0303276
r_3562	1-phosphatidyl-1D-myo-inositol (1-16:0, 2-16:1) transport, cytoplasm-ER membrane	-0.00075165	8.32524	-0.00075165	7.93535	-0.000749879	7.40784
r_3563	1-phosphatidyl-1D-myo-inositol (1-16:1, 2-16:1) transport, cytoplasm-ER membrane	-0.000753528	8.32524	-0.000753528	7.93535	-0.000751755	7.40784
r_3564	1-phosphatidyl-1D-myo-inositol (1-18:0, 2-16:1) transport, cytoplasm-ER membrane	-0.000701047	8.32524	-0.000701047	7.93535	-0.000699385	7.40784
r_3565	1-phosphatidyl-1D-myo-inositol (1-18:1, 2-16:1) transport, cytoplasm-ER membrane	-0.000728213	8.32524	-0.000728213	7.93535	-0.000726462	7.40784
r_3566	1-phosphatidyl-1D-myo-inositol (1-16:0, 2-18:1) transport, cytoplasm-ER membrane	-0.00072646	8.32524	-0.00072646	7.93535	-0.000724709	7.40784
r_3567	1-phosphatidyl-1D-myo-inositol (1-16:1, 2-18:1) transport, cytoplasm-ER membrane	-0.000728213	8.32524	-0.000728213	7.93535	-0.000726462	7.40784
r_3568	1-phosphatidyl-1D-myo-inositol (1-18:0, 2-18:1) transport, cytoplasm-ER membrane	-0.000701047	8.32524	-0.000701047	7.93535	-0.00069934	7.40784
r_3569	1-phosphatidyl-1D-myo-inositol (1-18:1, 2-18:1) transport, cytoplasm-ER membrane	-0.000704544	8.32524	-0.000704544	7.93535	-0.000702813	7.40784
r_3570	sn-glycero-3-phosphocholine transport, ER membrane-cytoplasm	0	1.38754	0	0.122591	0	0.0132315
r_3571	hexadecanoate (n-C16:0) transport, cytoplasm-lipid particle	-1000	1000	-0.316431	0.155111	-0.0303276	0.000645373
r_3572	hexadecenoate (n-C16:1) transport, cytoplasm-lipid particle	-1000	1000	-0.302946	0.155111	-0.0303276	0.000645373
r_3573	octadecanoate (n-C18:0) transport, cytoplasm-lipid particle	-1000	1000	-0.292385	0.155111	-0.0266173	0.000645373
r_3574	octadecenoate (n-C18:1) transport, cytoplasm-lipid particle	-1000	1000	-0.277038	0.155111	-0.0266173	0.000645373
r_3575	lauroyl-CoA transport, cytoplasm-lipid particle	-1000	1000	-0.153917	0.153917	-0.000388549	0.000358851
r_3576	myristoyl-CoA transport, cytoplasm-lipid particle	-1000	1000	-0.155111	0.155111	-0.000645373	0.000596045
r_3577	palmitoyl-CoA transport, cytoplasm-lipid particle	-1000	1000	-0.167264	0.310609	-0.000645373	0.0303276
r_3578	palmitoleoyl-CoA transport, cytoplasm-lipid particle	-1000	1000	-0.167264	0.29736	-0.000645373	0.0303276
r_3579	stearoyl-CoA transport, cytoplasm-lipid particle	-1000	1000	-0.167264	0.286984	-0.000645373	0.0266173
r_3580	oleoyl-CoA transport, cytoplasm-lipid particle	-1000	1000	-0.167264	0.275952	-0.000645373	0.0266173
r_3581	glycerol 3-phosphate transport, cytoplasm-lipid particle	0	1.92121	0	0.141309	0	0.00609739
r_3582	dihydroxyacetone phosphate transport, cytoplasm-lipid particle	0	1.78398	0	0.14104	0	0.00609739
r_3583	NADPH transport, cytoplasm-lipid particle	0	1.78398	0	0.14104	0	0.00609739
r_3584	NADP(+) transport, cytoplasm-lipid particle	-1.78398	0	-0.14104	0	-0.00609739	0
r_3585	ATP transport, cytoplasm-lipid particle	-1000	1000	-14.2174	14.2174	-12.6594	12.6594
r_3586	AMP transport, cytoplasm-lipid particle	-1000	1000	-14.2174	14.2174	-12.6594	12.6594
r_3587	diphosphate transport, cytoplasm-lipid particle	-1000	1000	-14.2174	14.2174	-12.6594	12.6594
r_3588	diglyceride (1-16:0, 2-16:1) transport, cytoplasm-lipid particle	-4.91415	4.91415	-0.316431	0.138154	-0.0303276	0.0252409
r_3589	diglyceride (1-16:1, 2-16:1) transport, cytoplasm-lipid particle	-4.91415	4.91415	-0.316431	0.134265	-0.0303276	0.0252251
r_3590	diglyceride (1-18:0, 2-16:1) transport, cytoplasm-lipid particle	-4.91415	4.91415	-0.316431	0.132611	-0.0303276	0.0249516
r_3591	diglyceride (1-18:1, 2-16:1) transport, cytoplasm-lipid particle	-4.91415	4.91415	-0.316431	0.129391	-0.0303276	0.0249259
r_3592	diglyceride (1-16:0, 2-18:1) transport, cytoplasm-lipid particle	-4.91415	4.91415	-0.316431	0.141309	-0.0303276	0.024988
r_3593	diglyceride (1-16:1, 2-18:1) transport, cytoplasm-lipid particle	-4.91415	4.91415	-0.316431	0.13705	-0.0303276	0.0249722
r_3594	diglyceride (1-18:0, 2-18:1) transport, cytoplasm-lipid particle	-4.91415	4.91415	-0.316431	0.134168	-0.0303276	0.0246981
r_3595	diglyceride (1-18:1, 2-18:1) transport, cytoplasm-lipid particle	-4.91415	4.91415	-0.316431	0.128312	-0.0303276	0.02467
r_3596	H2O transport, cytoplasm-lipid particle	0	4.91415	0	0.316431	0	0.0303276
r_3597	glycerol transport, lipid particle-cytoplasm	0	1.92121	0	0.141909	0	0.0151638
r_3598	docosanoyl-CoA transport, lipid particle-cytoplasm	0	0	0	0	0	0
r_3599	tetracosanoyl-CoA transport, lipid particle-cytoplasm	-1000	1000	-14.2174	14.2174	-12.6594	12.6594
r_3600	hexacosanoyl-CoA transport, lipid particle-cytoplasm	-1000	1000	-14.166	14.166	-12.6135	12.6135
r_3601	ATP transport, cytoplasm-cell envelope	0	8.32524	0	8.11301	0	7.4863
r_3602	ADP transport, cytoplasm-cell envelope	-8.32524	0	-8.11301	0	-7.4863	0
r_3603	H+ transport, cytoplasm-cell envelope	-16.6505	8.32524	-12.4735	8.11301	-7.04832	7.4863
r_3604	H2O transport, cytoplasm-cell envelope	0	8.32524	0	7.81914	0	7.04716
r_3605	phosphate transport, cytoplasm-cell envelope	-8.32524	0	-7.81914	0	-7.04716	0
r_3606	sn-glycero-3-phosphocholine transport, cell envelope-cytoplasm	0	1.38754	0	0.122504	0	0.0132315
r_3607	1-(sn-glycero-3-phospho)-1D-myo-inositol transport, cell envelope-cytoplasm	0	0.55085	0	0.131438	0	0.00152253
r_3608	palmitate transport, cell envelope-cytoplasm	0	1.38754	0	0.131438	0	0.0147541
r_3609	palmitoleate transport, cell envelope-cytoplasm	0	4.91415	0	0.247953	0	0.0303276
r_3610	stearate transport, cell envelope-cytoplasm	0	1.38754	0	0.125266	0	0.00609739
r_3611	oleate transport, cell envelope-cytoplasm	0	4.91415	0	0.239892	0	0.0266173
r_3612	icosanoyl-CoA transport, cell envelope-cytoplasm	0	0	0	0	0	0
r_3613	docosanoyl-CoA transport, cell envelope-cytoplasm	0	0	0	0	0	0
r_3614	tetracosanoyl-CoA transport, cell envelope-cytoplasm	-1000	1000	-0.152106	0.152112	-0.135437	0.135443
r_3615	hexacosanoyl-CoA transport, cell envelope-cytoplasm	-1000	1000	-0.152112	0.152106	-0.135443	0.135437
r_3616	1-phosphatidyl-1D-myo-inositol 4,5-bisphosphate (1-16:0, 2-16:1) transport, cell envelope-cytoplasm	-4.16262	8.32524	-3.63588	6.51313	-0.000718124	5.95062
r_3617	1-phosphatidyl-1D-myo-inositol 4,5-bisphosphate (1-16:1, 2-16:1) transport, cell envelope-cytoplasm	-4.16262	8.32524	-3.63588	6.51313	-0.000718124	5.95062
r_3618	1-phosphatidyl-1D-myo-inositol 4,5-bisphosphate (1-18:0, 2-16:1) transport, cell envelope-cytoplasm	-4.16262	8.32524	-3.63588	6.51313	-0.000718124	5.95062
r_3619	1-phosphatidyl-1D-myo-inositol 4,5-bisphosphate (1-18:1, 2-16:1) transport, cell envelope-cytoplasm	-4.16262	8.32524	-3.63588	6.51313	-0.000718124	5.95062
r_3620	1-phosphatidyl-1D-myo-inositol 4,5-bisphosphate (1-16:0, 2-18:1) transport, cell envelope-cytoplasm	-4.16262	8.32524	-3.63588	6.51313	-0.000718124	5.95062
r_3621	1-phosphatidyl-1D-myo-inositol 4,5-bisphosphate (1-16:1, 2-18:1) transport, cell envelope-cytoplasm	-4.16262	8.32524	-3.63588	6.51313	-0.000718124	5.95062
r_3622	1-phosphatidyl-1D-myo-inositol 4,5-bisphosphate (1-18:0, 2-18:1) transport, cell envelope-cytoplasm	-4.16262	8.32524	-3.63588	6.51313	-0.000718124	5.95062
r_3623	1-phosphatidyl-1D-myo-inositol 4,5-bisphosphate (1-18:1, 2-18:1) transport, cell envelope-cytoplasm	-4.16262	8.32524	-3.63588	6.51313	-0.000718124	5.95062
r_3624	1-phosphatidyl-1D-myo-inositol 4-phosphate (1-16:0, 2-16:1) transport, cell envelope-cytoplasm	-8.32524	8.32524	-6.51313	7.93535	-5.95062	7.40784
r_3625	1-phosphatidyl-1D-myo-inositol 4-phosphate (1-16:1, 2-16:1) transport, cell envelope-cytoplasm	-8.32524	8.32524	-6.51313	7.93535	-5.95062	7.40784
r_3626	1-phosphatidyl-1D-myo-inositol 4-phosphate (1-18:0, 2-16:1) transport, cell envelope-cytoplasm	-8.32524	8.32524	-6.51313	7.93535	-5.95062	7.40784
r_3627	1-phosphatidyl-1D-myo-inositol 4-phosphate (1-18:1, 2-16:1) transport, cell envelope-cytoplasm	-8.32524	8.32524	-6.51313	7.93535	-5.95062	7.40784
r_3628	1-phosphatidyl-1D-myo-inositol 4-phosphate (1-16:0, 2-18:1) transport, cell envelope-cytoplasm	-8.32524	8.32524	-6.51313	7.93535	-5.95062	7.40784
r_3629	1-phosphatidyl-1D-myo-inositol 4-phosphate (1-16:1, 2-18:1) transport, cell envelope-cytoplasm	-8.32524	8.32524	-6.51313	7.93535	-5.95062	7.40784
r_3630	1-phosphatidyl-1D-myo-inositol 4-phosphate (1-18:0, 2-18:1) transport, cell envelope-cytoplasm	-8.32524	8.32524	-6.51313	7.93535	-5.95062	7.40784
r_3631	1-phosphatidyl-1D-myo-inositol 4-phosphate (1-18:1, 2-18:1) transport, cell envelope-cytoplasm	-8.32524	8.32524	-6.51313	7.93535	-5.95062	7.40784
r_3632	1-phosphatidyl-1D-myo-inositol 4,5-bisphosphate (1-16:0, 2-16:1) transport, nucleus-cytoplasm	0	4.16262	0	3.63588	0	0.000718124
r_3633	1-phosphatidyl-1D-myo-inositol 4,5-bisphosphate (1-16:1, 2-16:1) transport, nucleus-cytoplasm	0	4.16262	0	3.63588	0	0.000718124
r_3634	1-phosphatidyl-1D-myo-inositol 4,5-bisphosphate (1-18:0, 2-16:1) transport, nucleus-cytoplasm	0	4.16262	0	3.63588	0	0.000718124
r_3635	1-phosphatidyl-1D-myo-inositol 4,5-bisphosphate (1-18:1, 2-16:1) transport, nucleus-cytoplasm	0	4.16262	0	3.63588	0	0.000718124
r_3636	1-phosphatidyl-1D-myo-inositol 4,5-bisphosphate (1-16:0, 2-18:1) transport, nucleus-cytoplasm	0	4.16262	0	3.63588	0	0.000718124
r_3637	1-phosphatidyl-1D-myo-inositol 4,5-bisphosphate (1-16:1, 2-18:1) transport, nucleus-cytoplasm	0	4.16262	0	3.63588	0	0.000718124
r_3638	1-phosphatidyl-1D-myo-inositol 4,5-bisphosphate (1-18:0, 2-18:1) transport, nucleus-cytoplasm	0	4.16262	0	3.63588	0	0.000718124
r_3639	1-phosphatidyl-1D-myo-inositol 4,5-bisphosphate (1-18:1, 2-18:1) transport, nucleus-cytoplasm	0	4.16262	0	3.63588	0	0.000718124
r_3640	diglyceride (1-16:0, 2-16:1) transport, nucleus-cytoplasm	0	0	0	0	0	0
r_3641	diglyceride (1-16:1, 2-16:1) transport, nucleus-cytoplasm	0	0	0	0	0	0
r_3642	diglyceride (1-18:0, 2-16:1) transport, nucleus-cytoplasm	0	0	0	0	0	0
r_3643	diglyceride (1-18:1, 2-16:1) transport, nucleus-cytoplasm	0	0	0	0	0	0
r_3644	diglyceride (1-16:0, 2-18:1) transport, nucleus-cytoplasm	0	0	0	0	0	0
r_3645	diglyceride (1-16:1, 2-18:1) transport, nucleus-cytoplasm	0	0	0	0	0	0
r_3646	diglyceride (1-18:0, 2-18:1) transport, nucleus-cytoplasm	0	0	0	0	0	0
r_3647	diglyceride (1-18:1, 2-18:1) transport, nucleus-cytoplasm	0	0	0	0	0	0
r_3648	H2O transport, cytoplasm-vacuolar membrane	0	8.32524	0	8.32524	0	8.10772
r_3649	phosphate transport, cytoplasm-vacuolar membrane	-8.32524	0	-8.32524	0	-8.10772	0
r_3650	H+ transport, cytoplasm-vacuolar membrane	-8.32524	8.32524	-8.32524	0.000535706	-8.10772	0.000476999
r_3651	ATP transport, cytoplasm-vacuolar membrane	0	8.32524	0	8.32524	0	8.10772
r_3652	ADP transport, cytoplasm-vacuolar membrane	-8.32524	0	-8.32524	0	-8.10772	0
r_3653	carbon dioxide transport, cytoplasm-vacuolar membrane	-0.415554	0	-0.385864	0	-0.00910286	0
r_3654	1-phosphatidyl-1D-myo-inositol 3,5-bisphosphate (1-16:0, 2-16:1) transport, vacuolar membrane-cytoplasm	0	4.16262	0	0.000267853	0	0.000238499
r_3655	1-phosphatidyl-1D-myo-inositol 3,5-bisphosphate (1-16:1, 2-16:1) transport, vacuolar membrane-cytoplasm	0	4.16262	0	0.000267853	0	0.000238499
r_3656	1-phosphatidyl-1D-myo-inositol 3,5-bisphosphate (1-18:0, 2-16:1) transport, vacuolar membrane-cytoplasm	0	4.16262	0	0.000267853	0	0.000238499
r_3657	1-phosphatidyl-1D-myo-inositol 3,5-bisphosphate (1-18:1, 2-16:1) transport, vacuolar membrane-cytoplasm	0	4.16262	0	0.000267853	0	0.000238499
r_3658	1-phosphatidyl-1D-myo-inositol 3,5-bisphosphate (1-16:0, 2-18:1) transport, vacuolar membrane-cytoplasm	0	4.16262	0	0.000267853	0	0.000238499
r_3659	1-phosphatidyl-1D-myo-inositol 3,5-bisphosphate (1-16:1, 2-18:1) transport, vacuolar membrane-cytoplasm	0	4.16262	0	0.000267853	0	0.000238499
r_3660	1-phosphatidyl-1D-myo-inositol 3,5-bisphosphate (1-18:0, 2-18:1) transport, vacuolar membrane-cytoplasm	0	4.16262	0	0.000267853	0	0.000238499
r_3661	1-phosphatidyl-1D-myo-inositol 3,5-bisphosphate (1-18:1, 2-18:1) transport, vacuolar membrane-cytoplasm	0	4.16262	0	0.000267853	0	0.000238499
r_3662	H2O transport, cytoplasm-Golgi membrane	0	8.32524	0	8.32524	0	8.14737
r_3663	phosphate transport, cytoplasm-Golgi membrane	-8.32524	0	-8.32524	0	-8.14737	0
r_3664	H+ transport, cytoplasm-Golgi membrane	-16.6505	0	-15.6549	0	-14.087	0
r_3665	carbon dioxide transport, cytoplasm-Golgi membrane	-0.415554	0	-0.385161	0	-0.00910286	0
r_3666	ATP transport, cytoplasm-Golgi membrane	0	8.32524	0	8.32524	0	8.14737
r_3667	ADP transport, cytoplasm-Golgi membrane	-8.32524	0	-8.32524	0	-8.14737	0
r_3668	H2O transport, cytoplasm-mitochondrial membrane	0	4.46741	0	4.39181	0	0.0833443
r_3669	carbon dioxide transport, cytoplasm-mitochondrial membrane	-0.415554	0	-0.385927	0	-0.00910286	0
r_3670	palmitoleoyl-CoA transport, cytoplasm-mitochondrial membrane	0	0	0	0	0	0
r_3671	oleoyl-CoA transport, cytoplasm-mitochondrial membrane	0	0	0	0	0	0
r_3672	diglyceride (1-16:0, 2-16:1) transport, mitochondrial membrane-cytoplasm	0	2.23371	0	2.19461	0	0.0416722
r_3673	diglyceride (1-16:1, 2-16:1) transport, mitochondrial membrane-cytoplasm	0	2.23371	0	2.1959	0	0.0416722
r_3674	diglyceride (1-18:0, 2-16:1) transport, mitochondrial membrane-cytoplasm	0	2.23371	0	2.1959	0	0.0416722
r_3675	diglyceride (1-18:1, 2-16:1) transport, mitochondrial membrane-cytoplasm	0	2.23371	0	2.1959	0	0.0416722
r_3676	diglyceride (1-16:0, 2-18:1) transport, mitochondrial membrane-cytoplasm	0	2.23371	0	2.1959	0	0.0416722
r_3677	diglyceride (1-16:1, 2-18:1) transport, mitochondrial membrane-cytoplasm	0	2.23371	0	2.1959	0	0.0416722
r_3678	palmitate transport, mitochondrial membrane-cytoplasm	0	0	0	0	0	0
r_3679	stearate transport, mitochondrial membrane-cytoplasm	0	0	0	0	0	0
r_3680	coenzyme A transport, mitochondrial membrane-cytoplasm	0	0	0	0	0	0
r_3681	laurate transport, ER membrane-lipid particle	-1000	1000	-0.153917	0.153917	-0.000358851	0.000388549
r_3682	myristate transport, ER membrane-lipid particle	-1000	1000	-0.155111	0.155111	-0.000596045	0.000645373
r_3683	lignoceric acid transport, ER membrane-lipid particle	-1000	1000	-14.2174	14.2174	-12.6594	12.6594
r_3684	cerotic acid transport, ER membrane-lipid particle	-1000	1000	-14.166	14.166	-12.6135	12.6135
r_3685	TAG (1-16:0, 2-16:1, 3-16:0) transport, ER membrane-lipid particle	-0.000749299	4.91415	-0.000749299	0.316431	-0.000747529	0.0303276
r_3686	TAG (1-16:0, 2-16:1, 3-16:1) transport, ER membrane-lipid particle	-4.91415	4.91415	-0.0233396	0.302946	-0.0207818	0.0303276
r_3687	TAG (1-16:0, 2-16:1, 3-18:0) transport, ER membrane-lipid particle	-0.000701047	4.91415	-0.000701047	0.292385	-0.000699359	0.0266173
r_3688	TAG (1-16:0, 2-16:1, 3-18:1) transport, ER membrane-lipid particle	-4.91415	4.91415	-0.0231727	0.277038	-0.0206333	0.0266173
r_3689	TAG (1-16:1, 2-16:1, 3-16:0) transport, ER membrane-lipid particle	-0.000751179	4.91415	-0.000751127	0.316431	-0.000749408	0.0303276
r_3690	TAG (1-16:1, 2-16:1, 3-16:1) transport, ER membrane-lipid particle	-4.91415	4.91415	-0.0233396	0.302946	-0.0207818	0.0303276
r_3691	TAG (1-16:1, 2-16:1, 3-18:0) transport, ER membrane-lipid particle	-0.000701047	4.91415	-0.000701047	0.292385	-0.000699363	0.0266173
r_3692	TAG (1-16:1, 2-16:1, 3-18:1) transport, ER membrane-lipid particle	-4.91415	4.91415	-0.0231727	0.277038	-0.0206333	0.0266173
r_3693	TAG (1-18:0, 2-16:1, 3-16:0) transport, ER membrane-lipid particle	-0.000701047	4.91415	-0.000701047	0.316431	-0.000699359	0.0303276
r_3694	TAG (1-18:0, 2-16:1, 3-16:1) transport, ER membrane-lipid particle	-4.91415	4.91415	-0.0233396	0.302946	-0.0207818	0.0303276
r_3695	TAG (1-18:0, 2-16:1, 3-18:0) transport, ER membrane-lipid particle	-0.000350524	4.91415	-0.000350524	0.292385	-0.000349681	0.0266173
r_3696	TAG (1-18:0, 2-16:1, 3-18:1) transport, ER membrane-lipid particle	-4.91415	4.91415	-0.0231727	0.277038	-0.0206333	0.0266173
r_3697	TAG (1-18:1, 2-16:1, 3-16:0) transport, ER membrane-lipid particle	-0.000725831	4.91415	-0.000725831	0.316431	-0.000724079	0.0303276
r_3698	TAG (1-18:1, 2-16:1, 3-16:1) transport, ER membrane-lipid particle	-4.91415	4.91415	-0.0233396	0.302946	-0.0207818	0.0303276
r_3699	TAG (1-18:1, 2-16:1, 3-18:0) transport, ER membrane-lipid particle	-0.000701047	4.91415	-0.000701047	0.292385	-0.000699303	0.0266173
r_3700	TAG (1-18:1, 2-16:1, 3-18:1) transport, ER membrane-lipid particle	-4.91415	4.91415	-0.0231727	0.277038	-0.0206333	0.0266173
r_3701	TAG (1-16:0, 2-18:1, 3-16:0) transport, ER membrane-lipid particle	-0.000724075	4.91415	-0.000724075	0.316431	-0.000722324	0.0303276
r_3702	TAG (1-16:0, 2-18:1, 3-16:1) transport, ER membrane-lipid particle	-4.91415	4.91415	-0.0233396	0.302946	-0.0207818	0.0303276
r_3703	TAG (1-16:0, 2-18:1, 3-18:0) transport, ER membrane-lipid particle	-0.000700494	4.91415	-0.000700494	0.292385	-0.00069875	0.0266173
r_3704	TAG (1-16:0, 2-18:1, 3-18:1) transport, ER membrane-lipid particle	-4.91415	4.91415	-0.0231727	0.277038	-0.0206333	0.0266173
r_3705	TAG (1-16:1, 2-18:1, 3-16:0) transport, ER membrane-lipid particle	-0.000725831	4.91415	-0.000725831	0.316431	-0.000724079	0.0303276
r_3706	TAG (1-16:1, 2-18:1, 3-16:1) transport, ER membrane-lipid particle	-4.91415	4.91415	-0.0233396	0.302946	-0.0207818	0.0303276
r_3707	TAG (1-16:1, 2-18:1, 3-18:0) transport, ER membrane-lipid particle	-0.000701047	4.91415	-0.000701047	0.292385	-0.000699303	0.0266173
r_3708	TAG (1-16:1, 2-18:1, 3-18:1) transport, ER membrane-lipid particle	-4.91415	4.91415	-0.0231727	0.277038	-0.0206333	0.0266173
r_3709	TAG (1-18:0, 2-18:1, 3-16:0) transport, ER membrane-lipid particle	-0.000700494	4.91415	-0.000700494	0.316431	-0.00069875	0.0303276
r_3710	TAG (1-18:0, 2-18:1, 3-16:1) transport, ER membrane-lipid particle	-4.91415	4.91415	-0.0233396	0.302946	-0.0207818	0.0303276
r_3711	TAG (1-18:0, 2-18:1, 3-18:0) transport, ER membrane-lipid particle	-0.000350524	4.91415	-0.000350524	0.292385	-0.000349667	0.0266173
r_3712	TAG (1-18:0, 2-18:1, 3-18:1) transport, ER membrane-lipid particle	-4.91415	4.91415	-0.0231727	0.277038	-0.0206333	0.0266173
r_3713	TAG (1-18:1, 2-18:1, 3-16:0) transport, ER membrane-lipid particle	-0.000702137	4.91415	-0.000702137	0.316431	-0.000700393	0.0303276
r_3714	TAG (1-18:1, 2-18:1, 3-16:1) transport, ER membrane-lipid particle	-4.91415	4.91415	-0.0233396	0.302946	-0.0207818	0.0303276
r_3715	TAG (1-18:1, 2-18:1, 3-18:0) transport, ER membrane-lipid particle	-0.000540865	4.91415	-0.000540782	0.292385	-0.000533036	0.0266173
r_3716	TAG (1-18:1, 2-18:1, 3-18:1) transport, ER membrane-lipid particle	-4.91415	4.91415	-0.0231727	0.277038	-0.0206333	0.0266173
r_3717	episterol transport, ER membrane-lipid particle	-4.91415	0	-0.0226125	0	-0.0201345	0
r_3718	fecosterol transport, ER membrane-lipid particle	-4.91415	0	-0.0226125	0	-0.0201345	0
r_3719	lanosterol transport, ER membrane-lipid particle	-4.91415	0	-0.0226125	0	-0.0201345	0
r_3720	zymosterol transport, ER membrane-lipid particle	-4.91415	0	-0.0226125	0	-0.0201345	0
r_3721	ergosteryl palmitoleate transport, ER membrane-lipid particle	0	4.91415	0	0.0238266	0	0.0201352
r_3722	ergosteryl oleate transport, ER membrane-lipid particle	0	4.91415	0	0.0236527	0	0.0199957
r_3723	episteryl palmitoleate transport, ER membrane-lipid particle	0	4.91415	0	0.0226125	0	0.0201345
r_3724	episteryl oleate transport, ER membrane-lipid particle	0	4.91415	0	0.0224559	0	0.019995
r_3725	fecosteryl palmitoleate transport, ER membrane-lipid particle	0	4.91415	0	0.0226125	0	0.0201345
r_3726	fecosteryl oleate transport, ER membrane-lipid particle	0	4.91415	0	0.0224559	0	0.019995
r_3727	lanosteryl palmitoleate transport, ER membrane-lipid particle	0	4.91415	0	0.0226125	0	0.0201345
r_3728	lanosteryl oleate transport, ER membrane-lipid particle	0	4.91415	0	0.0224559	0	0.019995
r_3729	zymosteryl palmitoleate transport, ER membrane-lipid particle	0	4.91415	0	0.0226125	0	0.0201345
r_3730	zymosteryl oleate transport, ER membrane-lipid particle	0	4.91415	0	0.0224559	0	0.019995
r_3731	phosphatidylcholine (1-16:0, 2-16:1) transport, ER membrane-lipid particle	0	4.91415	0	0.120698	0	0.0240808
r_3732	phosphatidylcholine (1-16:1, 2-16:1) transport, ER membrane-lipid particle	0	4.91415	0	0.117699	0	0.0240808
r_3733	phosphatidylcholine (1-18:0, 2-16:1) transport, ER membrane-lipid particle	0	4.91415	0	0.115991	0	0.0240808
r_3734	phosphatidylcholine (1-18:1, 2-16:1) transport, ER membrane-lipid particle	0	4.91415	0	0.112836	0	0.0240808
r_3735	phosphatidylcholine (1-16:0, 2-18:1) transport, ER membrane-lipid particle	0	4.91415	0	0.121793	0	0.0235872
r_3736	phosphatidylcholine (1-16:1, 2-18:1) transport, ER membrane-lipid particle	0	4.91415	0	0.118616	0	0.0235769
r_3737	phosphatidylcholine (1-18:0, 2-18:1) transport, ER membrane-lipid particle	0	4.91415	0	0.116451	0	0.0233803
r_3738	phosphatidylcholine (1-18:1, 2-18:1) transport, ER membrane-lipid particle	0	4.91415	0	0.112014	0	0.0233616
r_3739	phosphatidylethanolamine (1-16:0, 2-16:1) transport, ER membrane-lipid particle	0	4.91415	0	0.0773028	0	0.0233517
r_3740	phosphatidylethanolamine (1-16:1, 2-16:1) transport, ER membrane-lipid particle	0	4.91415	0	0.0760114	0	0.0233374
r_3741	phosphatidylethanolamine (1-18:0, 2-16:1) transport, ER membrane-lipid particle	0	4.91415	0	0.0751192	0	0.0232492
r_3742	phosphatidylethanolamine (1-18:1, 2-16:1) transport, ER membrane-lipid particle	0	4.91415	0	0.0732485	0	0.0232492
r_3743	phosphatidylethanolamine (1-16:0, 2-18:1) transport, ER membrane-lipid particle	-4.91415	4.91415	-0.0773028	0.0232236	-0.0224756	0.0206785
r_3744	phosphatidylethanolamine (1-16:1, 2-18:1) transport, ER membrane-lipid particle	-4.91415	4.91415	-0.0760114	0.0232236	-0.022466	0.0206785
r_3745	phosphatidylethanolamine (1-18:0, 2-18:1) transport, ER membrane-lipid particle	-4.91415	4.91415	-0.0751192	0.0232236	-0.0224066	0.0206785
r_3746	phosphatidylethanolamine (1-18:1, 2-18:1) transport, ER membrane-lipid particle	-4.91415	4.91415	-0.0732485	0.0232236	-0.0224066	0.0206785
r_3747	1-acylglycerophosphocholine (16:0) transport, ER membrane-lipid particle	-4.91415	0	-0.12244	0	-0.0240808	0
r_3748	1-acylglycerophosphocholine (16:1) transport, ER membrane-lipid particle	-4.91415	0	-0.119249	0	-0.0240808	0
r_3749	1-acylglycerophosphocholine (18:0) transport, ER membrane-lipid particle	-4.91415	0	-0.116996	0	-0.0240808	0
r_3750	1-acylglycerophosphocholine (18:1) transport, ER membrane-lipid particle	-4.91415	0	-0.112836	0	-0.0240808	0
r_3751	1-acylglycerophosphoethanolamine (16:0) transport, ER membrane-lipid particle	-4.91415	4.91415	-0.0233911	0.0232222	-0.0208277	0.0206773
r_3752	1-acylglycerophosphoethanolamine (16:1) transport, ER membrane-lipid particle	-4.91415	4.91415	-0.0233911	0.0232222	-0.0208277	0.0206773
r_3753	1-acylglycerophosphoethanolamine (18:0) transport, ER membrane-lipid particle	-4.91415	4.91415	-0.0233911	0.0232222	-0.0208277	0.0206773
r_3754	1-acylglycerophosphoethanolamine (18:1) transport, ER membrane-lipid particle	-4.91415	4.91415	-0.0233911	0.0232222	-0.0208277	0.0206773
r_3755	phosphatidate (1-16:0, 2-18:1) transport, lipid particle-ER membrane	0	1.92121	0	0.141309	0	0.00609739
r_3756	phosphatidate (1-16:1, 2-18:1) transport, lipid particle-ER membrane	0	1.92121	0	0.13705	0	0.00609739
r_3757	phosphatidate (1-18:0, 2-18:1) transport, lipid particle-ER membrane	0	1.92121	0	0.134168	0	0.00609739
r_3758	phosphatidate (1-18:1, 2-18:1) transport, lipid particle-ER membrane	0	1.92121	0	0.128312	0	0.005585
r_3759	phosphatidate (1-16:0, 2-16:1) transport, ER membrane-mitochondrial membrane	0	2.23371	0	2.19461	0	0.0416722
r_3760	phosphatidate (1-16:1, 2-16:1) transport, ER membrane-mitochondrial membrane	0	2.23371	0	2.1959	0	0.0416722
r_3761	phosphatidate (1-18:0, 2-16:1) transport, ER membrane-mitochondrial membrane	0	2.23371	0	2.1959	0	0.0416722
r_3762	phosphatidate (1-18:1, 2-16:1) transport, ER membrane-mitochondrial membrane	0	2.23371	0	2.1959	0	0.0416722
r_3763	phosphatidate (1-16:0, 2-18:1) transport, ER membrane-mitochondrial membrane	0	2.23371	0	2.1959	0	0.0416722
r_3764	phosphatidate (1-16:1, 2-18:1) transport, ER membrane-mitochondrial membrane	0	2.23371	0	2.1959	0	0.0416722
r_3765	phosphatidyl-L-serine (1-16:0, 2-16:1) transport, ER membrane-mitochondrial membrane	0	0.415554	0	0.385927	0	0.00910286
r_3766	phosphatidyl-L-serine (1-16:1, 2-16:1) transport, ER membrane-mitochondrial membrane	0	0.415554	0	0.385927	0	0.00910286
r_3767	phosphatidyl-L-serine (1-18:0, 2-16:1) transport, ER membrane-mitochondrial membrane	0	0.415554	0	0.385927	0	0.00910286
r_3768	phosphatidyl-L-serine (1-18:1, 2-16:1) transport, ER membrane-mitochondrial membrane	0	0.415554	0	0.385927	0	0.00910286
r_3769	phosphatidyl-L-serine (1-16:0, 2-18:1) transport, ER membrane-mitochondrial membrane	0	0.415554	0	0.385927	0	0.00910286
r_3770	phosphatidyl-L-serine (1-16:1, 2-18:1) transport, ER membrane-mitochondrial membrane	0	0.415554	0	0.385927	0	0.00910286
r_3771	phosphatidyl-L-serine (1-18:0, 2-18:1) transport, ER membrane-mitochondrial membrane	0	0.415554	0	0.385927	0	0.00910286
r_3772	phosphatidyl-L-serine (1-18:1, 2-18:1) transport, ER membrane-mitochondrial membrane	0	0.415554	0	0.385927	0	0.00910286
r_3773	phosphatidylethanolamine (1-16:0, 2-16:1) transport, mitochondrial membrane-ER membrane	0	0.415554	0	0.385927	0	0.00910286
r_3774	phosphatidylethanolamine (1-16:1, 2-16:1) transport, mitochondrial membrane-ER membrane	0	0.415554	0	0.385927	0	0.00910286
r_3775	phosphatidylethanolamine (1-18:0, 2-16:1) transport, mitochondrial membrane-ER membrane	0	0.415554	0	0.385927	0	0.00910286
r_3776	phosphatidylethanolamine (1-18:1, 2-16:1) transport, mitochondrial membrane-ER membrane	0	0.415554	0	0.385927	0	0.00910286
r_3777	phosphatidylethanolamine (1-16:0, 2-18:1) transport, mitochondrial membrane-ER membrane	0	0.415554	0	0.385927	0	0.00910286
r_3778	phosphatidylethanolamine (1-16:1, 2-18:1) transport, mitochondrial membrane-ER membrane	0	0.415554	0	0.385927	0	0.00910286
r_3779	phosphatidylethanolamine (1-18:0, 2-18:1) transport, mitochondrial membrane-ER membrane	0	0.415554	0	0.385927	0	0.00910286
r_3780	phosphatidylethanolamine (1-18:1, 2-18:1) transport, mitochondrial membrane-ER membrane	0	0.415554	0	0.385927	0	0.00910286
r_3781	phosphatidylcholine (1-16:0, 2-16:1) transport, ER membrane-mitochondrial membrane	-1000	1000	-0.0696353	0.0707176	-0.0143784	0.0143808
r_3782	phosphatidylcholine (1-16:1, 2-16:1) transport, ER membrane-mitochondrial membrane	-1000	1000	-0.0707176	0.0696353	-0.0143808	0.0143784
r_3783	phosphatidylcholine (1-18:0, 2-16:1) transport, ER membrane-mitochondrial membrane	-1000	1000	-0.0707176	0.0688858	-0.0143774	0.0143672
r_3784	phosphatidylcholine (1-18:1, 2-16:1) transport, ER membrane-mitochondrial membrane	-1000	1000	-0.0707176	0.0673093	-0.0143774	0.0143672
r_3785	phosphatidylcholine (1-16:0, 2-18:1) transport, ER membrane-mitochondrial membrane	-1000	1000	-0.0707176	0.0696353	-0.0143808	0.0143784
r_3786	phosphatidylcholine (1-16:1, 2-18:1) transport, ER membrane-mitochondrial membrane	-1000	1000	-0.0696353	0.0707176	-0.0143784	0.0143808
r_3787	phosphatidylcholine (1-18:0, 2-18:1) transport, ER membrane-mitochondrial membrane	-1000	1000	-0.0688858	0.0707176	-0.0143672	0.0143774
r_3788	phosphatidylcholine (1-18:1, 2-18:1) transport, ER membrane-mitochondrial membrane	-1000	1000	-0.0673093	0.0707176	-0.0143672	0.0143774
r_3789	diglyceride (1-16:0, 2-16:1) transport, ER membrane-Golgi membrane	-8.32524	0	-7.82745	0	-6.94111	0
r_3790	diglyceride (1-16:1, 2-16:1) transport, ER membrane-Golgi membrane	-8.32524	0	-7.82745	0	-6.94103	0
r_3791	diglyceride (1-18:0, 2-16:1) transport, ER membrane-Golgi membrane	-8.32524	0	-7.82745	0	-6.94098	0
r_3792	diglyceride (1-18:1, 2-16:1) transport, ER membrane-Golgi membrane	-8.32524	0	-7.82745	0	-6.94086	0
r_3793	diglyceride (1-16:0, 2-18:1) transport, ER membrane-Golgi membrane	-8.32524	0	-7.82745	0	-6.94109	0
r_3794	diglyceride (1-16:1, 2-18:1) transport, ER membrane-Golgi membrane	-8.32524	0	-7.82745	0	-6.94101	0
r_3795	diglyceride (1-18:0, 2-18:1) transport, ER membrane-Golgi membrane	-8.32524	0	-7.82745	0	-6.94095	0
r_3796	diglyceride (1-18:1, 2-18:1) transport, ER membrane-Golgi membrane	-8.32524	0	-7.82745	0	-6.94084	0
r_3797	phosphatidate (1-16:0, 2-16:1) transport, ER membrane-Golgi membrane	0	8.32524	0	7.82745	0	6.94111
r_3798	phosphatidate (1-16:1, 2-16:1) transport, ER membrane-Golgi membrane	0	8.32524	0	7.82745	0	6.94103
r_3799	phosphatidate (1-18:0, 2-16:1) transport, ER membrane-Golgi membrane	0	8.32524	0	7.82745	0	6.94098
r_3800	phosphatidate (1-18:1, 2-16:1) transport, ER membrane-Golgi membrane	0	8.32524	0	7.82745	0	6.94086
r_3801	phosphatidate (1-16:0, 2-18:1) transport, ER membrane-Golgi membrane	0	8.32524	0	7.82745	0	6.94109
r_3802	phosphatidate (1-16:1, 2-18:1) transport, ER membrane-Golgi membrane	0	8.32524	0	7.82745	0	6.94101
r_3803	phosphatidate (1-18:0, 2-18:1) transport, ER membrane-Golgi membrane	0	8.32524	0	7.82745	0	6.94095
r_3804	phosphatidate (1-18:1, 2-18:1) transport, ER membrane-Golgi membrane	0	8.32524	0	7.82745	0	6.94084
r_3805	1-phosphatidyl-1D-myo-inositol (1-16:0, 2-16:1) transport, ER membrane-Golgi membrane	-8.32524	3.12196	-0.000267855	2.95366	-0.000238502	0.00152253
r_3806	1-phosphatidyl-1D-myo-inositol (1-16:1, 2-16:1) transport, ER membrane-Golgi membrane	-8.32524	3.12196	-0.000267855	2.95366	-0.000238502	0.00152253
r_3807	1-phosphatidyl-1D-myo-inositol (1-18:0, 2-16:1) transport, ER membrane-Golgi membrane	-8.32524	3.12196	-0.000267855	2.95366	-0.000238502	0.00152253
r_3808	1-phosphatidyl-1D-myo-inositol (1-18:1, 2-16:1) transport, ER membrane-Golgi membrane	-8.32524	3.12196	-0.000267855	2.95366	-0.000238502	0.00152253
r_3809	1-phosphatidyl-1D-myo-inositol (1-16:0, 2-18:1) transport, ER membrane-Golgi membrane	-8.32524	3.12196	-0.000267855	2.95366	-0.000238502	0.00152253
r_3810	1-phosphatidyl-1D-myo-inositol (1-16:1, 2-18:1) transport, ER membrane-Golgi membrane	-8.32524	3.12196	-0.000267855	2.95366	-0.000238502	0.00152253
r_3811	1-phosphatidyl-1D-myo-inositol (1-18:0, 2-18:1) transport, ER membrane-Golgi membrane	-8.32524	3.12196	-0.000267855	2.95366	-0.000238502	0.00152253
r_3812	1-phosphatidyl-1D-myo-inositol (1-18:1, 2-18:1) transport, ER membrane-Golgi membrane	-8.32524	3.12196	-0.000267855	2.95366	-0.000238502	0.00152253
r_3813	phosphatidyl-L-serine (1-16:0, 2-16:1) transport, ER membrane-Golgi membrane	0	0.415554	0	0.385161	0	0.00910286
r_3814	phosphatidyl-L-serine (1-16:1, 2-16:1) transport, ER membrane-Golgi membrane	0	0.415554	0	0.385161	0	0.00910286
r_3815	phosphatidyl-L-serine (1-18:0, 2-16:1) transport, ER membrane-Golgi membrane	0	0.415554	0	0.385161	0	0.00910286
r_3816	phosphatidyl-L-serine (1-18:1, 2-16:1) transport, ER membrane-Golgi membrane	0	0.415554	0	0.385161	0	0.00910286
r_3817	phosphatidyl-L-serine (1-16:0, 2-18:1) transport, ER membrane-Golgi membrane	0	0.415554	0	0.385161	0	0.00910286
r_3818	phosphatidyl-L-serine (1-16:1, 2-18:1) transport, ER membrane-Golgi membrane	0	0.415554	0	0.385161	0	0.00910286
r_3819	phosphatidyl-L-serine (1-18:0, 2-18:1) transport, ER membrane-Golgi membrane	0	0.415554	0	0.385161	0	0.00910286
r_3820	phosphatidyl-L-serine (1-18:1, 2-18:1) transport, ER membrane-Golgi membrane	0	0.415554	0	0.385161	0	0.00910286
r_3821	phosphatidylethanolamine (1-16:0, 2-16:1) transport, Golgi membrane-ER membrane	0	0.415554	0	0.385161	0	0.00910286
r_3822	phosphatidylethanolamine (1-16:1, 2-16:1) transport, Golgi membrane-ER membrane	0	0.415554	0	0.385161	0	0.00910286
r_3823	phosphatidylethanolamine (1-18:0, 2-16:1) transport, Golgi membrane-ER membrane	0	0.415554	0	0.385161	0	0.00910286
r_3824	phosphatidylethanolamine (1-18:1, 2-16:1) transport, Golgi membrane-ER membrane	0	0.415554	0	0.385161	0	0.00910286
r_3825	phosphatidylethanolamine (1-16:0, 2-18:1) transport, Golgi membrane-ER membrane	0	0.415554	0	0.385161	0	0.00910286
r_3826	phosphatidylethanolamine (1-16:1, 2-18:1) transport, Golgi membrane-ER membrane	0	0.415554	0	0.385161	0	0.00910286
r_3827	phosphatidylethanolamine (1-18:0, 2-18:1) transport, Golgi membrane-ER membrane	0	0.415554	0	0.385161	0	0.00910286
r_3828	phosphatidylethanolamine (1-18:1, 2-18:1) transport, Golgi membrane-ER membrane	0	0.415554	0	0.385161	0	0.00910286
r_3829	phosphatidate (1-16:0, 2-16:1) transport, ER membrane-vacuolar membrane	0	0	0	0	0	0
r_3830	phosphatidate (1-16:1, 2-16:1) transport, ER membrane-vacuolar membrane	0	0	0	0	0	0
r_3831	phosphatidate (1-18:0, 2-16:1) transport, ER membrane-vacuolar membrane	0	0	0	0	0	0
r_3832	phosphatidate (1-18:1, 2-16:1) transport, ER membrane-vacuolar membrane	0	0	0	0	0	0
r_3833	phosphatidate (1-16:0, 2-18:1) transport, ER membrane-vacuolar membrane	0	0	0	0	0	0
r_3834	phosphatidate (1-16:1, 2-18:1) transport, ER membrane-vacuolar membrane	0	0	0	0	0	0
r_3835	phosphatidate (1-18:0, 2-18:1) transport, ER membrane-vacuolar membrane	0	0	0	0	0	0
r_3836	phosphatidate (1-18:1, 2-18:1) transport, ER membrane-vacuolar membrane	0	0	0	0	0	0
r_3837	1-phosphatidyl-1D-myo-inositol (1-16:0, 2-16:1) transport, ER membrane-vacuolar membrane	0	8.32524	0	0.000267855	0	0.000238502
r_3838	1-phosphatidyl-1D-myo-inositol (1-16:1, 2-16:1) transport, ER membrane-vacuolar membrane	0	8.32524	0	0.000267855	0	0.000238502
r_3839	1-phosphatidyl-1D-myo-inositol (1-18:0, 2-16:1) transport, ER membrane-vacuolar membrane	0	8.32524	0	0.000267855	0	0.000238502
r_3840	1-phosphatidyl-1D-myo-inositol (1-18:1, 2-16:1) transport, ER membrane-vacuolar membrane	0	8.32524	0	0.000267855	0	0.000238502
r_3841	1-phosphatidyl-1D-myo-inositol (1-16:0, 2-18:1) transport, ER membrane-vacuolar membrane	0	8.32524	0	0.000267855	0	0.000238502
r_3842	1-phosphatidyl-1D-myo-inositol (1-16:1, 2-18:1) transport, ER membrane-vacuolar membrane	0	8.32524	0	0.000267855	0	0.000238502
r_3843	1-phosphatidyl-1D-myo-inositol (1-18:0, 2-18:1) transport, ER membrane-vacuolar membrane	0	8.32524	0	0.000267855	0	0.000238502
r_3844	1-phosphatidyl-1D-myo-inositol (1-18:1, 2-18:1) transport, ER membrane-vacuolar membrane	0	8.32524	0	0.000267855	0	0.000238502
r_3845	phosphatidyl-L-serine (1-16:0, 2-16:1) transport, ER membrane-vacuolar membrane	0	0.415554	0	0.385864	0	0.00910286
r_3846	phosphatidyl-L-serine (1-16:1, 2-16:1) transport, ER membrane-vacuolar membrane	0	0.415554	0	0.385864	0	0.00910286
r_3847	phosphatidyl-L-serine (1-18:0, 2-16:1) transport, ER membrane-vacuolar membrane	0	0.415554	0	0.385864	0	0.00910286
r_3848	phosphatidyl-L-serine (1-18:1, 2-16:1) transport, ER membrane-vacuolar membrane	0	0.415554	0	0.385864	0	0.00910286
r_3849	phosphatidyl-L-serine (1-16:0, 2-18:1) transport, ER membrane-vacuolar membrane	0	0.415554	0	0.385864	0	0.00910286
r_3850	phosphatidyl-L-serine (1-16:1, 2-18:1) transport, ER membrane-vacuolar membrane	0	0.415554	0	0.385864	0	0.00910286
r_3851	phosphatidyl-L-serine (1-18:0, 2-18:1) transport, ER membrane-vacuolar membrane	0	0.415554	0	0.385864	0	0.00910286
r_3852	phosphatidyl-L-serine (1-18:1, 2-18:1) transport, ER membrane-vacuolar membrane	0	0.415554	0	0.385864	0	0.00910286
r_3853	phosphatidylethanolamine (1-16:0, 2-16:1) transport, vacuolar membrane-ER membrane	0	0.415554	0	0.385864	0	0.00910286
r_3854	phosphatidylethanolamine (1-16:1, 2-16:1) transport, vacuolar membrane-ER membrane	0	0.415554	0	0.385864	0	0.00910286
r_3855	phosphatidylethanolamine (1-18:0, 2-16:1) transport, vacuolar membrane-ER membrane	0	0.415554	0	0.385864	0	0.00910286
r_3856	phosphatidylethanolamine (1-18:1, 2-16:1) transport, vacuolar membrane-ER membrane	0	0.415554	0	0.385864	0	0.00910286
r_3857	phosphatidylethanolamine (1-16:0, 2-18:1) transport, vacuolar membrane-ER membrane	0	0.415554	0	0.385864	0	0.00910286
r_3858	phosphatidylethanolamine (1-16:1, 2-18:1) transport, vacuolar membrane-ER membrane	0	0.415554	0	0.385864	0	0.00910286
r_3859	phosphatidylethanolamine (1-18:0, 2-18:1) transport, vacuolar membrane-ER membrane	0	0.415554	0	0.385864	0	0.00910286
r_3860	phosphatidylethanolamine (1-18:1, 2-18:1) transport, vacuolar membrane-ER membrane	0	0.415554	0	0.385864	0	0.00910286
r_3861	1-phosphatidyl-1D-myo-inositol 3-phosphate (1-16:0, 2-16:1) transport, vacuolar membrane-ER membrane	0	8.32524	0	0.000267855	0	0.000238501
r_3862	1-phosphatidyl-1D-myo-inositol 3-phosphate (1-16:1, 2-16:1) transport, vacuolar membrane-ER membrane	0	8.32524	0	0.000267855	0	0.000238501
r_3863	1-phosphatidyl-1D-myo-inositol 3-phosphate (1-18:0, 2-16:1) transport, vacuolar membrane-ER membrane	0	8.32524	0	0.000267855	0	0.000238501
r_3864	1-phosphatidyl-1D-myo-inositol 3-phosphate (1-18:1, 2-16:1) transport, vacuolar membrane-ER membrane	0	8.32524	0	0.000267855	0	0.000238501
r_3865	1-phosphatidyl-1D-myo-inositol 3-phosphate (1-16:0, 2-18:1) transport, vacuolar membrane-ER membrane	0	8.32524	0	0.000267855	0	0.000238501
r_3866	1-phosphatidyl-1D-myo-inositol 3-phosphate (1-16:1, 2-18:1) transport, vacuolar membrane-ER membrane	0	8.32524	0	0.000267855	0	0.000238501
r_3867	1-phosphatidyl-1D-myo-inositol 3-phosphate (1-18:0, 2-18:1) transport, vacuolar membrane-ER membrane	0	8.32524	0	0.000267855	0	0.000238501
r_3868	1-phosphatidyl-1D-myo-inositol 3-phosphate (1-18:1, 2-18:1) transport, vacuolar membrane-ER membrane	0	8.32524	0	0.000267855	0	0.000238501
r_3869	1-phosphatidyl-1D-myo-inositol (1-16:0, 2-16:1) transport, ER membrane-cell envelope	-4.16262	8.32524	-3.31111	8.11301	-0.000956567	7.4863
r_3870	1-phosphatidyl-1D-myo-inositol (1-16:1, 2-16:1) transport, ER membrane-cell envelope	-4.16262	8.32524	-3.31111	8.11301	-0.000956567	7.4863
r_3871	1-phosphatidyl-1D-myo-inositol (1-18:0, 2-16:1) transport, ER membrane-cell envelope	-4.16262	8.32524	-3.31111	8.11301	-0.000956567	7.4863
r_3872	1-phosphatidyl-1D-myo-inositol (1-18:1, 2-16:1) transport, ER membrane-cell envelope	-4.16262	8.32524	-3.31111	8.11301	-0.000956567	7.4863
r_3873	1-phosphatidyl-1D-myo-inositol (1-16:0, 2-18:1) transport, ER membrane-cell envelope	-4.16262	8.32524	-3.31111	8.11301	-0.000956567	7.4863
r_3874	1-phosphatidyl-1D-myo-inositol (1-16:1, 2-18:1) transport, ER membrane-cell envelope	-4.16262	8.32524	-3.31111	8.11301	-0.000956567	7.4863
r_3875	1-phosphatidyl-1D-myo-inositol (1-18:0, 2-18:1) transport, ER membrane-cell envelope	-4.16262	8.32524	-3.31111	8.11301	-0.000956567	7.4863
r_3876	1-phosphatidyl-1D-myo-inositol (1-18:1, 2-18:1) transport, ER membrane-cell envelope	-4.16262	8.32524	-3.31111	8.11301	-0.000956567	7.4863
r_3877	phosphatidylcholine (1-16:0, 2-16:1) transport, ER membrane-cell envelope	0	3.12196	0	0.559189	0	0.0132315
r_3878	phosphatidylcholine (1-16:1, 2-16:1) transport, ER membrane-cell envelope	0	3.12196	0	0.559189	0	0.0132315
r_3879	phosphatidylcholine (1-18:0, 2-16:1) transport, ER membrane-cell envelope	0	3.12196	0	0.559189	0	0.0132315
r_3880	phosphatidylcholine (1-18:1, 2-16:1) transport, ER membrane-cell envelope	0	3.12196	0	0.559189	0	0.0132315
r_3881	phosphatidylcholine (1-16:0, 2-18:1) transport, ER membrane-cell envelope	0	3.12196	0	0.559189	0	0.0132315
r_3882	phosphatidylcholine (1-16:1, 2-18:1) transport, ER membrane-cell envelope	0	3.12196	0	0.559189	0	0.0132315
r_3883	phosphatidylcholine (1-18:0, 2-18:1) transport, ER membrane-cell envelope	0	3.12196	0	0.559189	0	0.0132315
r_3884	phosphatidylcholine (1-18:1, 2-18:1) transport, ER membrane-cell envelope	0	3.12196	0	0.559189	0	0.0132315
r_3885	phosphatidylethanolamine (1-16:0, 2-16:1) transport, ER membrane-cell envelope	0	0	0	0	0	0
r_3886	phosphatidylethanolamine (1-16:1, 2-16:1) transport, ER membrane-cell envelope	0	0	0	0	0	0
r_3887	phosphatidylethanolamine (1-18:0, 2-16:1) transport, ER membrane-cell envelope	0	0	0	0	0	0
r_3888	phosphatidylethanolamine (1-18:1, 2-16:1) transport, ER membrane-cell envelope	0	0	0	0	0	0
r_3889	phosphatidylethanolamine (1-16:0, 2-18:1) transport, ER membrane-cell envelope	0	0	0	0	0	0
r_3890	phosphatidylethanolamine (1-16:1, 2-18:1) transport, ER membrane-cell envelope	0	0	0	0	0	0
r_3891	phosphatidylethanolamine (1-18:0, 2-18:1) transport, ER membrane-cell envelope	0	0	0	0	0	0
r_3892	phosphatidylethanolamine (1-18:1, 2-18:1) transport, ER membrane-cell envelope	0	0	0	0	0	0
r_3893	phosphatidyl-L-serine (1-16:0, 2-16:1) transport, ER membrane-cell envelope	0	0	0	0	0	0
r_3894	phosphatidyl-L-serine (1-16:1, 2-16:1) transport, ER membrane-cell envelope	0	0	0	0	0	0
r_3895	phosphatidyl-L-serine (1-18:0, 2-16:1) transport, ER membrane-cell envelope	0	0	0	0	0	0
r_3896	phosphatidyl-L-serine (1-18:1, 2-16:1) transport, ER membrane-cell envelope	0	0	0	0	0	0
r_3897	phosphatidyl-L-serine (1-16:0, 2-18:1) transport, ER membrane-cell envelope	0	0	0	0	0	0
r_3898	phosphatidyl-L-serine (1-16:1, 2-18:1) transport, ER membrane-cell envelope	0	0	0	0	0	0
r_3899	phosphatidyl-L-serine (1-18:0, 2-18:1) transport, ER membrane-cell envelope	0	0	0	0	0	0
r_3900	phosphatidyl-L-serine (1-18:1, 2-18:1) transport, ER membrane-cell envelope	0	0	0	0	0	0
r_3901	lignoceric acid transport, cell envelope-ER membrane	-1000	1000	-0.152112	0.152106	-0.135443	0.135437
r_3902	cerotic acid transport, cell envelope-ER membrane	-1000	1000	-0.152106	0.152112	-0.135437	0.135443
r_3903	phosphatidate (1-16:0, 2-16:1) transport, cell envelope-ER membrane	0	3.12196	0	0.559189	0	0.0132315
r_3904	phosphatidate (1-16:1, 2-16:1) transport, cell envelope-ER membrane	0	3.12196	0	0.559189	0	0.0132315
r_3905	phosphatidate (1-18:0, 2-16:1) transport, cell envelope-ER membrane	0	3.12196	0	0.559189	0	0.0132315
r_3906	phosphatidate (1-18:1, 2-16:1) transport, cell envelope-ER membrane	0	3.12196	0	0.559189	0	0.0132315
r_3907	phosphatidate (1-16:0, 2-18:1) transport, cell envelope-ER membrane	0	3.12196	0	0.559189	0	0.0132315
r_3908	phosphatidate (1-16:1, 2-18:1) transport, cell envelope-ER membrane	0	3.12196	0	0.559189	0	0.0132315
r_3909	phosphatidate (1-18:0, 2-18:1) transport, cell envelope-ER membrane	0	3.12196	0	0.559189	0	0.0132315
r_3910	phosphatidate (1-18:1, 2-18:1) transport, cell envelope-ER membrane	0	3.12196	0	0.559189	0	0.0132315
r_3911	1-phosphatidyl-1D-myo-inositol 4-phosphate (1-16:0, 2-16:1) transport, cell envelope-ER membrane	-8.32524	8.32524	-6.84192	8.11301	-6.28115	2.45051
r_3912	1-phosphatidyl-1D-myo-inositol 4-phosphate (1-16:1, 2-16:1) transport, cell envelope-ER membrane	-8.32524	8.32524	-6.84192	8.11301	-6.28115	2.45051
r_3913	1-phosphatidyl-1D-myo-inositol 4-phosphate (1-18:0, 2-16:1) transport, cell envelope-ER membrane	-8.32524	8.32524	-6.84192	8.11301	-6.28115	2.45051
r_3914	1-phosphatidyl-1D-myo-inositol 4-phosphate (1-18:1, 2-16:1) transport, cell envelope-ER membrane	-8.32524	8.32524	-6.84192	8.11301	-6.28115	2.45051
r_3915	1-phosphatidyl-1D-myo-inositol 4-phosphate (1-16:0, 2-18:1) transport, cell envelope-ER membrane	-8.32524	8.32524	-6.84192	8.11301	-6.28115	2.45051
r_3916	1-phosphatidyl-1D-myo-inositol 4-phosphate (1-16:1, 2-18:1) transport, cell envelope-ER membrane	-8.32524	8.32524	-6.84192	8.11301	-6.28115	2.45051
r_3917	1-phosphatidyl-1D-myo-inositol 4-phosphate (1-18:0, 2-18:1) transport, cell envelope-ER membrane	-8.32524	8.32524	-6.84192	8.11301	-6.28115	2.45051
r_3918	1-phosphatidyl-1D-myo-inositol 4-phosphate (1-18:1, 2-18:1) transport, cell envelope-ER membrane	-8.32524	8.32524	-6.84192	8.11301	-6.28115	2.45051
r_3919	1-phosphatidyl-1D-myo-inositol 4,5-bisphosphate (1-16:0, 2-16:1) transport, cell envelope-ER membrane	0	8.32524	0	6.84192	0	6.28115
r_3920	1-phosphatidyl-1D-myo-inositol 4,5-bisphosphate (1-16:1, 2-16:1) transport, cell envelope-ER membrane	0	8.32524	0	6.84192	0	6.28115
r_3921	1-phosphatidyl-1D-myo-inositol 4,5-bisphosphate (1-18:0, 2-16:1) transport, cell envelope-ER membrane	0	8.32524	0	6.84192	0	6.28115
r_3922	1-phosphatidyl-1D-myo-inositol 4,5-bisphosphate (1-18:1, 2-16:1) transport, cell envelope-ER membrane	0	8.32524	0	6.84192	0	6.28115
r_3923	1-phosphatidyl-1D-myo-inositol 4,5-bisphosphate (1-16:0, 2-18:1) transport, cell envelope-ER membrane	0	8.32524	0	6.84192	0	6.28115
r_3924	1-phosphatidyl-1D-myo-inositol 4,5-bisphosphate (1-16:1, 2-18:1) transport, cell envelope-ER membrane	0	8.32524	0	6.84192	0	6.28115
r_3925	1-phosphatidyl-1D-myo-inositol 4,5-bisphosphate (1-18:0, 2-18:1) transport, cell envelope-ER membrane	0	8.32524	0	6.84192	0	6.28115
r_3926	1-phosphatidyl-1D-myo-inositol 4,5-bisphosphate (1-18:1, 2-18:1) transport, cell envelope-ER membrane	0	8.32524	0	6.84192	0	6.28115
r_3927	zymosteryl palmitoleate transport, ER membrane-cell envelope	0	4.91415	0	0.0237893	0	0.0211823
r_3928	zymosteryl oleate transport, ER membrane-cell envelope	0	4.91415	0	0.023616	0	0.021028
r_3929	1-phosphatidyl-1D-myo-inositol (1-16:0, 2-16:1) transport, ER membrane-nucleus	0	4.16262	0	3.63588	0	0.000718124
r_3930	1-phosphatidyl-1D-myo-inositol (1-16:1, 2-16:1) transport, ER membrane-nucleus	0	4.16262	0	3.63588	0	0.000718124
r_3931	1-phosphatidyl-1D-myo-inositol (1-18:0, 2-16:1) transport, ER membrane-nucleus	0	4.16262	0	3.63588	0	0.000718124
r_3932	1-phosphatidyl-1D-myo-inositol (1-18:1, 2-16:1) transport, ER membrane-nucleus	0	4.16262	0	3.63588	0	0.000718124
r_3933	1-phosphatidyl-1D-myo-inositol (1-16:0, 2-18:1) transport, ER membrane-nucleus	0	4.16262	0	3.63588	0	0.000718124
r_3934	1-phosphatidyl-1D-myo-inositol (1-16:1, 2-18:1) transport, ER membrane-nucleus	0	4.16262	0	3.63588	0	0.000718124
r_3935	1-phosphatidyl-1D-myo-inositol (1-18:0, 2-18:1) transport, ER membrane-nucleus	0	4.16262	0	3.63588	0	0.000718124
r_3936	1-phosphatidyl-1D-myo-inositol (1-18:1, 2-18:1) transport, ER membrane-nucleus	0	4.16262	0	3.63588	0	0.000718124
r_3937	lignoceric acid transport, ER membrane-ER	-4.91415	0	-1.42527e-06	0	-2.2784e-09	0
r_3938	cerotic acid transport, ER membrane-ER	-4.91415	0	-1.42529e-06	0	-2.2784e-09	0
r_3939	ergosterol transport, ER-ER membrane	-1000	1000	-1000	1000	-1000	1000
r_3940	phosphate transport, ER-ER membrane	0	8.32524	0	8.32524	0	7.9947
r_3941	1-phosphatidyl-1D-myo-inositol 3-phosphate (1-16:0, 2-16:1) transport, vacuolar membrane-Golgi membrane	0	8.32524	0	0.000267855	0	0.000238502
r_3942	1-phosphatidyl-1D-myo-inositol 3-phosphate (1-16:1, 2-16:1) transport, vacuolar membrane-Golgi membrane	0	8.32524	0	0.000267855	0	0.000238502
r_3943	1-phosphatidyl-1D-myo-inositol 3-phosphate (1-18:0, 2-16:1) transport, vacuolar membrane-Golgi membrane	0	8.32524	0	0.000267855	0	0.000238502
r_3944	1-phosphatidyl-1D-myo-inositol 3-phosphate (1-18:1, 2-16:1) transport, vacuolar membrane-Golgi membrane	0	8.32524	0	0.000267855	0	0.000238502
r_3945	1-phosphatidyl-1D-myo-inositol 3-phosphate (1-16:0, 2-18:1) transport, vacuolar membrane-Golgi membrane	0	8.32524	0	0.000267855	0	0.000238502
r_3946	1-phosphatidyl-1D-myo-inositol 3-phosphate (1-16:1, 2-18:1) transport, vacuolar membrane-Golgi membrane	0	8.32524	0	0.000267855	0	0.000238502
r_3947	1-phosphatidyl-1D-myo-inositol 3-phosphate (1-18:0, 2-18:1) transport, vacuolar membrane-Golgi membrane	0	8.32524	0	0.000267855	0	0.000238502
r_3948	1-phosphatidyl-1D-myo-inositol 3-phosphate (1-18:1, 2-18:1) transport, vacuolar membrane-Golgi membrane	0	8.32524	0	0.000267855	0	0.000238502
r_3949	1-phosphatidyl-1D-myo-inositol 3,5-bisphosphate (1-16:0, 2-16:1) transport, vacuolar membrane-cell envelope	0	4.16262	0	0.000267849	0	0.000238496
r_3950	1-phosphatidyl-1D-myo-inositol 3,5-bisphosphate (1-16:1, 2-16:1) transport, vacuolar membrane-cell envelope	0	4.16262	0	0.000267849	0	0.000238496
r_3951	1-phosphatidyl-1D-myo-inositol 3,5-bisphosphate (1-18:0, 2-16:1) transport, vacuolar membrane-cell envelope	0	4.16262	0	0.000267849	0	0.000238496
r_3952	1-phosphatidyl-1D-myo-inositol 3,5-bisphosphate (1-18:1, 2-16:1) transport, vacuolar membrane-cell envelope	0	4.16262	0	0.000267849	0	0.000238496
r_3953	1-phosphatidyl-1D-myo-inositol 3,5-bisphosphate (1-16:0, 2-18:1) transport, vacuolar membrane-cell envelope	0	4.16262	0	0.000267849	0	0.000238496
r_3954	1-phosphatidyl-1D-myo-inositol 3,5-bisphosphate (1-16:1, 2-18:1) transport, vacuolar membrane-cell envelope	0	4.16262	0	0.000267849	0	0.000238496
r_3955	1-phosphatidyl-1D-myo-inositol 3,5-bisphosphate (1-18:0, 2-18:1) transport, vacuolar membrane-cell envelope	0	4.16262	0	0.000267849	0	0.000238496
r_3956	1-phosphatidyl-1D-myo-inositol 3,5-bisphosphate (1-18:1, 2-18:1) transport, vacuolar membrane-cell envelope	0	4.16262	0	0.000267849	0	0.000238496
r_3957	H+ transport, mitochondrion-mitochondrial membrane	-6.70112	0	-6.58771	0	-0.125017	0
r_3958	glycerol 3-phosphate transport, mitochondrion-mitochondrial membrane	0	0	0	0	0	0
r_3959	CMP transport, mitochondrion-mitochondrial membrane	-2.23371	0	-2.1959	0	-0.0416722	0
r_3960	CTP transport, mitochondrion-mitochondrial membrane	0	2.23371	0	2.1959	0	0.0416722
r_3961	phosphate transport, mitochondrion-mitochondrial membrane	-2.23371	0	-2.1959	0	-0.0416722	0
r_3962	diphosphate transport, mitochondrion-mitochondrial membrane	-2.23371	0	-2.1959	0	-0.0416722	0
r_3963	1-phosphatidyl-1D-myo-inositol (1-16:0, 2-16:1) [cytoplasm] SLIME rxn	0	0.00075165	0	0.00075165	0	0.000749879
r_3964	1-phosphatidyl-1D-myo-inositol (1-16:1, 2-16:1) [cytoplasm] SLIME rxn	0	0.000753528	0	0.000753528	0	0.000751755
r_3965	1-phosphatidyl-1D-myo-inositol (1-18:0, 2-16:1) [cytoplasm] SLIME rxn	0	0.000701047	0	0.000701047	0	0.000699385
r_3966	1-phosphatidyl-1D-myo-inositol (1-18:1, 2-16:1) [cytoplasm] SLIME rxn	0	0.000728213	0	0.000728213	0	0.000726462
r_3967	1-phosphatidyl-1D-myo-inositol (1-16:0, 2-18:1) [cytoplasm] SLIME rxn	0	0.00072646	0	0.00072646	0	0.000724709
r_3968	1-phosphatidyl-1D-myo-inositol (1-16:1, 2-18:1) [cytoplasm] SLIME rxn	0	0.000728213	0	0.000728213	0	0.000726462
r_3969	1-phosphatidyl-1D-myo-inositol (1-18:0, 2-18:1) [cytoplasm] SLIME rxn	0	0.000701047	0	0.000701047	0	0.00069934
r_3970	1-phosphatidyl-1D-myo-inositol (1-18:1, 2-18:1) [cytoplasm] SLIME rxn	0	0.000704544	0	0.000704544	0	0.000702813
r_3971	ergosteryl palmitoleate [endoplasmic reticulum membrane] SLIME rxn	0	0.000946065	0	0.000946038	0	0.000932305
r_3972	ergosteryl oleate [endoplasmic reticulum membrane] SLIME rxn	0	0.000905919	0	0.000905919	0	0.000903787
r_3973	ergosterol ester transport, ER membrane-cytoplasm	0	0.00059891	0	0.00059891	0	0.000597501
r_3975	palmitate [cytoplasm] SLIME rxn	0	0.000509938	0	0.000509938	0	0.000508736
r_3976	palmitoleate [cytoplasm] SLIME rxn	0	0.000513994	0	0.000513994	0	0.000512785
r_3977	stearate [cytoplasm] SLIME rxn	0	0.000459472	0	0.000459366	0	0.000458374
r_3978	oleate [cytoplasm] SLIME rxn	0	0.000462763	0	0.000462763	0	0.000461651
r_3979	phosphatidyl-L-serine (1-16:0, 2-16:1) [endoplasmic reticulum membrane] SLIME rxn	0	0.000713482	0	0.000713482	0	0.000711801
r_3980	phosphatidyl-L-serine (1-16:1, 2-16:1) [endoplasmic reticulum membrane] SLIME rxn	0	0.000715447	0	0.000715447	0	0.000713764
r_3981	phosphatidyl-L-serine (1-18:0, 2-16:1) [endoplasmic reticulum membrane] SLIME rxn	0	0.000687215	0	0.000687215	0	0.00068559
r_3982	phosphatidyl-L-serine (1-18:1, 2-16:1) [endoplasmic reticulum membrane] SLIME rxn	0	0.000689038	0	0.000689038	0	0.000687383
r_3983	phosphatidyl-L-serine (1-16:0, 2-18:1) [endoplasmic reticulum membrane] SLIME rxn	0	0.000687215	0	0.000687215	0	0.000685562
r_3984	phosphatidyl-L-serine (1-16:1, 2-18:1) [endoplasmic reticulum membrane] SLIME rxn	0	0.000689038	0	0.000689038	0	0.000687383
r_3985	phosphatidyl-L-serine (1-18:0, 2-18:1) [endoplasmic reticulum membrane] SLIME rxn	0	0.000662814	0	0.000662814	0	0.000661217
r_3986	phosphatidyl-L-serine (1-18:1, 2-18:1) [endoplasmic reticulum membrane] SLIME rxn	0	0.000664509	0	0.000664509	0	0.000662883
r_3987	phosphatidyl-L-serine transport, ER membrane-cytoplasm	0	0.00052367	0	0.00052367	0	0.000522438
r_3988	phosphatidylcholine (1-16:0, 2-16:1) [endoplasmic reticulum membrane] SLIME rxn	0	0.00277486	0	0.00277486	0	0.00276807
r_3989	phosphatidylcholine (1-16:1, 2-16:1) [endoplasmic reticulum membrane] SLIME rxn	0	0.00310801	0	0.00310801	0	0.00310026
r_3990	phosphatidylcholine (1-18:0, 2-16:1) [endoplasmic reticulum membrane] SLIME rxn	0	0.000701047	0	0.000701047	0	0.000699343
r_3991	phosphatidylcholine (1-18:1, 2-16:1) [endoplasmic reticulum membrane] SLIME rxn	0	0.0018733	0	0.00187302	0	0.00184622
r_3992	phosphatidylcholine (1-16:0, 2-18:1) [endoplasmic reticulum membrane] SLIME rxn	0	0.00247585	0	0.00247585	0	0.00244766
r_3993	phosphatidylcholine (1-16:1, 2-18:1) [endoplasmic reticulum membrane] SLIME rxn	0	0.00246012	0	0.00246012	0	0.00243262
r_3994	phosphatidylcholine (1-18:0, 2-18:1) [endoplasmic reticulum membrane] SLIME rxn	0	0.000701047	0	0.000701047	0	0.000699343
r_3995	phosphatidylcholine (1-18:1, 2-18:1) [endoplasmic reticulum membrane] SLIME rxn	0	0.0013503	0	0.0013501	0	0.00133066
r_3996	phosphatidylcholine transport, ER membrane-cytoplasm	0	0.0022689	0	0.0022689	0	0.00226356
r_3997	phosphatidylethanolamine (1-16:0, 2-16:1) [endoplasmic reticulum membrane] SLIME rxn	0	0.000883795	0	0.000883795	0	0.000881705
r_3998	phosphatidylethanolamine (1-16:1, 2-16:1) [endoplasmic reticulum membrane] SLIME rxn	0	0.000886385	0	0.000886385	0	0.000884292
r_3999	phosphatidylethanolamine (1-18:0, 2-16:1) [endoplasmic reticulum membrane] SLIME rxn	0	0.000701047	0	0.000701047	0	0.000699391
r_4000	phosphatidylethanolamine (1-18:1, 2-16:1) [endoplasmic reticulum membrane] SLIME rxn	0	0.000851655	0	0.000851655	0	0.000849602
r_4001	phosphatidylethanolamine (1-16:0, 2-18:1) [endoplasmic reticulum membrane] SLIME rxn	0	0.000849264	0	0.000849264	0	0.000847214
r_4002	phosphatidylethanolamine (1-16:1, 2-18:1) [endoplasmic reticulum membrane] SLIME rxn	0	0.000851655	0	0.000851655	0	0.000849602
r_4003	phosphatidylethanolamine (1-18:0, 2-18:1) [endoplasmic reticulum membrane] SLIME rxn	0	0.000701047	0	0.000701047	0	0.000699359
r_4004	phosphatidylethanolamine (1-18:1, 2-18:1) [endoplasmic reticulum membrane] SLIME rxn	0	0.000819544	0	0.000819544	0	0.000817531
r_4005	phosphatidylethanolamine transport, ER membrane-cytoplasm	0	0.000609778	0	0.000609778	0	0.000608344
r_4006	triglyceride (1-16:0, 2-16:1, 3-16:0) [endoplasmic reticulum membrane] SLIME rxn	0	0.000749299	0	0.000749299	0	0.000747529
r_4007	triglyceride (1-16:0, 2-18:1, 3-16:0) [endoplasmic reticulum membrane] SLIME rxn	0	0.000724075	0	0.000724075	0	0.000722324
r_4008	triglyceride (1-16:1, 2-16:1, 3-16:0) [endoplasmic reticulum membrane] SLIME rxn	0	0.000751179	0	0.000751179	0	0.000749408
r_4009	triglyceride (1-16:1, 2-18:1, 3-16:0) [endoplasmic reticulum membrane] SLIME rxn	0	0.000725831	0	0.000725831	0	0.000724079
r_4010	triglyceride (1-18:0, 2-16:1, 3-16:0) [endoplasmic reticulum membrane] SLIME rxn	0	0.000701047	0	0.000701047	0	0.000699359
r_4011	triglyceride (1-18:0, 2-18:1, 3-16:0) [endoplasmic reticulum membrane] SLIME rxn	0	0.000700494	0	0.000700494	0	0.00069875
r_4012	triglyceride (1-18:1, 2-16:1, 3-16:0) [endoplasmic reticulum membrane] SLIME rxn	0	0.000725831	0	0.000725831	0	0.000724079
r_4013	triglyceride (1-18:1, 2-18:1, 3-16:0) [endoplasmic reticulum membrane] SLIME rxn	0	0.000702137	0	0.000702137	0	0.000700393
r_4014	triglyceride (1-16:0, 2-16:1, 3-16:1) [endoplasmic reticulum membrane] SLIME rxn	0	0.000751179	0	0.000751179	0	0.000749408
r_4015	triglyceride (1-16:0, 2-18:1, 3-16:1) [endoplasmic reticulum membrane] SLIME rxn	0	0.000725831	0	0.000725831	0	0.000724079
r_4016	triglyceride (1-16:1, 2-16:1, 3-16:1) [endoplasmic reticulum membrane] SLIME rxn	0	0.000753069	0	0.000753069	0	0.000751297
r_4017	triglyceride (1-16:1, 2-18:1, 3-16:1) [endoplasmic reticulum membrane] SLIME rxn	0	0.000727595	0	0.000727595	0	0.000725841
r_4018	triglyceride (1-18:0, 2-16:1, 3-16:1) [endoplasmic reticulum membrane] SLIME rxn	0	0.000701047	0	0.000701047	0	0.000699363
r_4019	triglyceride (1-18:0, 2-18:1, 3-16:1) [endoplasmic reticulum membrane] SLIME rxn	0	0.000701047	0	0.000701047	0	0.000699303
r_4020	triglyceride (1-18:1, 2-16:1, 3-16:1) [endoplasmic reticulum membrane] SLIME rxn	0	0.000727595	0	0.000727595	0	0.000725841
r_4021	triglyceride (1-18:1, 2-18:1, 3-16:1) [endoplasmic reticulum membrane] SLIME rxn	0	0.000703788	0	0.000703788	0	0.000702041
r_4022	triglyceride (1-16:0, 2-16:1, 3-18:0) [endoplasmic reticulum membrane] SLIME rxn	0	0.000701047	0	0.000701047	0	0.000699359
r_4023	triglyceride (1-16:0, 2-18:1, 3-18:0) [endoplasmic reticulum membrane] SLIME rxn	0	0.000700494	0	0.000700494	0	0.00069875
r_4024	triglyceride (1-16:1, 2-16:1, 3-18:0) [endoplasmic reticulum membrane] SLIME rxn	0	0.000701047	0	0.000701047	0	0.000699363
r_4025	triglyceride (1-16:1, 2-18:1, 3-18:0) [endoplasmic reticulum membrane] SLIME rxn	0	0.000701047	0	0.000701047	0	0.000699303
r_4026	triglyceride (1-18:0, 2-16:1, 3-18:0) [endoplasmic reticulum membrane] SLIME rxn	0	0.000350524	0	0.000350524	0	0.000349681
r_4027	triglyceride (1-18:0, 2-18:1, 3-18:0) [endoplasmic reticulum membrane] SLIME rxn	0	0.000350524	0	0.000350524	0	0.000349667
r_4028	triglyceride (1-18:1, 2-16:1, 3-18:0) [endoplasmic reticulum membrane] SLIME rxn	0	0.000701047	0	0.000701047	0	0.000699303
r_4029	triglyceride (1-18:1, 2-18:1, 3-18:0) [endoplasmic reticulum membrane] SLIME rxn	0	0.000540865	0	0.000540773	0	0.000533036
r_4030	triglyceride (1-16:0, 2-16:1, 3-18:1) [endoplasmic reticulum membrane] SLIME rxn	0	0.000725831	0	0.000725831	0	0.000724079
r_4031	triglyceride (1-16:0, 2-18:1, 3-18:1) [endoplasmic reticulum membrane] SLIME rxn	0	0.000702137	0	0.000702137	0	0.000700393
r_4032	triglyceride (1-16:1, 2-16:1, 3-18:1) [endoplasmic reticulum membrane] SLIME rxn	0	0.000727595	0	0.000727595	0	0.000725841
r_4033	triglyceride (1-16:1, 2-18:1, 3-18:1) [endoplasmic reticulum membrane] SLIME rxn	0	0.000703788	0	0.000703788	0	0.000702041
r_4034	triglyceride (1-18:0, 2-16:1, 3-18:1) [endoplasmic reticulum membrane] SLIME rxn	0	0.000701047	0	0.000701047	0	0.000699303
r_4035	triglyceride (1-18:0, 2-18:1, 3-18:1) [endoplasmic reticulum membrane] SLIME rxn	0	0.000540865	0	0.000540782	0	0.000533036
r_4036	triglyceride (1-18:1, 2-16:1, 3-18:1) [endoplasmic reticulum membrane] SLIME rxn	0	0.000703788	0	0.000703788	0	0.000702041
r_4037	triglyceride (1-18:1, 2-18:1, 3-18:1) [endoplasmic reticulum membrane] SLIME rxn	0	0.000545957	0	0.000545874	0	0.000538053
r_4038	triglyceride transport, ER membrane-cytoplasm	0	0.000603425	0	0.000603425	0	0.000602005
r_4039	succinyl-CoA:acetate CoA transferase	-8.19026	1.3642	-8.19026	1.3642	-0.133708	0.133708
r_4040	heme a transport	0	0.0872194	0	0.0654273	0	0.000147353
r_4041	biomass pseudoreaction	0	0.088	0	0.088	0	0.0877929
r_4042	raffinose invertase	0	0	0	0	0	0
r_4043	raffinose exchange	0	0	0	0	0	0
r_4044	melibiose exchange	0	0	0	0	0	0
r_4045	uridine hydrolase	0	8.32524	0	8.32524	0	8.14737
r_4046	non-growth associated maintenance reaction	0.7	0.7	0.7	0.7	0.7	0.7
r_4047	protein pseudoreaction	0	0.088	0	0.088	0	0.0877929
r_4048	carbohydrate pseudoreaction	0	0.088	0	0.088	0	0.0877929
r_4049	RNA pseudoreaction	0	0.088	0	0.088	0	0.0877929
r_4050	DNA pseudoreaction	0	0.088	0	0.088	0	0.0877929
r_4051	ceramide transport	0	0	0	0	0	0
r_4052	inositol phosphomannosylinositol phosphoceramide transport	0	0	0	0	0	0
r_4053	inositol-P-ceramide transport	0	0	0	0	0	0
r_4054	mannosylinositol phosphorylceramide transport	0	0	0	0	0	0
r_4055	long-chain base transport	0	0	0	0	0	0
r_4056	long-chain base phosphate transport	0	0	0	0	0	0
r_4057	phosphatidate transport	0	0	0	0	0	0
r_4058	diglyceride transport	0	0	0	0	0	0
r_4059	sn-2-acyl-1-lysophosphatidylinositol transport	0	0	0	0	0	0
r_4060	phosphatidylglycerol transport	0	0	0	0	0	0
r_4061	cardiolipin transport	0	0	0	0	0	0
r_4062	lipid backbone exchange	0	0	0	0	0	0
r_4063	lipid backbone pseudoreaction	0	0.088	0	0.088	0	0.0877929
r_4064	lipid chain exchange	0	0	0	0	0	0
r_4065	lipid chain pseudoreaction	0	0.088	0	0.088	0	0.0877929
r_4066	ceramide-1 (C24) [Golgi] SLIME rxn	0	0	0	0	0	0
r_4067	ceramide-1 (C26) [Golgi] SLIME rxn	0	0	0	0	0	0
r_4068	ceramide-2 (C24) [Golgi] SLIME rxn	0	0	0	0	0	0
r_4069	ceramide-2 (C26) [Golgi] SLIME rxn	0	0	0	0	0	0
r_4070	ceramide-2' (C24) [Golgi] SLIME rxn	0	0	0	0	0	0
r_4071	ceramide-2' (C26) [Golgi] SLIME rxn	0	0	0	0	0	0
r_4072	ceramide-3 (C24) [Golgi] SLIME rxn	0	0	0	0	0	0
r_4073	ceramide-3 (C26) [Golgi] SLIME rxn	0	0	0	0	0	0
r_4074	ceramide-4 (C24) [Golgi] SLIME rxn	0	0	0	0	0	0
r_4075	ceramide-4 (C26) [Golgi] SLIME rxn	0	0	0	0	0	0
r_4076	phytosphingosine [endoplasmic reticulum] SLIME rxn	0	0	0	0	0	0
r_4077	phytosphingosine 1-phosphate [endoplasmic reticulum] SLIME rxn	0	0	0	0	0	0
r_4078	sphinganine [endoplasmic reticulum] SLIME rxn	0	0	0	0	0	0
r_4079	sphinganine 1-phosphate [endoplasmic reticulum] SLIME rxn	0	0	0	0	0	0
r_4080	phosphatidate (1-16:0, 2-16:1) [endoplasmic reticulum membrane] SLIME rxn	0	0	0	0	0	0
r_4081	phosphatidate (1-16:0, 2-18:1) [endoplasmic reticulum membrane] SLIME rxn	0	0	0	0	0	0
r_4082	phosphatidate (1-16:1, 2-16:1) [endoplasmic reticulum membrane] SLIME rxn	0	0	0	0	0	0
r_4083	phosphatidate (1-16:1, 2-18:1) [endoplasmic reticulum membrane] SLIME rxn	0	0	0	0	0	0
r_4084	phosphatidate (1-18:0, 2-16:1) [endoplasmic reticulum membrane] SLIME rxn	0	0	0	0	0	0
r_4085	phosphatidate (1-18:0, 2-18:1) [endoplasmic reticulum membrane] SLIME rxn	0	0	0	0	0	0
r_4086	phosphatidate (1-18:1, 2-16:1) [endoplasmic reticulum membrane] SLIME rxn	0	0	0	0	0	0
r_4087	phosphatidate (1-18:1, 2-18:1) [endoplasmic reticulum membrane] SLIME rxn	0	0	0	0	0	0
r_4088	diglyceride (1-16:0, 2-16:1) [endoplasmic reticulum membrane] SLIME rxn	0	0	0	0	0	0
r_4089	diglyceride (1-16:0, 2-18:1) [endoplasmic reticulum membrane] SLIME rxn	0	0	0	0	0	0
r_4090	diglyceride (1-16:1, 2-16:1) [endoplasmic reticulum membrane] SLIME rxn	0	0	0	0	0	0
r_4091	diglyceride (1-16:1, 2-18:1) [endoplasmic reticulum membrane] SLIME rxn	0	0	0	0	0	0
r_4092	diglyceride (1-18:0, 2-16:1) [endoplasmic reticulum membrane] SLIME rxn	0	0	0	0	0	0
r_4093	diglyceride (1-18:0, 2-18:1) [endoplasmic reticulum membrane] SLIME rxn	0	0	0	0	0	0
r_4094	diglyceride (1-18:1, 2-16:1) [endoplasmic reticulum membrane] SLIME rxn	0	0	0	0	0	0
r_4095	diglyceride (1-18:1, 2-18:1) [endoplasmic reticulum membrane] SLIME rxn	0	0	0	0	0	0
r_4096	sn-2-acyl-1-lysophosphatidylinositol (16:1) [endoplasmic reticulum membrane] SLIME rxn	0	0	0	0	0	0
r_4097	sn-2-acyl-1-lysophosphatidylinositol (18:1) [endoplasmic reticulum membrane] SLIME rxn	0	0	0	0	0	0
r_4098	phosphatidylglycerol (1-16:0, 2-16:1) [mitochondrial membrane] SLIME rxn	0	0	0	0	0	0
r_4099	phosphatidylglycerol (1-16:1, 2-16:1) [mitochondrial membrane] SLIME rxn	0	0	0	0	0	0
r_4100	phosphatidylglycerol (1-18:0, 2-16:1) [mitochondrial membrane] SLIME rxn	0	0	0	0	0	0
r_4101	phosphatidylglycerol (1-18:1, 2-16:1) [mitochondrial membrane] SLIME rxn	0	0	0	0	0	0
r_4102	phosphatidylglycerol (1-16:0, 2-18:1) [mitochondrial membrane] SLIME rxn	0	0	0	0	0	0
r_4103	phosphatidylglycerol (1-16:1, 2-18:1) [mitochondrial membrane] SLIME rxn	0	0	0	0	0	0
r_4104	cardiolipin (1-16:0, 2-16:1, 3-16:0, 4-16:1) [mitochondrial membrane] SLIME rxn	0	0	0	0	0	0
r_4105	cardiolipin (1-16:0, 2-16:1, 3-16:1, 4-16:1) [mitochondrial membrane] SLIME rxn	0	0	0	0	0	0
r_4106	cardiolipin (1-16:0, 2-16:1, 3-18:0, 4-16:1) [mitochondrial membrane] SLIME rxn	0	0	0	0	0	0
r_4107	cardiolipin (1-16:0, 2-16:1, 3-18:1, 4-16:1) [mitochondrial membrane] SLIME rxn	0	0	0	0	0	0
r_4108	cardiolipin (1-16:0, 2-16:1, 3-16:0, 4-18:1) [mitochondrial membrane] SLIME rxn	0	0	0	0	0	0
r_4109	cardiolipin (1-16:0, 2-16:1, 3-16:1, 4-18:1) [mitochondrial membrane] SLIME rxn	0	0	0	0	0	0
r_4110	cardiolipin (1-16:1, 2-16:1, 3-16:0, 4-16:1) [mitochondrial membrane] SLIME rxn	0	0	0	0	0	0
r_4111	cardiolipin (1-16:1, 2-16:1, 3-16:1, 4-16:1) [mitochondrial membrane] SLIME rxn	0	0	0	0	0	0
r_4112	cardiolipin (1-16:1, 2-16:1, 3-18:0, 4-16:1) [mitochondrial membrane] SLIME rxn	0	0	0	0	0	0
r_4113	cardiolipin (1-16:1, 2-16:1, 3-18:1, 4-16:1) [mitochondrial membrane] SLIME rxn	0	0	0	0	0	0
r_4114	cardiolipin (1-16:1, 2-16:1, 3-16:0, 4-18:1) [mitochondrial membrane] SLIME rxn	0	0	0	0	0	0
r_4115	cardiolipin (1-16:1, 2-16:1, 3-16:1, 4-18:1) [mitochondrial membrane] SLIME rxn	0	0	0	0	0	0
r_4116	cardiolipin (1-18:0, 2-16:1, 3-16:0, 4-16:1) [mitochondrial membrane] SLIME rxn	0	0	0	0	0	0
r_4117	cardiolipin (1-18:0, 2-16:1, 3-16:1, 4-16:1) [mitochondrial membrane] SLIME rxn	0	0	0	0	0	0
r_4118	cardiolipin (1-18:0, 2-16:1, 3-18:0, 4-16:1) [mitochondrial membrane] SLIME rxn	0	0	0	0	0	0
r_4119	cardiolipin (1-18:0, 2-16:1, 3-18:1, 4-16:1) [mitochondrial membrane] SLIME rxn	0	0	0	0	0	0
r_4120	cardiolipin (1-18:0, 2-16:1, 3-16:0, 4-18:1) [mitochondrial membrane] SLIME rxn	0	0	0	0	0	0
r_4121	cardiolipin (1-18:0, 2-16:1, 3-16:1, 4-18:1) [mitochondrial membrane] SLIME rxn	0	0	0	0	0	0
r_4122	cardiolipin (1-18:1, 2-16:1, 3-16:0, 4-16:1) [mitochondrial membrane] SLIME rxn	0	0	0	0	0	0
r_4123	cardiolipin (1-18:1, 2-16:1, 3-16:1, 4-16:1) [mitochondrial membrane] SLIME rxn	0	0	0	0	0	0
r_4124	cardiolipin (1-18:1, 2-16:1, 3-18:0, 4-16:1) [mitochondrial membrane] SLIME rxn	0	0	0	0	0	0
r_4125	cardiolipin (1-18:1, 2-16:1, 3-18:1, 4-16:1) [mitochondrial membrane] SLIME rxn	0	0	0	0	0	0
r_4126	cardiolipin (1-18:1, 2-16:1, 3-16:0, 4-18:1) [mitochondrial membrane] SLIME rxn	0	0	0	0	0	0
r_4127	cardiolipin (1-18:1, 2-16:1, 3-16:1, 4-18:1) [mitochondrial membrane] SLIME rxn	0	0	0	0	0	0
r_4128	cardiolipin (1-16:0, 2-18:1, 3-16:0, 4-16:1) [mitochondrial membrane] SLIME rxn	0	0	0	0	0	0
r_4129	cardiolipin (1-16:0, 2-18:1, 3-16:1, 4-16:1) [mitochondrial membrane] SLIME rxn	0	0	0	0	0	0
r_4130	cardiolipin (1-16:0, 2-18:1, 3-18:0, 4-16:1) [mitochondrial membrane] SLIME rxn	0	0	0	0	0	0
r_4131	cardiolipin (1-16:0, 2-18:1, 3-18:1, 4-16:1) [mitochondrial membrane] SLIME rxn	0	0	0	0	0	0
r_4132	cardiolipin (1-16:0, 2-18:1, 3-16:0, 4-18:1) [mitochondrial membrane] SLIME rxn	0	0	0	0	0	0
r_4133	cardiolipin (1-16:0, 2-18:1, 3-16:1, 4-18:1) [mitochondrial membrane] SLIME rxn	0	0	0	0	0	0
r_4134	cardiolipin (1-16:1, 2-18:1, 3-16:0, 4-16:1) [mitochondrial membrane] SLIME rxn	0	0	0	0	0	0
r_4135	cardiolipin (1-16:1, 2-18:1, 3-16:1, 4-16:1) [mitochondrial membrane] SLIME rxn	0	0	0	0	0	0
r_4136	cardiolipin (1-16:1, 2-18:1, 3-18:0, 4-16:1) [mitochondrial membrane] SLIME rxn	0	0	0	0	0	0
r_4137	cardiolipin (1-16:1, 2-18:1, 3-18:1, 4-16:1) [mitochondrial membrane] SLIME rxn	0	0	0	0	0	0
r_4138	cardiolipin (1-16:1, 2-18:1, 3-16:0, 4-18:1) [mitochondrial membrane] SLIME rxn	0	0	0	0	0	0
r_4139	cardiolipin (1-16:1, 2-18:1, 3-16:1, 4-18:1) [mitochondrial membrane] SLIME rxn	0	0	0	0	0	0
r_4140	cardiolipin (1-18:1, 2-18:1, 3-16:0, 4-16:1) [mitochondrial membrane] SLIME rxn	0	0	0	0	0	0
r_4141	cardiolipin (1-18:1, 2-18:1, 3-16:1, 4-16:1) [mitochondrial membrane] SLIME rxn	0	0	0	0	0	0
r_4142	cardiolipin (1-18:1, 2-18:1, 3-18:0, 4-16:1) [mitochondrial membrane] SLIME rxn	0	0	0	0	0	0
r_4143	cardiolipin (1-18:1, 2-18:1, 3-18:1, 4-16:1) [mitochondrial membrane] SLIME rxn	0	0	0	0	0	0
r_4144	cardiolipin (1-18:1, 2-18:1, 3-16:0, 4-18:1) [mitochondrial membrane] SLIME rxn	0	0	0	0	0	0
r_4145	cardiolipin (1-18:1, 2-18:1, 3-16:1, 4-18:1) [mitochondrial membrane] SLIME rxn	0	0	0	0	0	0
r_4146	cardiolipin (1-16:0, 2-16:1, 3-18:1, 4-18:1) [mitochondrial membrane] SLIME rxn	0	0	0	0	0	0
r_4147	cardiolipin (1-16:1, 2-16:1, 3-18:1, 4-18:1) [mitochondrial membrane] SLIME rxn	0	0	0	0	0	0
r_4148	cardiolipin (1-18:0, 2-16:1, 3-18:1, 4-18:1) [mitochondrial membrane] SLIME rxn	0	0	0	0	0	0
r_4149	cardiolipin (1-18:1, 2-16:1, 3-18:1, 4-18:1) [mitochondrial membrane] SLIME rxn	0	0	0	0	0	0
r_4150	cardiolipin (1-16:0, 2-18:1, 3-18:1, 4-18:1) [mitochondrial membrane] SLIME rxn	0	0	0	0	0	0
r_4151	cardiolipin (1-16:1, 2-18:1, 3-18:1, 4-18:1) [mitochondrial membrane] SLIME rxn	0	0	0	0	0	0
r_4152	Cytochrome c apocytochrome-c-lyase	0	0	0	0	0	0
r_4153	(R)-Acetoin:NAD+ oxidoreductase	0	0	0	0	0	0
r_4154	Probable diacetyl reductase [(R)-acetoin forming] 2 (EC 1.1.1.303)	0	0	0	0	0	0
r_4155	Glutamyl-tRNA(Gln) amidotransferase subunit B, mitochondrial (Glu-AdT subunit B) (EC 6.3.5.-) (Cytochrome c oxidase assembly factor PET112)	0	0	0	0	0	0
r_4156	Methionine aminopeptidase 2 (MAP 2) (MetAP 2) (EC 3.4.11.18) (Peptidase M)	0	0	0	0	6.93889e-18	-6.93889e-18
r_4157	ADP-ribose 1''-phosphate phosphatase (EC 3.1.3.84) (EC 3.2.2.-) ([Protein ADP-ribosylglutamate] hydrolase)	0	0	0	0	0	0
r_4158	NADPH2:quinone oxidoreductase	0	0	0	0	0	0
r_4159	UDP-N-acetylglucosamine transferase subunit ALG14 (Asparagine-linked glycosylation protein 14)	0	0	0	0	0	0
r_4160	ADP-ribose pyrophosphatase (EC 3.6.1.13) (ADP-ribose diphosphatase) (ADP-ribose phosphohydrolase) (Adenosine diphosphoribose pyrophosphatase) (ADPR-PPase)	0	0	0	0	0	0
r_4161	Probable vacuolar amino acid transporter YPQ3 (PQ-loop repeat-containing protein 3) (Protein RTC2) (Restriction of telomere capping protein 2)	0	1000	0	69.0835	0	61.5127
r_4162	Probable vacuolar amino acid transporter YPQ3 (PQ-loop repeat-containing protein 3) (Protein RTC2) (Restriction of telomere capping protein 2)	0	1000	0	26.2579	0	23.3803
r_4163	Probable vacuolar amino acid transporter YPQ3 (PQ-loop repeat-containing protein 3) (Protein RTC2) (Restriction of telomere capping protein 2)	0	1000	0	40.416	0	35.9869
r_4164	oxalate:CoA ligase (AMP-forming)	0	0	0	0	0	0
r_4165	Glucosidase 2 subunit alpha (EC 3.2.1.84) (Alpha-glucosidase II subunit alpha) (Glucosidase II subunit alpha) (Reversal of TOR2 lethality protein 2)	0	0	0	0	0	0
r_4166	Glucosidase 2 subunit alpha (EC 3.2.1.84) (Alpha-glucosidase II subunit alpha) (Glucosidase II subunit alpha) (Reversal of TOR2 lethality protein 2)	0	0	0	0	0	0
r_4167	Vacuolar cation-chloride cotransporter 1 (Vacuolar homolog of CCC family protein 1)	0	0	0	0	0	0
r_4168	Probable metabolite transport protein YBR241C	0	0	0	0	0	0
r_4169	Probable metabolite transport protein YBR241C	0	0	0	0	0	0
r_4170	UDP-N-acetyl-D-glucosamine:dolichyl-phosphate N-acetyl-D-glucosamine phosphotransferase	0	0	0	0	0	0
r_4171	(5-glutamyl)-peptide:amino-acid 5-glutamyltransferase	0	4.16262	0	4.16262	0	0.118257
r_4172	P-type cation-transporting ATPase (EC 3.6.3.3) (Cadmium resistance protein 2) (Cadmium-translocating P-type ATPase) (Cd(2+)-exporting ATPase)	0	0	0	0	0	0
r_4174	Probable ATP-dependent permease	0	0	0	0	0	0
r_4175	Putative aryl-alcohol dehydrogenase AAD3 (EC 1.1.1.-)	0	0	0	0	0	0
r_4176	Putative aryl-alcohol dehydrogenase AAD3 (EC 1.1.1.-)	0	0	0	0	0	0
r_4177	Putative aryl-alcohol dehydrogenase AAD3 (EC 1.1.1.-)	0	0	0	0	0	0
r_4178	Putative aryl-alcohol dehydrogenase AAD3 (EC 1.1.1.-)	0	0	0	0	0	0
r_4179	Putative aryl-alcohol dehydrogenase AAD3 (EC 1.1.1.-)	0	0	0	0	0	0
r_4180	Benzyl alcohol:NAD+ oxidoreductase	0	0	0	0	0	0
r_4181	Manganese-transporting ATPase 1 (EC 3.6.3.-)	0	0	0	0	0	0
r_4183	D-Mannitol:NAD+ 2-oxidoreductase	0	0	0	0	0	0
r_4184	4-hydroxy-4-methyl-2-oxoglutarate pyruvate-lyase (pyruvate-forming)	0	0	0	0	0	0
r_4185	oxaloacetate carboxy-lyase (pyruvate-forming)	0	8.32524	0	8.32524	0	8.14737
r_4186	L-methionine:thioredoxin-disulfide S-oxidoreductase	0	0	0	0	0	0
r_4187	L-proline:tRNA(Pro) ligase (AMP-forming)	0	0	0	0	0	0
r_4188	Glutathione-specific gamma-glutamylcyclotransferase (Gamma-GCG) (EC 4.3.2.-)	0	2.77508	0	0.340111	0	5.7258e-05
r_4189	4a-hydroxytetrahydrobiopterin hydro-lyase	0	0	0	0	0	0
r_4190	superoxide:superoxide oxidoreductase	0	0	0	0	0	0
r_4191	2-Deoxy-D-glucose 6-phosphate phosphohydrolase	0	0	0	0	0	0
r_4192	Cytochrome c lysine N-methyltransferase 1 (EC 2.1.1.59)	0	0	0	0	0	0
r_4194	Zinc transporter YKE4	0	0	0	0	0	0
r_4195	Zinc transporter YKE4	0	0	0	0	0	0
r_4196	NADH:ferricytochrome-b5 oxidoreductase	0	0.279317	0	0.254796	2.22045e-16	0.00971273
r_4197	NADH-cytochrome b5 reductase 1 (EC 1.6.2.2) (Microsomal cytochrome b reductase) (P35)	0	0	0	0	8.88178e-16	0
r_4198	Benzil reductase ((S)-benzoin forming) IRC24 (EC 1.1.1.320) (Increased recombination centers protein 24)	0	0	0	0	0	0
r_4202	L-methionine:oxidized-thioredoxin S-oxidoreductase	0	0.615005	0	0.615005	0	0.0177318
r_4203	Vacuolar aminopeptidase 1 (EC 3.4.11.22) (Aminopeptidase yscI) (Leucine aminopeptidase IV) (LAPIV) (Lysosomal aminopeptidase III) (Polypeptidase) (Vacuolar aminopeptidase I)	0	0	0	0	0	0
r_4204	Vacuolar aminopeptidase 1 (EC 3.4.11.22) (Aminopeptidase yscI) (Leucine aminopeptidase IV) (LAPIV) (Lysosomal aminopeptidase III) (Polypeptidase) (Vacuolar aminopeptidase I)	0	0	0	0	0	0
r_4205	5-oxo-L-proline amidohydrolase (ATP-hydrolysing)	0	2.77508	0	0.340111	0	5.7258e-05
r_4206	threo-3-hydroxy-L-aspartate ammonia-lyase	0	0	0	0	0	0
r_4208	glutathione:dehydroascorbate oxidoreductase	0	0	0	0	0	0
r_4209	Glutathione S-transferase omega-like 2 (EC 2.5.1.18) (Extracellular mutant protein 4) (Glutathione-dependent dehydroascorbate reductase) (EC 1.8.5.1)	0	0	0	0	0	0
r_4210	urea hydro-lyase (cyanamide-forming)	0	0	0	0	0	0
r_4211	D-ribose 5-phosphate,D-glyceraldehyde 3-phosphate pyridoxal 5-phosphate-lyase (glutamine-hydrolyzing)	0	0	0	0	0	0
r_4212	D-ribulose 5-phosphate,D-glyceraldehyde 3-phosphate pyridoxal 5-phosphate-lyase	0	0	0	0	0	0
r_4214	L-cysteinylglycine dipeptidase	0	4.16262	0	4.16262	0	0.118257
r_4216	riboflavin-5-phosphate phosphohydrolase	-8.8e-07	8.32524	-8.79814e-07	1.79567	-8.77929e-07	1.59954
r_4217	Fe(II):oxygen oxidoreductase; Fe2+:oxygen oxidoreductase	0	0	0	0	0	0
r_4218	D-aminoacyl-tRNA deacylase (DTD) (EC 3.1.1.96) (D-tyrosyl-tRNA(Tyr) deacylase) (Gly-tRNA(Ala) deacylase) (EC 3.1.1.-)	0	0	0	0	0	0
r_4219	D-aminoacyl-tRNA deacylase (DTD) (EC 3.1.1.96) (D-tyrosyl-tRNA(Tyr) deacylase) (Gly-tRNA(Ala) deacylase) (EC 3.1.1.-)	0	0	0	0	0	0
r_4220	4-nitrophenyl phosphate phosphohydrolase	0	0	0	0	0	0
r_4221	D-Iditol:NAD+ 2-oxidoreductase	0	0	0	0	0	0
r_4222	ATP:alpha-D-galactose 1-phosphotransferase	0	0	0	0	0	0
r_4223	3-Hydroxy-2-methylpropanoyl-CoA hydrolase	0	0	0	0	0	0
r_4224	Sodium transport ATPase 5 (EC 3.6.3.7)	0	8.46428	0	8.46428	0	8.21024
r_4226	L-Alanine:2-oxoglutarate aminotransferase	-1000	1000	-40.0392	95.6747	-0.437101	0.278465
r_4227	2-phenylacetamide amidohydrolase	0	0	0	0	0	0
r_4228	Indole-3-acetamide amidohydrolase	0	0	0	0	0	0
r_4230	Probable amidase (EC 3.5.1.4)	0	0	0	0	0	0
r_4231	Acylamide aminohydrolase	0	0	0	0	0	0
r_4232	ATP:D-Gluconate 6-phosphotransferase	0	8.32524	0	8.32524	0	8.14737
r_4234	Phosphatidylinositol N-acetylglucosaminyltransferase subunit GPI19 (GPI-GlcNAc transferase complex subunit GPI19) (GPI-GnT subunit GPI19) (EC 2.4.1.198)	0	0	0	0	0	0
r_4236	(R)-lactate hydro-lyase	-3.16232	1000	-3.15751	21.7343	-1.19877	4.80747
r_4237	Calcium-transporting ATPase 2 (EC 3.6.3.8) (Vacuolar Ca(2+)-ATPase)	0	0	0	0	0	0
r_4238	Calcium-transporting ATPase 2 (EC 3.6.3.8) (Golgi Ca(2+)-ATPase)	0	0	0	0	0	0
r_4241	Mannosyl-oligosaccharide glucosidase (EC 3.2.1.106) (Processing A-glucosidase I) (Glucosidase I)	0	0	0	0	0	0
r_4242	Initiation-specific alpha-1,6-mannosyltransferase (EC 2.4.1.232) (Outer chain elongation protein 1)	0	0	0	0	0	0
r_4243	Alpha-1,3/1,6-mannosyltransferase ALG2 (EC 2.4.1.132) (EC 2.4.1.257) (Asparagine-linked glycosylation protein 2) (GDP-Man:Man(1)GlcNAc(2)-PP-Dol alpha-1,3-mannosyltransferase) (GDP-Man:Man(1)GlcNAc(2)-PP-dolichol mannosyltransferase) (GDP-Man:Man(2)GlcNAc(2)-PP-Dol alpha-1,6-mannosyltransferase)	0	0	0	0	0	0
r_4244	GDP-D-mannose:D-Man-alpha-(1->3)-D-Man-beta-(1->4)-D-GlcNAc-beta-(1->4)-D-GlcNAc-diphosphodolichol alpha-6-mannosyltransferase	0	0	0	0	0	0
r_4245	2-O-(6-phospho-alpha-D-mannosyl)-D-glycerate 6-phosphomannohydrolase	0	0	0	0	0	0
r_4247	ATP:L-threonyl,bicarbonate adenylyltransferase	0	0	0	0	0	0
r_4248	D-serine ammonia-lyase	0	0	0	0	0	0
r_4249	O3-acetyl-L-serine:hydrogen-sulfide 2-amino-2-carboxyethyltransferase; O3-acetyl-L-serine acetate-lyase (adding hydrogen sulfide)	0	1.58787	0	1.14684	0	0.000816462
r_4250	Dolichyl-diphosphate phosphohydrolase	0	0	0	0	0	0
r_4253	dolichyl beta-D-glucosyl phosphate:D-Glc-alpha-(1->3)-D-Glc-alpha-(1->3)-D-Man-alpha-(1->2)-D-Man-alpha-(1->2)-D-Man-alpha-(1->3)-[D-Man-alpha-(1->2)-D-Man-alpha-(1->3)-[D-Man-alpha-(1->2)-D-Man-alpha-(1->6)]-D-Man-alpha-(1->6)]-D-Man-beta-(1->4)-D-GlcNAc-beta-(1->4)-D-GlcNAc-diphosphodolichol alpha-1,2-glucosyltransferase	0	0	0	0	0	0
r_4254	nitric oxide, NADH2:oxygen oxidoreductase	0	0	0	0	0	0
r_4255	nitric oxide, NADPH2:oxygen oxidoreductase	0	0	0	0	0	0
r_4260	Deaminated glutathione amidase (dGSH amidase) (EC 3.5.1.-) (Nitrilase homolog 1)	0	0	0	0	0	0
r_4261	Deaminated glutathione amidase (dGSH amidase) (EC 3.5.1.-) (Nitrilase homolog 1)	0	0	0	0	0	0
r_4262	citrate hydroxymutase	-1000	1000	-132.11	240.357	-0.940655	3.08948
r_4263	Anion/proton exchange transporter GEF1 (CLC protein GEF1) (ClC-A) (ClC-Y1) (Voltage-gated chloride channel) [Cleaved into: GEF1 N-terminal; GEF1 C-terminal]	0	0	0	0	0	0
r_4264	succinate:NAD+ oxidoreductase	0	5.07069	0	5.05993	0	1.30943
r_4266	Inosine triphosphate pyrophosphatase (ITPase) (Inosine triphosphatase) (EC 3.6.1.9) (Hydroxylaminopurine sensitivity protein 1) (Non-canonical purine NTP pyrophosphatase) (Non-standard purine NTP pyrophosphatase) (Nucleoside-triphosphate diphosphatase) (Nucleoside-triphosphate pyrophosphatase) (NTPase)	0	4.91415	0	4.91415	0	0.00814329
r_4267	2'-Deoxyguanosine 5'-triphosphate diphosphohydrolase	0	4.91415	0	4.90651	0	0.00683455
r_4268	dTTP diphosphohydrolase	0	4.91415	0	4.91415	0	0.287482
r_4269	Inosine triphosphate pyrophosphatase (ITPase) (Inosine triphosphatase) (EC 3.6.1.9) (Hydroxylaminopurine sensitivity protein 1) (Non-canonical purine NTP pyrophosphatase) (Non-standard purine NTP pyrophosphatase) (Nucleoside-triphosphate diphosphatase) (Nucleoside-triphosphate pyrophosphatase) (NTPase)	0	0	0	0	0	0
r_4270	superoxide:superoxide oxidoreductase	0	0	0	0	0	0
r_4271	Endoplasmic reticulum mannosyl-oligosaccharide 1,2-alpha-mannosidase (EC 3.2.1.113) (ER alpha-1,2-mannosidase) (Man(9)-alpha-mannosidase)	0	0	0	0	0	0
r_4272	alpha 1,2-mannosyloligosaccharide alpha-D-mannohydrolase	0	0	0	0	0	0
r_4273	ethylnitronate:oxygen 2-oxidoreductase (nitrite-forming)	0	0	0	0	0	0
r_4274	O-Succinyl-L-homoserine succinate-lyase (deaminating; 2-oxobutanoate-forming)	0	1.33337	0	1.33337	0	0.0221919
r_4275	Fe(II):NADP+ oxidoreductase	0	0	0	0	0	0
r_4276	Fe(II):NADP+ oxidoreductase	0	0	0	0	0	0
r_4279	8-oxo-dGTP diphosphohydrolase	0	0	0	0	0	0
r_4282	ATP:D-fructose-6-phosphate 2-phosphotransferase	0	0	0	0	0	0
r_4283	ATP:D-fructose 6-phosphotransferase	0	0	0	0	0	0
r_4284	ATP:beta-D-glucose 6-phosphotransferase	0	0	0	0	0	0
r_4285	ATP:alpha-D-glucose 6-phosphotransferase	0	0	0	0	0	0
r_4286	ATP:D-glucosamine 6-phosphotransferase	0	0	0	0	0	0
r_4287	ATP:D-fructose 6-phosphotransferase	0	0	0	0	0	0
r_4288	alpha-D-Glucose 6-phosphate ketol-isomerase	0	0	0	0	0	0
r_4291	D-Glyceraldehyde:NAD+ oxidoreductase	0	0	0	0	0	0
r_4292	4-Aminobutyraldehyde:NAD+ oxidoreductase	-5.77363	0	-5.77363	0	-3.53959	0
r_4293	4-aminobutanal:NAD+ 1-oxidoreductase; 4-aminobutyraldehyde:NAD+ oxidoreductase	0	5.77363	0	5.77363	0	1.76979
r_4294	Indole-3-acetaldehyde:NAD+ oxidoreductase	0	0	0	0	0	0
r_4295	2-Propyn-1-al:NAD+ oxidoreductase	0	0	0	0	0	0
r_4296	D-Glucuronolactone:NAD+ oxidoreductase	0	0	0	0	0	0
r_4297	4-Trimethylammoniobutanal:NAD+ 1-oxidoreductase; 4-Trimethylammoniobutanal:NAD+ oxidoreductase	0	0	0	0	0	0
r_4298	(S)-Methylmalonate semialdehyde:NAD+ oxidoreductase	0	0	0	0	0	0
r_4299	Imidazole acetaldehyde:NAD+ oxidoreductase	0	0	0	0	0	0
r_4300	3alpha,7alpha-Dihydroxy-5beta-cholestan-26-al:NAD+ oxidoreductase	0	0	0	0	0	0
r_4301	5-Hydroxyindoleacetaldehyde:NAD+ oxidoreductase	0	0	0	0	0	0
r_4302	N4-Acetylaminobutanal:NAD+ oxidoreductase	0	0	0	0	0	0
r_4303	Fatty aldehyde dehydrogenase HFD1 (EC 1.2.1.3)	0	0	0	0	0	0
r_4304	Fatty aldehyde dehydrogenase HFD1 (EC 1.2.1.3)	0	0	0	0	0	0
r_4305	Chloroacetaldehyde:NAD+ oxidoreductase	0	0	0	0	0	0
r_4306	Aldehyde:NAD+ oxidoreductase	0	0	0	0	0	0
r_4307	farnesal:NAD+ oxidoreductase	0	0	0	0	0	0
r_4309	Putative esterase YMR210W (EC 3.1.1.-)	0	0	0	0	0	0
r_4310	GDP-mannose:glycolipid 1,2-alpha-D-mannosyltransferase	0	0	0	0	0	0
r_4311	GDP-mannose:glycolipid 1,2-alpha-D-mannosyltransferase	0	0	0	0	0	0
r_4312	S-adenosyl-L-methionine:carnosine N-methyltransferase	0	0	0	0	0	0
r_4313	Alpha-1,2-mannosyltransferase ALG9 (EC 2.4.1.259) (EC 2.4.1.261) (Asparagine-linked glycosylation protein 9) (Dol-P-Man:Man(6)GlcNAc(2)-PP-Dol alpha-1,2-mannosyltransferase) (Dol-P-Man:Man(8)GlcNAc(2)-PP-Dol alpha-1,2-mannosyltransferase)	0	0	0	0	0	0
r_4314	Alpha-1,2-mannosyltransferase ALG9 (EC 2.4.1.259) (EC 2.4.1.261) (Asparagine-linked glycosylation protein 9) (Dol-P-Man:Man(6)GlcNAc(2)-PP-Dol alpha-1,2-mannosyltransferase) (Dol-P-Man:Man(8)GlcNAc(2)-PP-Dol alpha-1,2-mannosyltransferase)	0	0	0	0	0	0
r_4315	Glycolate:NAD+ oxidoreductase	0	0	0	0	0	0
r_4316	Dol-P-Man:Man(7)GlcNAc(2)-PP-Dol alpha-1,6-mannosyltransferase (EC 2.4.1.260) (Asparagine-linked glycosylation protein 12) (Dolichyl-P-Man:Man(7)GlcNAc(2)-PP-dolichyl-alpha-1,6-mannosyltransferase) (Extracellular mutant protein 39) (Mannosyltransferase ALG12)	0	0	0	0	0	0
r_4317	sucrose glucohydrolase	0	0	0	0	0	0
r_4318	Isomaltose 6-alpha-D-glucanohydrolase	0	0	0	0	0	0
r_4319	Dextrin 6-alpha-D-glucanohydrolase	0	0	0	0	0	0
r_4320	dolichyl beta-D-glucosyl phosphate:D-Man-alpha-(1->2)-D-Man-alpha-(1->2)-D-Man-alpha-(1->3)-[D-Man-alpha-(1->2)-D-Man-alpha-(1->3)-[D-Man-alpha-(1->2)-D-Man-alpha-(1->6)]-D-Man-alpha-(1->6)]-D-Man-beta-(1->4)-D-GlcNAc-beta-(1->4)-D-GlcNAc-diphosphodolichol alpha-1,3-glucosyltransferase	0	0	0	0	0	0
r_4321	dolichyl beta-D-glucosyl phosphate:D-Glc-alpha-(1->3)-D-Man-alpha-(1->2)-D-Man-alpha-(1->2)-D-Man-alpha-(1->3)-[D-Man-alpha-(1->2)-D-Man-alpha-(1->3)-[D-Man-alpha-(1->2)-D-Man-alpha-(1->6)]-D-Man-alpha-(1->6)]-D-Man-beta-(1->4)-D-GlcNAc-beta-(1->4)-D-GlcNAc-diphosphodolichol alpha-1,3-glucosyltransferase	0	0	0	0	0	0
r_4322	GPI mannosyltransferase 4 (EC 2.4.1.-) (GPI mannosyltransferase IV) (GPI-MT-IV)	0	0	0	0	0	0
r_4326	thiosulfate:cyanide sulfurtranserase	0	0	0	0	0	0
r_4327	Magnesium transporter MRS2, mitochondrial (RNA-splicing protein MRS2)	0	0	0	0	0	0
r_4328	UDPglucose:dolichyl-phosphate beta-D-glucosyltransferase	0	0	0	0	0	0
r_4329	Putative sulfate transporter YPR003C	0	0	0	0	0	0
r_4330	Pyridoxine:NADP+ 4-oxidoreductase	-4.76612	0	-4.76612	0	-0.00429063	6.93889e-18
r_4331	[1,4-(N-Acetyl-beta-D-glucosaminyl)]n glycanohydrolase	0	0	0	0	-2.77556e-17	0
r_4332	Protein PNS1 (pH nine-sensitive protein 1)	0	8.32524	0	4.89841	0	4.38815
r_4333	Polyphosphate phosphohydrolase	-506.056	4.16262	-27.6935	4.16262	-24.6749	4.07369
r_4334	Copper-transporting ATPase (EC 3.6.3.54) (Cu(2+)-ATPase)	0	0	0	0	0	0
r_4335	Endopolyphosphatase (EC 3.6.1.10) (Deoxyadenosine triphosphate phosphohydrolase) (dATP phosphohydrolase) (EC 3.6.1.-) (Exopolyphosphatase) (EC 3.6.1.11) (Phosphate metabolism protein 5)	0	8.32524	0	8.32524	0	1.8564
r_4336	Monoamide of a dicarboxylic acid amidohydrolase	0	0	0	0	0	0
r_4337	Iron-sulfur clusters transporter ATM1, mitochondrial	0	0	0	0	0	0
r_4338	Oligo-1,6-glucosidase IMA2 (EC 3.2.1.10) (Alpha-glucosidase) (Isomaltase 2)	0	0	0	0	0	0
r_4339	UDP-N-acetylglucosamine transporter YEA4	0	0	0	0	0	0
r_4341	glycerol 2-phosphate(2-) transport	0	0	0	0	0	0
r_4342	Glycerol-2-phosphate phosphohydrolase	0	0	0	0	0	0
r_4343	L-Threonine phosphate transport in via proton symport	0	0	0	0	0	0
r_4344	acid phosphatase / phosphotransferase	0	0	0	0	0	0
r_4345	alkaline phosphatase	0	0	0	0	0	0
r_4346	Guanosine transport via proton symport	0	0	0	0	0	0
r_4347	Guanosine 3'-phosphate phosphohydrolase	0	0	0	0	0	0
r_4348	Guanosine transport via proton symport(for 3'-GMP)	0	0	0	0	0	0
r_4349	2-Phosphoglycolate transport in/out via proton symport	0	0	0	0	0	0
r_4350	2-phosphoglycolate phosphohydrolase	0	0	0	0	0	0
r_4351	alkaline phosphatase	0	0	0	0	0	0
r_4352	cysteamine S-phosphate transport via proton symport	0	0	0	0	0	0
r_4353	Cysteamine:oxygen oxidoreductase	0	0	0	0	0	0
r_4354	hypotaurine:NAD+ oxidoreductase	0	0	0	0	0	0
r_4355	2-aminobutanoate:2-oxoglutarate aminotransferase	0	0	0	0	0	0
r_4356	2-aminobutyrate transport	0	0	0	0	0	0
r_4357	alkaline phosphatase	0	0	0	0	0	0
r_4358	Uridine 2'-phosphate transport in via proton symport	0	0	0	0	0	0
r_4359	Uridine 3'-monophosphate phosphohydrolase	0	0	0	0	0	0
r_4360	3'-UMP transport in via proton symport	0	0	0	0	0	0
r_4361	Gly-Met transport via proton symport	0	0	0	0	0	0
r_4362	dipeptidase	0	0	0	0	0	0
r_4363	R07420	0	0	0	0	0	0
r_4364	N-phosphocreatine transport	0	0	0	0	0	0
r_4365	creatinine transport	0	0	0	0	0	0
r_4366	ATP:L-arginine Nomega-phosphotransferase	0	0	0	0	0	0
r_4367	L-arginine phosphate transport in/out via proton symport	0	0	0	0	0	0
r_4368	acid phosphatase / phosphotransferase	0	0	0	0	0	0
r_4369	Tripolyphosphate transport in via proton symport	0	0	0	0	0	0
r_4370	alkaline phosphatase	0	0	0	0	0	0
r_4371	Cytidine- 2'- Monophosphate transport in via proton symport	0	0	0	0	0	0
r_4372	cyclic phosphodiesterase	0	0	0	0	0	0
r_4373	2',3'-Cyclic UMP transport in via proton symport	0	0	0	0	0	0
r_4374	3-Sulfino-L-alanine 4-carboxy-lyase	0	0	0	0	0	0
r_4375	3-Sulfino-L-alanine transport via proton antiport	0	0	0	0	0	0
r_4376	adenosine 3'-phosphate phosphohydrolase	0	0	0	0	0	0
r_4377	3AMP transport via diffusion (extracellular to periplasm)	0	0	0	0	0	0
r_4378	alpha-glucosidase	0	0	0	0	0	0
r_4379	Palatinose transport in via proton symport	0	0	0	0	0	0
r_4380	Amino-Acid N-Acetyltransferase	0	0	0	0	0	0
r_4381	Acetylcysteine transport via proton symport	0	0	0	0	0	0
r_4382	thiosulfate:ferricytochrome-c oxidoreductase	0	0	0	0	0	0
r_4383	etrathionate transport via diffusion	0	0	0	0	0	0
r_4384	D-Gluconate:NADP+ 5-oxidoreductase	0	0	0	0	0	0
r_4385	5-Dehydro-D-gluconate transport via proton symport	0	0	0	0	0	0
r_4386	dipeptidase	0	0	0	0	0	0
r_4387	ala-L-asp-L transport via proton symport	0	0	0	0	0	0
r_4388	cyclic phosphodiesterase	0	0	0	0	0	0
r_4389	2',3'-Cyclic CMP transport in via proton symport	0	0	0	0	0	0
r_4390	beta-glucosidase (methyl-alpha-D-glucoside)	0	0	0	0	0	0
r_4391	Methanol diffusion	0	0	0	0	0	0
r_4392	alpha-Methyl-D-glucoside transport via proton symport	0	0	0	0	0	0
r_4393	ATP:D-tagatose 6-phosphotransferase	0	0	0	0	0	0
r_4394	D-tagatose 6-phosphate 4-epimerase	0	0	0	0	0	0
r_4395	D-tagatose uptake via diffusion	0	0	0	0	0	-7.10543e-15
r_4396	Acetoacetate:CoA ligase (AMP-forming)	0	0.570371	0	0.570371	0	0.0293689
r_4397	N-Acyl-Aliphatic-L-Amino Acid Amidohydrolase	0	0	0	0	0	0
r_4398	Ala-Gln transport via proton symport	0	0	0	0	0	0
r_4399	L-alanyl-L-glutamate transport in via proton symport	0	0	0	0	0	0
r_4400	Maltodextrin glucosidase (maltotriose)	0	0	0	0	0	0
r_4401	Ala-Thr transport via proton symport	0	0	0	0	0	0
r_4402	Ala-Thr transport via proton symport (extracellular to cytosol)	0	0	0	0	0	0
r_4403	Triphosphate phosphohydrolase	0	0	0	0	0	0
r_4404	Gly-Asn transport via proton symport (extracellular to cytosol)	0	0	0	0	0	0
r_4405	glycerol 1-phosphate transport	0	0	0	0	0	0
r_4406	D-O-Phosphoserine transport in/out via proton symport	0	0	0	0	0	0
r_4407	D-O-Phosphoserine phosphohydrolase	0	0	0	0	0	0
r_4408	L-alanyl-L-glutamate transport in via proton symport	0	0	0	0	0	0
r_4409	L-alanyl-gamma-L-glutamate peptidase	0	0	0	0	0	0
r_4410	3-oxalomalate glyoxylate-lyase (oxaloacetate-forming)	0	0	0	0	0	0
r_4411	L-cysteate bisulfite-lyase (deaminating)	0	0	0	0	0	0
r_4412	cyclic phosphodiesterase	0	0	0	0	0	0
r_4413	deoxynucleotide 3'-phosphatase	0	0	0	0	0	0
r_4414	cytosol nonspecific dipeptidase	0	0	0	0	0	0
r_4415	Cytosol non-specific dipeptidase	0	0	0	0	0	0
r_4416	Cytosol non-specific dipeptidase	0	0	0	0	0	0
r_4417	Cytosol non-specific dipeptidase	0	0	0	0	0	0
r_4418	Cytosol non-specific dipeptidase	0	0	0	0	0	0
r_4419	L-Cysteate transport via proton symport	0	0	0	0	0	0
r_4420	alpha-glucosidase	0	0	0	0	0	0
r_4421	2-Hydroxyethanesulfonate transport via proton symport	0	0	0	0	0	0
r_4422	3-Oxalomalate transport via proton symport	0	0	0	0	0	0
r_4423	Gly-Met transport via proton symport	0	0	0	0	0	0
r_4424	Gly-Gln transport via proton symport	0	0	0	0	0	0
r_4425	Gly-Gln transport via proton symport	0	0	0	0	0	0
r_4426	Ala-Gln transport via proton symport	0	0	0	0	0	0
r_4427	N-Acetylmethionine transport via proton symport	0	0	0	0	0	0
r_4428	Phosphotyrosine transport via proton symport	0	0	0	0	0	0
r_4429	Ala-His transport via proton symport	0	0	0	0	0	0
r_4430	Ala-His transport via proton symport	0	0	0	0	0	0
r_4431	ala-L-asp-L transport via proton symport	0	0	0	0	0	0
r_4432	FMNH2-dependent alkanesulfonate monooxygenase	0	0	0	0	0	0
r_4433	thymidine 3-monophosphate transport	0	0	0	0	0	0
r_4434	thymidine 5-monophosphate transport	0	0	0	0	0	0
r_4435	glycerol-1-phosphate phosphohydrolase	0	0	0	0	0	0
r_4436	nucleotide-specific phosphatase (thymidine 5'-monophosphate)	0	0	0	0	0	0
r_4437	Gly-Glu transport via proton symport (extracellular to cytosol)	0	0	0	0	0	0
r_4438	Gly-Glu transport via proton symport (cytosol to vacuole)	0	0	0	0	0	0
r_4439	cytosol nonspecific dipeptidase	0	0	0	0	0	0
r_4440	L-methionine transport, vacuoluar	0	0	0	0	0	0
r_4441	L-threonine transport, vacuoluar	0	0	0	0	0	0
r_4442	cysteamine exchange	0	0	0	0	0	0
r_4443	23cGMP transport via diffusion (extracellular to periplasm)	0	0	0	0	0	0
r_4444	D-Glycerate 2-phosphate transport in/out via proton symport	0	0	0	0	0	0
r_4445	3-Phospho-D-glycerate transport in/out via proton symport	0	0	0	0	0	0
r_4446	D-glucose 1-phosphate transport via diffusion	-0.963156	0	-0.963156	0	-0.963156	0
r_4447	carbamoyl phosphate nuclear transport via diffusion	-1.70782	0	-1.70782	0	-0.19561	0
r_4448	Met-Ala transport via proton symport (extracellular to cytosol)	0	0	0	0	0	0
r_4449	Met-Ala transport via proton symport (cytosol to vacuole)	0	0	0	0	0	0
r_4450	O-Phospho-L-serine transport in via proton symport	0	0	0	0	0	0
r_4451	GMP transport via proton symport	0	0	0	0	0	0
r_4452	myo-inositol phosphate transport via diffusion (extracellular to periplasm)	0	0	0	0	0	0
r_4453	D-glucose 6-phosphate transport	-0.963156	0	-0.963156	0	-0.963156	0
r_4454	UMP transport	-0.61252	0	-0.61252	0	-0.0647058	0
r_4455	Phosphoenolpyruvate transport in via proton symport	0	0	0	0	0	0
r_4456	Mannose 6-phosphate transport via diffusion (extracellular to periplasm)	-0.963156	0	-0.963156	0	-0.963156	0
r_4457	O-Phosphoryl-Ethanolamine transport in via proton symport	0	0	0	0	0	0
r_4458	6-Phospho-D-gluconate transport in/out via proton symport	0	0	0	0	0	0
r_4459	MAN1P transport in/out via proton symport	0	0	0	0	0	0
r_4460	Pyrophosphate transport in via proton symport	0	0	0	0	0	0
r_4461	Choline phosphate intracellular transport	-0.399296	0	-0.385927	0	-0.00412868	0
r_4462	thiosulfate transport	0	0	0	0	0	0
r_4463	AMP transport in/out via proton symport	0	0	0	0	0	0
r_4464	23cAMP transport via diffusion (extracellular to periplasm)	0	0	0	0	0	0
r_4465	Adenosine- 2'-Monophosphate transport in via proton symport	0	0	0	0	0	0
r_4466	CMP transport in/out via proton symport	0	0	0	0	0	0
r_4467	D-glucosamine transport via diffusion (extracellular to periplasm)	0	0	0	0	0	0
r_4468	2-deoxy-D-ribose transport	0	0	0	0	0	0
r_4469	L-Citrulline transport in via proton symport	0	0	0	0	0	0
r_4470	Dihydroxyacetone transport via facilitated diffusion	0	0	0	0	0	0
r_4471	Ala-Leu transport via proton symport (extracellular to cytosol)	0	0	0	0	0	0
r_4472	Ala-Leu transport via proton symport (cytosol to vacuole)	0	0	0	0	0	0
r_4473	L-alanylglycine transport via proton antiport	0	0	0	0	0	0
r_4474	L-alanylglycine transport via proton antiport	0	0	0	0	0	0
r_4475	N-acetyl-L-glutamate transport	-0.733333	0	-0.733333	0	-0.210868	0
r_4476	N-acetyl-L-glutamate transport	-0.733333	0	-0.733333	0	-0.210868	0
r_4477	Lipoamide transport via proton symport	0	0	0	0	0	0
r_4478	L-methionine S-oxide transport via diffusion (extracellular)	-0.615005	0	-0.615005	0	-0.0177318	0
r_4479	Gly-Asn transport via proton symport	0	0	0	0	0	0
r_4480	Cysteamine transport via proton antiport	0	0	0	0	0	0
r_4481	Hydrogen sulfide oxidation	0	0.916932	0	0.916932	0	0.0544392
r_4482	L-alanine transport in via proton symport	0	0	0	0	0	0
r_4483	Glycine transport (vacuole)	0	0	0	0	0	0
r_4484	O4-succinyl-L-homoserine:hydrogen sulfide S-(3-amino-3-carboxypropyl)transferase; O-succinyl-L-homoserine succinate-lyase (adding hydrogen sulfide)	-1.33337	0	-1.33337	0	-0.0221919	0
r_4485	4-Hydroxyphenylpyruvate:oxygen oxidoreductase (hydroxylating,decarboxylating)	0	0.701748	0	0.701748	0	0.0293689
r_4486	Homogentisate:oxygen 1,2-oxidoreductase (decyclizing)	0	0.701748	0	0.701748	0	0.0293689
r_4487	4-Maleylacetoacetate cis-trans-isomerase	0	0.701748	0	0.701748	0	0.0293689
r_4488	4-fumarylacetoacetate fumarylhydrolase	0	0.701748	0	0.701748	0	0.0293689
r_4489	L-arabinitol:NAD+ 4-oxidoreductase (L-xylulose-forming)	0	0	0	0	0	0
r_4490	Xylitol:NADP+ 4-oxidoreductase (L-xylulose-forming)	0	0	0	0	0	0
r_4491	arabinose reductase (D-arabinose)	0	0	0	0	0	0
r_4492	D-arabinitol:NAT 4-oxidoreductase	0	0	0	0	0	0
r_4493	Acetoacetate transport via diffusion	-0.701748	0	-0.701748	0	-0.0293689	0
r_4494	methanol exchange	0	0	0	0	0	0
r_4495	alkaline phosphatase	0	0	0	0	0	0
r_4496	Ala-Gly exchange	0	0	0	0	0	0
r_4497	3-oxalomalate(3-) exchange	0	0	0	0	0	0
r_4498	6-O-alpha-D-glucopyranosyl-D-fructofuranose exchange	0	0	0	0	0	0
r_4499	5-dehydro-D-gluconate exchange	0	0	0	0	0	0
r_4500	D-tagatose exchange	0	0	0	0	0	0
r_4501	turanose exchange	0	0	0	0	0	0
r_4502	D-glucose 6-phosphate exchange	0	0.963156	0	0.963156	0	0.963156
r_4503	alpha-maltotriose exchange	0	0	0	0	0	0
r_4504	D-glucose 1-phosphate exchange	0	0.963156	0	0.963156	0	0.963156
r_4505	methyl alpha-D-glucopyranoside exchange	0	0	0	0	0	0
r_4506	D-Glucosamine exchange	0	0	0	0	0	0
r_4507	glycerone exchange	0	0	0	0	0	0
r_4508	Ala-Gln exchange	0	0	0	0	0	0
r_4509	Ala-Leu exchange	0	0	0	0	0	0
r_4510	Gly-Gln exchange	0	0	0	0	0	0
r_4511	Ala-His exchange	0	0	0	0	0	0
r_4512	Gly-Asn exchange	0	0	0	0	0	0
r_4513	Ala-Glu exchange	0	0	0	0	0	0
r_4514	Gly-Met exchange	0	0	0	0	0	0
r_4515	Ala-Asp exchange	0	0	0	0	0	0
r_4516	Gly-Glu exchange	0	0	0	0	0	0
r_4517	Ala-Thr exchange	0	0	0	0	0	0
r_4518	Met-Ala exchange	0	0	0	0	0	0
r_4519	L-citrulline exchange	0	0	0	0	0	0
r_4520	2-aminobutanoate exchange	0	0	0	0	0	0
r_4521	choline phosphate exchange	0	0.399296	0	0.385927	0	0.00412868
r_4522	glycerol 1-phosphate exchange	0	0	0	0	0	0
r_4523	2-phospho-D-glyceric acid exchange	0	0	0	0	0	0
r_4524	GMP exchange	0	0	0	0	0	0
r_4525	3-phospho-serine exchange	0	0	0	0	0	0
r_4526	O-phosphonatooxy-D-serine(2-) exchange	0	0	0	0	0	0
r_4527	diphosphate exchange	0	0	0	0	0	0
r_4528	triphosphate exchange	0	0	0	0	0	0
r_4529	phosphoenolpyruvate exchange	0	0	0	0	0	0
r_4530	N(omega)-phospho-L-arginine exchange	0	0	0	0	0	0
r_4531	carbamoyl phosphate exchange	0	1.70782	0	1.70782	0	0.19561
r_4532	O-phosphoethanolamine exchange	0	0	0	0	0	0
r_4533	cysteamine S-phosphate exchange	0	0	0	0	0	0
r_4534	guanosine 2'-monophosphate exchange	0	0	0	0	0	0
r_4535	glycerol 2-phosphate(2-) exchange	0	0	0	0	0	0
r_4536	3'-GMP exchange	0	0	0	0	0	0
r_4537	2-phosphoglycolate exchange	0	0	0	0	0	0
r_4538	6-phospho-D-gluconate exchange	0	0	0	0	0	0
r_4539	D-mannose 6-phosphate exchange	0	0.963156	0	0.963156	0	0.963156
r_4540	2',3'-cyclic GMP exchange	0	0	0	0	0	0
r_4541	O(4)-phospho-L-tyrosine exchange	0	0	0	0	0	0
r_4542	O-phospho-L-threonine exchange	0	0	0	0	0	0
r_4543	3-phosphonato-D-glycerate(3-) exchange	0	0	0	0	0	0
r_4544	adenosine 2'-phosphate exchange	0	0	0	0	0	0
r_4545	3'-AMP exchange	0	0	0	0	0	0
r_4546	2',3'-cyclic AMP exchange	0	0	0	0	0	0
r_4547	D-mannose 1-phosphate exchange	0	0	0	0	0	0
r_4548	AMP exchange	0	0	0	0	0	0
r_4549	N(alpha)-acetyl-L-methionine exchange	0	0	0	0	0	0
r_4550	L-Methionine S-oxide exchange	0	0.615005	0	0.615005	0	0.0177318
r_4551	3-sulfino-L-alanine exchange	0	0	0	0	0	0
r_4552	N-acetyl-L-cysteine exchange	0	0	0	0	0	0
r_4553	L-cysteate exchange	0	0	0	0	0	0
r_4554	2-hydroxyethane-1-sulfonate exchange	0	0	0	0	0	0
r_4555	acetoacetate exchange	0	0.701748	0	0.701748	0	0.0293689
r_4556	N-acetyl-L-glutamate exchange	0	0.733333	0	0.733333	0	0.210868
r_4557	UMP exchange	0	0.61252	0	0.61252	0	0.0647058
r_4558	CMP exchange	0	0	0	0	0	0
r_4559	thymidine 5'-monophosphate exchange	0	0	0	0	0	0
r_4560	thymidine 3'-monophosphate exchange	0	0	0	0	0	0
r_4561	cytidine 2'-phosphate exchange	0	0	0	0	0	0
r_4562	uridine 2'-phosphate exchange	0	0	0	0	0	0
r_4563	3'-UMP exchange	0	0	0	0	0	0
r_4564	2',3'-cyclic CMP exchange	0	0	0	0	0	0
r_4565	2',3'-cyclic UMP exchange	0	0	0	0	0	0
r_4567	6-phosphogluconate phosphatase	0	8.32524	0	8.32524	0	8.14737
r_4569	Carboxylic ester hydrolases	0	0	0	0	0	0
r_4570	phosphoglycerate dehydrogenase	-1.45108	0	-1.20622	0	-0.210868	0
r_4571	seed:rxn00681	0	1.45108	0	1.20622	0	0.210868
r_4572	beta-alanine:2-oxoglutarate aminotransferase	0	0.841901	0	0.841901	0	0.000160873
r_4573	3-Oxopropanoate:NAD+ oxidoreductase (decarboxylating, CoA-acetylating)	0	0.774036	0	0.774036	0	0.000160873
r_4574	3-Oxopropanoate:NADP+ oxidoreductase (decarboxylating, CoA-acetylating)	0	0.798409	0	0.798409	0	0.000160873
r_4575	3-oxopropanoate carboxy-lyase	0	0.833179	0	0.833179	0	0.000160873
r_4581	(2R,3S)-3-methylmalate:NAD+ oxidoreductase	0	1.31366	0	1.16484	0	0.210868
r_4582	malate/beta-methylmalate synthase	0	1.31366	0	1.16484	0	0.210868
r_4583	palmitoyl-CoA hydrolase	0	4.91415	0	0.167256	0	0.147635
r_4584	long-chain-fatty-acid---CoA ligase	0	4.91415	0	0.167256	0	0.147635
r_4585	a-galactosidase (stachyose)	0	0	0	0	0	0
r_4586	stachyose synthase	0	0	0	0	0	0
r_4587	Ca(2+) transport	0	1.9096e-05	0	1.9096e-05	0	1.90511e-05
r_4588	chloride transport	0	0.00011352	0	0.00011352	0	0.000113253
r_4589	Cu2(+) transport	0	5.7992e-05	0	5.7992e-05	0	5.78555e-05
r_4590	Mn(2+) transport	0	0.00024024	0	0.00024024	0	0.000239675
r_4591	Zn(2+) transport	0	6.5824e-05	0	6.5824e-05	0	6.56691e-05
r_4592	Mg(2+) transport	0	0.000109344	0	0.000109344	0	0.000109086
r_4593	chloride exchange	-0.00011352	0	-0.00011352	0	-0.000113253	0
r_4594	Cu2(+) exchange	-5.7992e-05	0	-5.7992e-05	0	-5.78555e-05	0
r_4595	Mn(2+) exchange	-0.00024024	0	-0.00024024	0	-0.000239675	0
r_4596	Zn(2+) exchange	-6.5824e-05	0	-6.5824e-05	0	-6.56691e-05	0
r_4597	Mg(2+) exchange	-0.000109344	0	-0.000109344	0	-0.000109086	0
r_4598	cofactor pseudoreaction	0	0.088	0	0.088	0	0.0877929
r_4599	ion pseudoreaction	0	0.088	0	0.088	0	0.0877929
r_4600	Ca(2+) exchange	-1.9096e-05	0	-1.9096e-05	0	-1.90511e-05	0
r_4601	3-(4-hydroxyphenyl)pyruvate transport	0	0	0	0	0	0
r_4602	acetate transport	0	0	0	0	0	0
r_4603	ADP-ribose transport	0	0	0	0	0	0
r_4604	farnesyl diphosphate transport	0	0	0	0	0	0
r_4605	nicotinate transport	0	0	0	0	0	0
r_4606	O-phosphoethanolamine transport	0	0	0	0	0	0
r_4607	phosphate transport	-8.32524	0	-8.32524	0	-7.68129	0
r_4608	propionyl-CoA transport	0	1.15967	0	0.756969	0	0.0830147
r_4609	UDP transport	0	8.32524	0	8.32524	0	1.32042
r_4610	UDP transport	-8.32524	0	-8.32524	0	-1.32042	0
r_4611	UMP transport	-8.32524	0	-8.32524	0	-1.32042	0
r_4612	TRX1 disulphide transport	0	0	0	0	0	0
r_4613	oleate transport	0	0	0	0	0	0
r_4614	(R)-acetoin transport	0	0	0	0	0	0
r_4615	L-glutamine transport	0	0	0	0	0	0
r_4616	UMP transport	0	0	0	0	0	0
r_4617	S-adenosyl-L-methionine transport	0	0	0	0	0	0
r_4618	glutathione transport	0	0	0	0	0	0
r_4619	ATP transport	0	0	0	0	0	0
r_4620	D-mannose 6-phosphate transport	0	0	0	0	0	0
r_4621	O-acetyl-L-serine transport	0	1.58787	0	1.14684	0	0.000816462
r_4622	hydrogen sulfide transport	0	0	0	0	0	0
r_4623	L-cysteinylglycine transport	0	0	0	0	0	0
r_4624	ATP transport	0	0	0	0	0	0
r_4625	thiosulfate transport	0	0	0	0	0	0
r_4626	sulphite transport	0	0	0	0	0	0
r_4627	UDP-D-glucose transport	0	0	0	0	0	0
r_4628	UDP-N-acetyl-alpha-D-glucosamine transport	0	0	0	0	0	0
r_4629	alcohol acyltransferase (hexanoyl-CoA)	0	0.22658	0	0.171784	0	0.0112617
r_4630	alcohol acyltransferase (octanoyl-CoA)	0	0.235962	0	0.174131	0	0.0148708
r_4631	alcohol acyltransferase (butyryl-CoA)	0	0.231662	0	0.170343	7.10543e-15	0.0102562
r_4632	alcohol acetyltransferase (hexanol)	0	0	0	0	0	0
r_4633	alcohol acyltransferase (decanoyl-CoA)	0	0.225265	0	0.178662	0	0.0296822
r_4634	ethyl hexanoate transport, mitochondrial	0	0.22658	0	0.171784	0	0.0112617
r_4635	ethyl octanoate transport, mitochondrial	0	0.235962	0	0.174131	0	0.0148708
r_4636	ethyl butanoate transport, mitochondrial	0	0.231662	0	0.170343	0	0.0102562
r_4637	hexyl acetate transport, mitochondrial	0	0	0	0	0	0
r_4638	ethyl decanoate transport, mitochondrial	0	0.225265	0	0.178662	0	0.0296822
r_4639	ethyl hexanoate transport	0	0.22658	0	0.171784	0	0.0112617
r_4640	ethyl octanoate transport	0	0.235962	0	0.174131	0	0.0148708
r_4641	ethyl butanoate transport	0	0.231662	0	0.170343	0	0.0102562
r_4642	hexyl acetate transport	0	0	0	0	0	0
r_4643	ethyl decanoate transport	0	0.225265	0	0.178662	0	0.0296822
r_4644	ethyl hexanoate exchange	0	0.22658	0	0.171784	0	0.0112617
r_4645	ethyl octanoate exchange	0	0.235962	0	0.174131	0	0.0148708
r_4646	ethyl butanoate exchange	0	0.231662	0	0.170343	0	0.0102562
r_4647	hexyl acetate exchange	0	0	0	0	0	0
r_4648	ethyl decanoate exchange	0	0.225265	0	0.178662	0	0.0296822
r_4649	mitochondrial ethanol O-acetyltransferase	0	2.50355	0	1.38544	0	0.677044
r_4650	ethyl acetate transport, mitochondrial	0	2.50355	0	1.38544	0	0.677044
r_4651	pyruvate decarboxylase (aldedyde-forming)	0	1.57958	0	1.48032	0	0.824049
r_4652	aldehyde dehydrogenase (1-propanol, NAD)	0	1.35305	0	1.35305	0	0.824049
r_4653	aldehyde dehydrogenase (1-propanol, NAD)	0	0	0	0	0	0
r_4654	aldehyde dehydrogenase (1-propanol, NADP)	0	1.29393	0	1.29393	0	0.824049
r_4655	1-propyl alcohol transport, mitochondrial	0	0	0	0	0	0
r_4656	propanal transport, cytosol	0	1.44209	0	1.44209	0	0.824049
r_4657	1-propyl alcohol transport, cytosol	0	1.35305	0	1.35305	0	0.824049
r_4658	propanal exchange	0	1.44209	0	1.44209	0	0.824049
r_4659	propanol exchange	0	1.35305	0	1.35305	0	0.824049
r_4660	2-oxo acid decarboxylase	0	0.413214	0	0.413214	0	0.000160873
r_4661	aldehyde dehydrogenase (methionol, NAD)	0	0.395108	0	0.395108	0	0.000160873
r_4662	aldehyde dehydrogenase (methionol, NAD)	0	0	0	0	0	0
r_4663	aldehyde dehydrogenase (methionol, NADP)	0	0.388738	0	0.388738	0	0.000160873
r_4664	methionol transport, mitochondrial	0	0	0	0	0	0
r_4665	methional transport, cytosol	0	0.413214	0	0.413214	0	0.000160873
r_4666	methionol transport, cytosol	0	0.395108	0	0.395108	0	0.000160873
r_4667	methional exchange	0	0.413214	0	0.413214	0	0.000160873
r_4668	methionol exchange	0	0.395108	0	0.395108	0	0.000160873
r_4669	pyruvate decarboxylase (hydroxy-phenyl)	0	0.628571	0	0.628571	0	0.0293689
r_4670	aldehyde dehydrogenase (tyrosol, NAD)	0	0.623801	0	0.623801	0	0.0293689
r_4671	aldehyde dehydrogenase (tyrosol, NAD)	0	0	0	0	0	0
r_4672	aldehyde dehydrogenase (tyrosol, NADP)	0	0.6	0	0.6	0	0.0293689
r_4673	tyrosol transport, mitochondrial	0	0	0	0	0	0
r_4674	(4-hydroxyphenyl)acetaldehyde transport, cytosol	0	0.628571	0	0.628571	0	0.0293689
r_4675	tyrosol transport, cytosol	0	0.623801	0	0.623801	0	0.0293689
r_4676	(4-hydroxyphenyl)acetaldehyde exchange	0	0.628571	0	0.628571	0	0.0293689
r_4677	tyrosol exchange	0	0.623801	0	0.623801	0	0.0293689
r_4678	aldehyde dehydrogenase	-1.09057	1.06502	-0.139544	0.162831	-0.000216869	0.0827978
r_4679	short-chain-fatty-acid-CoA ligase (propionate)	-1.09057	1.06502	-0.139544	0.162831	-0.000216869	0.0827978
r_4680	alcohol acyltransferase (propionyl-CoA)	0	0.790527	0	0.699439	1.38778e-17	0.0827978
r_4681	propionyl-CoA transport, mitochondrial	-1.09057	1.06502	-0.139544	0.162831	-0.000216869	0.0827978
r_4682	butyryl-CoA transport, mitochondrial	0	0.231662	0	0.170343	0	0.0102562
r_4683	hexanoyl-CoA transport, mitochondrial	0	0.22658	0	0.171784	0	0.0112617
r_4684	octanoyl-CoA transport, mitochondrial	0	0.235962	0	0.174131	0	0.0148708
r_4685	decanoyl-CoA transport, mitochondrial	0	0.225265	0	0.178662	0	0.0296822
r_4686	propionate transport, cytosol	-1.06502	1.09057	-0.162831	0.139544	-0.0827978	0.000216869
r_4687	alcohol acetyltransferase (tyrosol)	0	0.507692	0	0.507692	0	0.0293689
r_4688	tyrosyl acetate transport	0	0.507692	0	0.507692	0	0.0293689
r_4689	tyrosyl acetate exchange	0	0.507692	0	0.507692	0	0.0293689
r_4690	alcohol acetyltransferase (methionol)	0	0.382692	0	0.378576	0	0.000160873
r_4691	methionyl acetate transport	0	0.382692	0	0.378576	0	0.000160873
r_4692	methionyl acetate exchange	0	0.382692	0	0.378576	0	0.000160873
r_4693	alcohol acetyltransferase (propanol)	0	0.898718	0	0.898718	0	0.824049
r_4694	propyl acetate transport	0	0.898718	0	0.898718	0	0.824049
r_4695	propyl acetate exchange	0	0.898718	0	0.898718	0	0.824049
r_4697	ethyl propionate transport, mitochondrial	0	0.790527	0	0.699439	0	0.0827978
r_4698	ethyl propionate transport	0	0.790527	0	0.699439	0	0.0827978
r_4699	ethyl propionate exchange	0	0.790527	0	0.699439	0	0.0827978
r_4700	hydrogen sulfide transport	0	1.31825	0	1.31825	0	0.0544392
r_4701	L-cysteine hydrogen-sulfide-lyase (deaminating; pyruvate-forming)	0	1.58787	0	1.14684	0	0.000816462
r_4702	L-cysteine:2-oxoglutarate aminotransferase	0	1.15028	0	1.14949	0	0.0221919
r_4703	3-mercaptopyruvate sulfurtransferase	0	1.15028	0	1.14949	0	0.0221919
r_4705	taurocholate transport	0	0	0	0	0	0
r_4707	trithionate thiosulfohydrolase	0	0	0	0	0	0
r_4708	hydrogen sulfide exchange	0	1.31825	0	1.31825	0	0.0544392
r_4710	taurocholate exchange	0	0	0	0	0	0
r_4711	ethyl-(2S)-lactate esterase, c	0	1.01538	0	1.01538	0	1.01538
r_4712	ethyl-(2R)-lactate esterase, c	0	1.06353	0	1.06353	0	1.06353
r_4713	diethyl-succinate esterase, c	0	0	0	0	0	0
r_4714	monoethyl-succinate esterase, c	0	0	0	0	0	0
r_4715	ethyl-benzoate esterase, c	0	0	0	0	0	0
r_4716	ethyl-pyruvate esterase, c	0	1.1	0	1.1	0	1.1
r_4717	benzyl-acetate esterase, c	0	0	0	0	0	0
r_4718	isobutyraldehyde dehydrogenase, c	0	0.733333	0	0.660307	0	0.210868
r_4719	2-methylbutanal dehydrogenase, c	0	0.657997	0	0.655737	0	0.305186
r_4720	ethyl-isobutyrate esterase, c	0	0.733333	0	0.660307	0	0.210868
r_4721	ethyl-2-methylbutyrate esterase, c	0	0.657997	0	0.655737	0	0.305186
r_4722	polyphosphate polymerase, c	0	4.16262	0	4.16262	0	4.07369
r_4723	polyphosphate phosphohydrolase, v	0	500	0	27.5446	0	24.526
r_4724	polyphosphate phosphohydrolase, m	0	6.0555	0	6.0555	0	3.95117
r_4725	polyphosphate phosphohydrolase, n	0	0	0	0	0	0
r_4726	ethyl-(2S)-lactate transport	0	1.01538	0	1.01538	0	1.01538
r_4727	ethyl-(2S)-lactate exchange	0	1.01538	0	1.01538	0	1.01538
r_4728	ethyl-(2R)-lactate transport	0	1.06353	0	1.06353	0	1.06353
r_4729	ethyl-(2R)-lactate exchange	0	1.06353	0	1.06353	0	1.06353
r_4730	diethyl-succinate transport	0	0	0	0	0	0
r_4731	diethyl-succinate exchange	0	0	0	0	0	0
r_4732	monoethyl-succinate transport	0	0	0	0	0	0
r_4733	monoethyl-succinate exchange	0	0	0	0	0	0
r_4734	ethyl-benzoate transport	0	0	0	0	0	0
r_4735	ethyl-benzoate exchange	0	0	0	0	0	0
r_4736	ethyl-pyruvate transport	0	1.1	0	1.1	0	1.1
r_4737	ethyl-pyruvate exchange	0	1.1	0	1.1	0	1.1
r_4738	benzyl-acetate transport	0	0	0	0	0	0
r_4739	benzyl-acetate exchange	0	0	0	0	0	0
r_4740	ethyl-isobutyrate transport	0	0.733333	0	0.660307	0	0.210868
r_4741	ethyl-isobutyrate exchange	0	0.733333	0	0.660307	0	0.210868
r_4742	ethyl-2-methylbutyrate transport	0	0.657997	0	0.655737	0	0.305186
r_4743	ethyl-2-methylbutyrate exchange	0	0.657997	0	0.655737	0	0.305186
r_4744	polyphosphate transport, v-c	-500	4.16262	-27.5446	4.16262	-24.526	4.07369
r_4745	polyphosphate transport, c-m	0	6.0555	0	6.0555	0	3.95117
r_4746	polyphosphate transport, c-n	0	0	0	0	0	0
r_4747	cytidine kinase (ATP)	0	8.32524	0	8.32524	0	8.14737
r_4748	D-glyceraldehyde kinase	0	0	0	0	0	0
r_4749	adenosine phosphorylase	-0.841901	4.91415	-0.841901	4.91415	-0.000160873	0.291718
r_4750	D-glucose 1-epimerase	0	0	0	0	0	0
r_4751	D-phenylalanine N-acetyltransferase	0	0	0	0	0	0
r_4752	S-adenosylmethioninamine:cadaverine 3-aminopropyltransferase	0	0	0	0	0	0
r_4753	thiamine phosphate synthase	0	0	0	0	0	0
r_4754	flavin prenyltransferase	0	0	0	0	0	0
r_4755	(R)-2-hydroxyglutarate:pyruvate oxidoreductase	0	0	0	0	0	0
r_4756	cytidine nucleosidase	0	1.72246	0	1.72246	0	0.149812
r_4757	D-ribulokinase	0	0	0	0	0	0
r_4758	deoxyguanosine phosphorylase	0	0	0	0	0	0
r_4760	trans-4-hydroxy-L-proline dehydrogenase	0	5.77363	0	5.77363	0	4.55347
r_4761	3-hydroxykynurenine aminotransferase (2-oxoglutarate)	0	0	0	0	0	0
r_4762	(S)-3-hydroxyisobutyryl-CoA hydrolase	0	0	0	0	0	0
r_4763	meso-2,3-butanediol dehydrogenase	0	0	0	0	0	-1.77636e-15
r_4764	5-methylcytosine deaminase	0	0	0	0	0	0
r_4765	ureidoglycolate hydrolase	0	0	0	0	0	0
r_4766	guanylate cyclase	0	4.91415	0	4.91415	0	4.4547
r_4767	kynurenine aminotransferase (2-oxoglutarate)	0	0	0	0	0	0
r_4768	farnesyl diphosphatase	0	0	0	0	0	0
r_4769	bis(5'-adenosyl)-triphosphatase	0	0	0	0	0	0
r_4770	nucleoside diphosphate kinase	0	0	0	0	0	0
r_4771	nucleoside diphosphate kinase	0	0	0	0	0	0
r_4772	nucleoside diphosphate kinase	0	0	0	0	0	0
r_4773	nucleoside diphosphate kinase	0	0	0	0	0	0
r_4774	nucleoside diphosphate kinase	0	0	0	0	0	0
r_4775	nucleoside diphosphate kinase	0	8.19026	0	8.19026	0	0.467462
r_4776	nucleoside diphosphate kinase	0	0	0	0	0	0
r_4777	nucleoside diphosphate kinase	0	0	0	0	0	0
r_4778	nucleoside diphosphate kinase	0	0	0	0	0	0
r_4779	heme a transport, cytoplasm-extracellular	0	0.0872194	0	0.0654273	0	0.000147353
r_4780	heme a exchange	0	0.0872194	0	0.0654273	0	0.000147353
r_4781	HET-P synthase (thiazole synthase)	0	1.056e-07	0	1.05598e-07	0	1.05352e-07
r_4782	adenylated thiazole synthase	0	1.056e-07	0	1.05598e-07	0	1.05352e-07
r_4783	oxaloacetate/sulphate antiport, mitochondrial	-1000	16.545	-41.472	9.71003	-0.0734419	0.0734419
r_4784	malate/sulphate antiport, mitochondrial	-16.545	1000	-9.71003	41.472	-0.0734419	0.0734419
